age,time_on_site,pages_viewed,previous_purchases,cart_items,discount_seen,ad_clicked,returning_user,avg_session_time,bounce_rate,device_type_Mobile,device_type_Tablet,gender_Male,purchase
1.0292007183603815,1.6099310730231249,1.2914512119452566,1.6327709453370634,-0.5435169304319671,0.0,1.0,1.0,0.4111382699250446,-1.3793862358625095,True,False,True,1.0
-0.46726194801669335,-0.0023298602442789395,0.36990833267347806,0.23585396408739168,0.8554166764414635,0.0,1.0,1.0,0.6085186928881161,-1.2859211866017524,False,False,False,1.0
-1.46490372560141,0.002490052859659385,-0.9202516983070119,1.1671319515871728,-1.2429837338686824,1.0,0.0,1.0,0.349075353426347,1.713550927358352,False,False,False,1.0
0.2809693851718441,-1.742318490766051,0.0012911809647666106,-0.46260452653744416,-1.2429837338686824,0.0,1.0,1.0,-1.5362129133291744,-1.574563250495267,True,False,True,1.0
-1.049219651607778,-0.04329912162775555,-0.9202516983070119,0.9343124547122276,-0.5435169304319671,1.0,1.0,0.0,-0.6958199784451697,0.7813057852832271,True,False,True,1.0
-1.714314169997589,-0.5927692154767363,-0.5516345465983006,0.9343124547122276,0.5056832747231058,1.0,0.0,1.0,-0.8067192882543182,-0.7364704006901694,True,False,False,1.0
1.3617479775552872,-0.3445436906239072,1.4757597877996123,0.9343124547122276,1.5548834798781788,0.0,0.0,0.0,-0.948141343882498,-1.1663409029887248,True,False,True,1.0
0.8629270887629288,0.617028973611809,-1.4731774258700792,-1.6267020109121706,0.8554166764414635,0.0,0.0,0.0,-0.02024987098393604,1.309795659412067,False,True,False,1.0
-1.714314169997589,-0.38671793028336865,0.18559975681912233,-1.3938825140372253,0.8554166764414635,1.0,1.0,0.0,0.2829427374851119,1.4603018784422566,False,False,True,1.0
-1.3817669108026835,-1.151879135533594,-0.3673259707439448,0.23585396408739168,-0.8932503321503247,0.0,1.0,0.0,-1.1668876889188915,1.0723531997091875,True,False,True,1.0
-1.1323564664065044,1.2279529595360046,0.7385254843821895,0.003034467212446404,-0.8932503321503247,0.0,0.0,0.0,1.3512388411512195,0.8424704131082814,True,False,False,1.0
1.3617479775552872,-0.7711060003224581,0.18559975681912233,0.7014929578372823,1.5548834798781788,1.0,1.0,0.0,-0.5381191250468397,-1.1897071653039142,True,False,False,1.0
-1.3817669108026835,0.9291183470918222,0.7385254843821895,-0.46260452653744416,-1.2429837338686824,0.0,1.0,0.0,1.888439167566177,1.2936454486942157,False,False,False,1.0
1.3617479775552872,0.4808664284255481,-1.4731774258700792,0.23585396408739168,0.8554166764414635,1.0,1.0,0.0,-0.16167192661211588,0.6562275575960376,False,False,True,1.0
1.1123375331591079,-1.2169479624367625,-1.1045602741613676,1.399951448462118,1.5548834798781788,0.0,1.0,1.0,-1.2289506054175892,-0.5213633387885742,False,False,True,1.0
-0.7166723924128725,-0.3963577564912453,0.7385254843821895,1.399951448462118,1.205150078159821,1.0,1.0,0.0,-0.8870958522444348,0.140108057634063,False,True,False,1.0
1.1954743479578342,-1.512167640052991,-0.5516345465983006,-1.6267020109121706,0.15594987300474816,0.0,0.0,0.0,-1.212671807647439,0.5033159880334023,True,False,False,1.0
-0.2178515036205142,0.43748721049010236,0.0012911809647666106,0.468673460962337,-0.8932503321503247,1.0,0.0,0.0,0.0692835167518902,1.4620199859654321,True,False,False,1.0
-0.8829460220103252,-1.2639421152001622,0.0012911809647666106,0.7014929578372823,0.5056832747231058,1.0,0.0,0.0,-1.0570058039703776,0.48785302032482103,False,False,True,1.0
1.1123375331591079,0.65920321327127,1.4757597877996123,1.1671319515871728,0.5056832747231058,1.0,0.0,1.0,0.5311944034799024,-0.14578503422237035,False,False,True,1.0
0.6135166443667497,0.22059112081287305,-0.3673259707439448,-1.16106301716228,0.8554166764414635,0.0,1.0,0.0,-0.5655895962839681,-0.26536531783539763,True,False,False,1.0
-1.5480405404001363,1.3496557654104497,0.7385254843821895,0.468673460962337,1.5548834798781788,1.0,0.0,0.0,-0.0446680676391612,-1.2845467005832116,True,False,False,1.0
0.19783257037311774,-0.9482378068921953,0.9228340602365452,1.6327709453370634,-1.2429837338686824,1.0,1.0,1.0,-0.9135488986209289,-0.611735794507615,False,False,True,1.0
-1.714314169997589,-0.7506213696307198,0.7385254843821895,-0.9282435202873347,1.5548834798781788,1.0,0.0,0.0,-0.7863707910416303,-1.3553327305380498,True,False,True,1.0
-0.8829460220103252,0.6351036477515779,0.5542169085278338,0.003034467212446404,-1.2429837338686824,0.0,0.0,1.0,0.43555646658027014,0.10643315017981977,False,False,False,1.0
-1.2154932812052308,-1.154289092085563,-1.2888688500157235,-1.16106301716228,-1.2429837338686824,1.0,0.0,1.0,-0.7751791175746522,1.0156556514443904,False,False,True,1.0
0.03155894077566496,0.5495501901566707,-0.7359431224526563,-1.3938825140372253,-1.59271713558704,1.0,0.0,1.0,1.2596706036941245,1.0565466104959715,True,False,True,1.0
1.52802160715274,0.65920321327127,-1.2888688500157235,-0.6954240234123894,-1.59271713558704,0.0,1.0,1.0,0.11710248520170634,-1.5350467774622263,False,False,False,1.0
0.3641061999705705,-0.5650547151290903,0.9228340602365452,0.23585396408739168,0.8554166764414635,1.0,0.0,1.0,-0.5666070211446025,-0.8694519229839672,True,False,False,1.0
1.6942952367501927,-1.6218206631675904,-0.1830173948895891,1.399951448462118,0.8554166764414635,0.0,0.0,1.0,-1.453801499617789,-0.44645385077811456,True,False,True,1.0
0.4472430147692969,0.7531915187980694,1.107142636090901,0.7014929578372823,-0.8932503321503247,0.0,0.0,0.0,0.19137450002801673,-0.8130979962238049,True,False,True,1.0
0.7797902739642024,0.5025560373932715,-1.4731774258700792,-1.6267020109121706,1.5548834798781788,1.0,1.0,1.0,-0.01109304723822638,1.6317690092551893,False,True,True,1.0
0.6135166443667497,-0.8229200661897962,-0.3673259707439448,1.6327709453370634,0.5056832747231058,0.0,0.0,0.0,-0.6042517409880748,-1.4567010744054152,False,False,False,1.0
1.52802160715274,0.631488712923624,0.5542169085278338,0.468673460962337,-0.5435169304319671,0.0,1.0,0.0,-0.507596379227808,1.1613511694096879,True,False,False,1.0
0.6135166443667497,-0.9446228720642414,-1.6574860017244348,-0.2297850296624989,0.5056832747231058,0.0,0.0,0.0,-0.7212555999610294,1.7097710908073656,True,False,True,1.0
-1.3817669108026835,-0.7578512392866273,0.18559975681912233,-1.6267020109121706,-0.8932503321503247,1.0,1.0,1.0,-0.607304015569978,0.44283860321761814,False,True,False,1.0
-0.5503987628154198,-1.2193579189887318,1.4757597877996123,1.6327709453370634,0.5056832747231058,1.0,1.0,0.0,-1.2055498336229982,0.7916144304222816,True,False,True,1.0
-1.5480405404001363,1.5520921157758636,0.18559975681912233,1.1671319515871728,-0.8932503321503247,1.0,0.0,0.0,2.0736104922016354,0.7108633768330243,False,False,False,1.0
-1.2986300960039572,0.3471138397912569,0.0012911809647666106,1.6327709453370634,-0.5435169304319671,1.0,0.0,0.0,0.30736093414033705,0.16072534791217125,False,False,False,1.0
-1.5480405404001363,-0.415637408906999,-0.5516345465983006,1.6327709453370634,-0.19378352871360946,1.0,0.0,0.0,-0.7202381751003951,0.9314683828087819,True,False,False,1.0
1.6942952367501927,0.08201861907464345,-1.4731774258700792,-0.46260452653744416,-0.5435169304319671,0.0,0.0,1.0,-0.6052691658487093,-1.0371392172459137,True,False,False,1.0
0.696653459165476,0.024179661827382272,0.36990833267347806,-0.6954240234123894,-0.19378352871360946,1.0,1.0,0.0,0.16390402879088828,1.252067246633364,False,False,True,1.0
1.2786111627565606,0.617028973611809,1.2914512119452566,1.399951448462118,0.15594987300474816,1.0,0.0,1.0,-0.38448797109104704,1.6108080974724461,True,False,False,1.0
0.9460639035616552,-0.15656707957030874,-1.4731774258700792,1.399951448462118,-1.2429837338686824,1.0,1.0,1.0,0.3795980992453787,-1.416497358363104,False,False,True,1.0
-0.2178515036205142,0.6399235608555163,0.0012911809647666106,-1.6267020109121706,-1.2429837338686824,0.0,1.0,1.0,0.036725921211589754,1.0125630579026739,False,False,False,1.0
1.6111584219514663,-0.9940269813796103,0.9228340602365452,-0.2297850296624989,0.15594987300474816,1.0,0.0,0.0,-0.4719865091056044,1.667849267241879,False,False,True,1.0
-1.6311773551988626,-0.0023298602442789395,-1.1045602741613676,0.23585396408739168,0.5056832747231058,1.0,1.0,0.0,-0.3966970694186596,-0.05609982151259981,False,True,True,1.0
-0.46726194801669335,0.12419285873410486,1.107142636090901,-0.46260452653744416,-0.19378352871360946,1.0,0.0,1.0,-0.5889903680785591,-0.3069435198962492,False,False,True,1.0
-0.051577874023061424,-1.6579700114471287,1.2914512119452566,-0.9282435202873347,0.5056832747231058,0.0,1.0,0.0,-1.4934810691825302,-1.3168471220189146,True,False,True,1.0
0.5303798295680233,0.5844945601602247,0.9228340602365452,0.23585396408739168,-1.59271713558704,0.0,1.0,0.0,0.43555646658027014,0.7252954800277001,True,False,False,1.0
0.3641061999705705,-1.0386111775910407,-0.9202516983070119,1.6327709453370634,-0.19378352871360946,1.0,1.0,1.0,-0.5320145758830332,0.9063840129704167,True,False,False,1.0
0.03155894077566496,-1.050660960350887,1.4757597877996123,0.468673460962337,-1.59271713558704,1.0,1.0,0.0,-1.1302603939360536,-0.10558131818005935,True,False,False,1.0
-1.2154932812052308,-1.6025410107518367,-1.2888688500157235,-0.2297850296624989,-0.19378352871360946,1.0,1.0,0.0,-1.4476969504539827,0.1638179414538876,True,False,False,1.0
-0.8829460220103252,0.5109908853251633,-1.6574860017244348,-0.6954240234123894,0.5056832747231058,1.0,0.0,0.0,-0.08841733664644005,0.12601957594402255,True,False,True,1.0
-1.6311773551988626,0.06514892321085888,1.2914512119452566,-1.6267020109121706,-0.5435169304319671,0.0,1.0,1.0,-0.3987319191399284,-0.2608982382751408,False,True,False,1.0
-0.051577874023061424,-0.8952187627488726,0.36990833267347806,-1.16106301716228,0.5056832747231058,1.0,1.0,0.0,-0.5513456482350866,0.1060895286751847,True,False,False,1.0
-1.6311773551988626,-0.7433914999748121,1.107142636090901,-0.6954240234123894,-0.5435169304319671,0.0,1.0,0.0,-0.9288102715304447,-0.6801164739300071,True,False,True,1.0
-0.8829460220103252,0.8110304760453306,-0.5516345465983006,0.7014929578372823,0.5056832747231058,1.0,0.0,0.0,1.0073492382567961,0.7819930282924977,True,False,True,1.0
-0.051577874023061424,0.28565994771604214,-0.1830173948895891,0.23585396408739168,-0.8932503321503247,0.0,0.0,0.0,0.07640549077633095,0.6541658285682271,False,False,False,1.0
-0.8829460220103252,-1.3892598559025613,-1.1045602741613676,-1.6267020109121706,1.205150078159821,0.0,1.0,1.0,-1.1088944718627314,0.012968100919062753,True,False,False,1.0
-0.30098831841924056,0.7821109974216999,0.18559975681912233,-0.46260452653744416,0.5056832747231058,1.0,1.0,0.0,0.5464557763894184,1.4372792376317023,False,False,False,1.0
0.7797902739642024,0.059124031830935765,1.2914512119452566,0.468673460962337,-0.19378352871360946,0.0,0.0,1.0,-0.46181226049926055,-0.139943468643573,True,False,True,1.0
-1.46490372560141,0.5278605811889479,-1.6574860017244348,-0.2297850296624989,-1.2429837338686824,1.0,0.0,1.0,0.11201536089853469,-1.537108506490037,True,False,True,1.0
0.5303798295680233,-1.5724165538522215,1.2914512119452566,0.003034467212446404,0.5056832747231058,0.0,1.0,1.0,-1.2879612473343838,0.4510855193288615,True,False,False,1.0
1.2786111627565606,-0.5132406492617523,-1.4731774258700792,-0.9282435202873347,-0.5435169304319671,1.0,0.0,1.0,-0.8453814329584248,-0.3708571197583845,True,False,False,1.0
-0.9660828368090516,-1.5350622272966987,-0.5516345465983006,0.003034467212446404,1.205150078159821,1.0,0.0,1.0,-1.188253610992214,1.2455384380452963,True,False,True,1.0
-0.30098831841924056,0.07960866252267429,-1.6574860017244348,1.6327709453370634,-0.19378352871360946,1.0,0.0,0.0,0.42436479311329156,0.8569025163029572,False,True,False,1.0
0.6135166443667497,-0.7903856527382119,-0.7359431224526563,-0.46260452653744416,0.15594987300474816,1.0,0.0,0.0,-0.5676244460052369,0.1858097177505363,False,False,True,1.0
-1.46490372560141,-1.3326258769312849,0.7385254843821895,-0.9282435202873347,0.15594987300474816,1.0,1.0,1.0,-0.9430542195793262,0.8400650625758357,False,True,True,1.0
-1.049219651607778,-0.2915246464805846,-0.9202516983070119,1.6327709453370634,-1.59271713558704,0.0,0.0,0.0,0.25241999166608015,0.2930196271966987,True,False,False,1.0
-1.46490372560141,1.2665122643675122,1.4757597877996123,-1.3938825140372253,-1.2429837338686824,0.0,0.0,0.0,1.8619861211896822,-1.323375930606982,True,False,True,1.0
0.19783257037311774,-0.7108570865232278,0.36990833267347806,-0.2297850296624989,1.5548834798781788,1.0,0.0,0.0,-0.5157357781128831,1.4599582569376213,True,False,False,1.0
-0.6335355776141461,1.3351960260986344,-1.1045602741613676,1.6327709453370634,0.8554166764414635,0.0,0.0,1.0,1.5252184923196996,0.8211658798209033,True,False,True,1.0
0.3641061999705705,-0.8096653051539656,0.9228340602365452,1.6327709453370634,-0.8932503321503247,0.0,1.0,1.0,-0.6164608393156875,-0.6357892998320746,False,True,True,1.0
0.19783257037311774,-0.03847920852381723,0.5542169085278338,0.9343124547122276,-0.19378352871360946,1.0,1.0,1.0,0.43759131630153886,-0.9715075098606026,False,True,False,1.0
-0.7998092072115989,0.34108894841133375,-1.4731774258700792,0.003034467212446404,1.5548834798781788,0.0,1.0,0.0,0.1954441994705542,1.2709664293882963,False,False,False,1.0
0.03155894077566496,1.055641066070206,-0.7359431224526563,-1.6267020109121706,-0.19378352871360946,0.0,1.0,1.0,1.5750723104907849,-0.1863323717693164,False,False,True,1.0
1.6111584219514663,-0.2433255154412003,0.36990833267347806,-1.6267020109121706,0.15594987300474816,1.0,0.0,1.0,-0.27358866128189857,0.543176082571078,True,False,True,1.0
-0.46726194801669335,1.0038270002028675,-0.3673259707439448,0.7014929578372823,-0.5435169304319671,1.0,0.0,0.0,0.4426784406047109,-0.05163274195234295,False,False,False,1.0
-0.7998092072115989,0.5049659939452407,-1.6574860017244348,-0.9282435202873347,1.205150078159821,0.0,1.0,1.0,0.25852454082988635,0.4912892353711722,False,False,True,1.0
-0.1347146888217878,1.5894464423313868,0.5542169085278338,0.9343124547122276,-1.59271713558704,0.0,0.0,1.0,2.093958989414323,-0.2485278641082759,True,False,True,1.0
1.2786111627565606,-1.0374061993150563,-0.1830173948895891,-1.16106301716228,0.8554166764414635,0.0,1.0,1.0,-1.0020648614961205,0.08066153733218455,True,False,True,1.0
0.9460639035616552,1.3689354178262034,1.107142636090901,-0.9282435202873347,-1.59271713558704,0.0,1.0,0.0,0.3195700324679498,-0.005931081835869888,False,False,False,1.0
1.2786111627565606,1.7075343133778782,-0.9202516983070119,1.6327709453370634,0.15594987300474816,0.0,1.0,1.0,2.056314269570851,1.1111824297329582,True,False,False,1.0
-1.2986300960039572,0.2615603821963501,-1.1045602741613676,-1.16106301716228,-1.2429837338686824,1.0,0.0,0.0,0.6695641845261792,0.24250726601533376,True,False,True,1.0
1.2786111627565606,0.923093455711899,1.2914512119452566,-1.3938825140372253,0.8554166764414635,1.0,1.0,0.0,-0.05992944054867706,-0.4031575411940872,False,False,False,1.0
-1.6311773551988626,1.5014830281845104,0.7385254843821895,-1.3938825140372253,-0.5435169304319671,1.0,1.0,1.0,0.794707442384209,-0.9715075098606026,False,False,False,1.0
0.5303798295680233,0.9375531950237144,0.9228340602365452,-0.6954240234123894,0.15594987300474816,1.0,0.0,0.0,1.3644653643394666,1.5224973707812162,True,False,True,1.0
-0.5503987628154198,-1.013306633795364,1.4757597877996123,1.399951448462118,-0.5435169304319671,1.0,1.0,1.0,-0.4923350063182921,-1.2110116985912927,False,False,True,1.0
-1.1323564664065044,1.5557070506038175,-1.2888688500157235,-0.9282435202873347,0.15594987300474816,1.0,1.0,0.0,0.6604073607804697,0.06691667714677915,True,False,False,1.0
0.9460639035616552,-1.7049641642105284,-0.3673259707439448,0.9343124547122276,0.15594987300474816,0.0,0.0,1.0,-1.4863590951580896,1.1596330618865123,True,False,True,1.0
-1.5480405404001363,-0.41925234373495296,1.107142636090901,0.468673460962337,1.205150078159821,1.0,0.0,0.0,-0.3458258263869402,0.47101556659769933,True,False,False,1.0
0.9460639035616552,-0.7723109785984428,-1.1045602741613676,0.468673460962337,-0.8932503321503247,1.0,0.0,0.0,-0.8077367131149525,-0.29904022528964114,True,False,False,1.0
0.19783257037311774,-0.5855393458208286,1.107142636090901,-1.3938825140372253,-0.19378352871360946,0.0,1.0,0.0,-0.15353252772704076,-0.22791057383016794,True,False,True,1.0
-0.9660828368090516,-1.457943617633684,0.9228340602365452,-1.6267020109121706,1.205150078159821,0.0,1.0,0.0,-1.2788044235886742,-0.8907564562713456,False,False,True,1.0
-0.8829460220103252,1.1689090240127586,0.9228340602365452,-0.9282435202873347,-0.19378352871360946,1.0,1.0,0.0,0.06826609189125567,-0.7471226673338587,True,False,False,1.0
1.2786111627565606,-0.7108570865232278,-1.2888688500157235,1.6327709453370634,1.205150078159821,1.0,0.0,1.0,-1.0692149022979902,0.9441823784802821,True,False,True,1.0
-1.6311773551988626,-1.5109626617770067,-0.3673259707439448,0.7014929578372823,-0.19378352871360946,1.0,0.0,1.0,-1.3734249356276724,0.8847358581784033,True,False,False,1.0
1.6111584219514663,-1.1253696134619324,1.2914512119452566,0.9343124547122276,-0.19378352871360946,0.0,0.0,1.0,-0.8362246092127154,0.7696226541256329,False,False,True,1.0
0.6135166443667497,-0.4409419527026759,1.107142636090901,0.7014929578372823,0.15594987300474816,0.0,1.0,0.0,-0.7375343977311797,1.5197483987441351,True,False,True,1.0
-0.051577874023061424,-1.6989392728306052,-0.5516345465983006,1.6327709453370634,-1.2429837338686824,0.0,1.0,0.0,-1.463975748224133,-0.49524810443630374,True,False,False,1.0
-0.5503987628154198,0.11816796735418174,1.6600683636539681,0.9343124547122276,-0.5435169304319671,1.0,1.0,0.0,-0.37940084678787506,1.0331803481807824,True,False,True,1.0
0.8629270887629288,-0.49275601857001394,0.7385254843821895,-0.9282435202873347,0.5056832747231058,0.0,0.0,1.0,-0.507596379227808,-1.0550075354869408,False,False,False,1.0
0.2809693851718441,-1.406129551766346,1.107142636090901,0.9343124547122276,1.5548834798781788,1.0,1.0,0.0,-1.0397095813395931,-0.5622542978401553,True,False,False,1.0
0.7797902739642024,0.15190735908175088,-0.7359431224526563,0.003034467212446404,-1.2429837338686824,0.0,1.0,0.0,-0.034493819032817355,-1.1402256686364545,False,False,True,1.0
-1.46490372560141,-0.624098650652336,-0.7359431224526563,1.6327709453370634,0.15594987300474816,0.0,0.0,0.0,-0.47096908424497,1.0850671953806876,True,False,False,1.0
1.2786111627565606,0.1061181845943355,0.5542169085278338,-0.6954240234123894,0.5056832747231058,0.0,0.0,0.0,-0.6398616111102785,-1.6515344675335375,True,False,False,1.0
0.4472430147692969,0.20372142494908893,0.9228340602365452,0.23585396408739168,0.15594987300474816,0.0,1.0,1.0,0.32770943135302477,-0.1464722772316405,False,True,False,1.0
0.9460639035616552,0.641128539131501,-0.5516345465983006,1.399951448462118,-0.5435169304319671,0.0,1.0,1.0,0.6125883923306535,0.8517481937334305,False,False,True,1.0
1.1123375331591079,0.36157357910307225,0.18559975681912233,1.399951448462118,-1.2429837338686824,0.0,1.0,0.0,0.8242127633426065,-0.8526144692568455,True,False,False,1.0
0.6135166443667497,1.4243644185214954,0.36990833267347806,-0.9282435202873347,1.205150078159821,0.0,0.0,1.0,0.4050337207612384,1.1785322446414448,False,False,True,1.0
1.1123375331591079,-1.2615321586481931,1.4757597877996123,-0.6954240234123894,0.15594987300474816,0.0,1.0,1.0,-1.3164491434321466,-0.7405938587457912,False,False,True,1.0
0.19783257037311774,0.4278473842822257,-0.5516345465983006,-1.16106301716228,-0.19378352871360946,1.0,0.0,1.0,0.8923802290051103,-1.1491598277569681,False,False,True,1.0
-0.1347146888217878,0.3013246653038419,0.9228340602365452,-0.2297850296624989,-0.19378352871360946,0.0,0.0,1.0,-0.14844540342386894,-0.8433366886316969,True,False,True,1.0
-1.2986300960039572,0.5206307115330404,0.36990833267347806,0.23585396408739168,0.8554166764414635,0.0,1.0,1.0,-0.41297586718880985,0.3407830163409827,True,False,True,1.0
0.7797902739642024,1.229157937811989,-0.9202516983070119,-1.3938825140372253,-0.8932503321503247,1.0,1.0,1.0,1.8619861211896822,1.53143152990173,True,False,True,1.0
0.9460639035616552,-1.5230124445368527,0.18559975681912233,0.7014929578372823,-1.59271713558704,1.0,1.0,0.0,-1.1404346425423972,-0.566377755895777,True,False,True,1.0
-0.5503987628154198,1.3520657219624188,1.6600683636539681,-0.9282435202873347,0.15594987300474816,0.0,1.0,1.0,0.7072089043696517,0.36208754962836104,True,False,True,1.0
-0.30098831841924056,-0.3409287557959535,0.0012911809647666106,0.23585396408739168,-0.19378352871360946,0.0,1.0,0.0,-0.47300393396623874,1.24244584450358,False,False,False,1.0
0.8629270887629288,-1.4965029224651913,-0.3673259707439448,-0.2297850296624989,-0.8932503321503247,1.0,1.0,1.0,-1.3795294847914787,-0.36673366170276295,False,False,False,1.0
1.1123375331591079,0.9062237598481144,-1.6574860017244348,-0.6954240234123894,1.5548834798781788,1.0,1.0,0.0,-0.21661286908637295,-1.383166072413496,False,False,True,1.0
-1.5480405404001363,-1.1627239400174554,0.5542169085278338,0.468673460962337,-0.5435169304319671,0.0,0.0,0.0,-1.2950832213588246,1.6836558564550952,True,False,True,1.0
-1.049219651607778,-1.2181529407127474,0.5542169085278338,1.1671319515871728,-0.5435169304319671,0.0,1.0,0.0,-1.2615082009578897,-0.12997844500915406,False,True,True,1.0
0.2809693851718441,0.4820714067015329,-0.7359431224526563,-0.2297850296624989,0.15594987300474816,0.0,1.0,1.0,-0.01618017154139839,-0.41518429385631705,True,False,True,1.0
-0.9660828368090516,0.4989411025653175,-0.9202516983070119,0.23585396408739168,0.8554166764414635,1.0,0.0,0.0,-0.02024987098393604,-1.4841907947762258,True,False,False,1.0
1.2786111627565606,1.3231462433387886,-0.5516345465983006,-0.9282435202873347,0.15594987300474816,0.0,0.0,0.0,0.26666393971496166,-1.0776865547928598,True,False,False,1.0
-0.1347146888217878,-1.7158089686943898,-0.1830173948895891,-0.9282435202873347,-0.8932503321503247,0.0,1.0,0.0,-1.4293833029625638,0.8799251571135114,True,False,True,1.0
0.9460639035616552,-1.6085659021317598,0.7385254843821895,-0.46260452653744416,-1.59271713558704,0.0,1.0,0.0,-1.3978431322828977,0.0009413482568329351,True,False,False,1.0
0.2809693851718441,1.615955964403048,0.5542169085278338,1.1671319515871728,0.5056832747231058,0.0,0.0,0.0,1.4295805554200673,-0.8594868993495483,True,False,True,1.0
0.2809693851718441,-0.9759523072398412,1.2914512119452566,0.003034467212446404,1.5548834798781788,0.0,0.0,1.0,-0.6927677038632667,-0.8069128091403724,False,False,False,1.0
0.3641061999705705,-1.1976683100210088,1.2914512119452566,1.6327709453370634,-1.2429837338686824,1.0,1.0,0.0,-0.9277928466698102,0.42256493444414495,True,False,False,1.0
-0.1347146888217878,-0.5011908665019063,0.36990833267347806,1.6327709453370634,1.5548834798781788,0.0,0.0,0.0,-0.4689342345237011,0.09784261256394136,True,False,False,1.0
0.3641061999705705,-0.3469536471758766,0.36990833267347806,-0.9282435202873347,0.5056832747231058,1.0,0.0,0.0,-0.41399329204944424,-0.014177997947112981,False,True,False,1.0
-0.2178515036205142,-1.1868235055371474,-0.9202516983070119,0.003034467212446404,-1.59271713558704,1.0,1.0,1.0,-1.1322952436573224,1.7022114177053926,True,False,False,1.0
0.19783257037311774,-0.17343677543409308,-0.9202516983070119,-0.9282435202873347,0.8554166764414635,1.0,1.0,0.0,-0.46079483563862617,1.5376167169851622,True,False,False,1.0
-1.1323564664065044,-0.7831557830823042,0.5542169085278338,1.1671319515871728,-0.8932503321503247,0.0,0.0,1.0,-0.6846283049781915,1.0991556770707283,False,False,True,1.0
1.2786111627565606,-0.7759259134263965,-1.2888688500157235,-1.6267020109121706,0.15594987300474816,1.0,1.0,0.0,-0.29393715849458646,0.798486860514984,False,True,True,1.0
-1.3817669108026835,-1.5025278138451146,1.2914512119452566,-0.9282435202873347,0.15594987300474816,0.0,1.0,0.0,-1.280839273309943,1.2915837196664048,True,False,True,1.0
0.2809693851718441,-0.46504151822236794,0.18559975681912233,-0.9282435202873347,-0.5435169304319671,1.0,0.0,1.0,-0.15353252772704076,0.9531165376007953,True,False,True,1.0
1.1954743479578342,1.308686504026973,1.6600683636539681,0.7014929578372823,0.15594987300474816,0.0,0.0,0.0,0.4345390417196356,-1.0340466237041974,False,True,True,1.0
-0.2178515036205142,1.5822165726754789,-0.9202516983070119,1.6327709453370634,-0.19378352871360946,1.0,1.0,1.0,1.0785689785012036,0.8733963485254439,True,False,True,1.0
-1.3817669108026835,0.019359748723443947,-0.7359431224526563,1.6327709453370634,-0.19378352871360946,0.0,0.0,0.0,-0.40178419372183166,-0.964978701272535,True,False,True,1.0
0.6135166443667497,0.8291051501850996,1.6600683636539681,-1.3938825140372253,1.205150078159821,0.0,1.0,1.0,-0.11690523274420285,-0.19114307283420834,True,False,True,1.0
-1.1323564664065044,-1.5977210976478984,1.2914512119452566,1.6327709453370634,1.205150078159821,1.0,0.0,0.0,-1.37749463507021,0.21604841015842816,False,False,True,1.0
-1.3817669108026835,-1.2543022889922855,-1.4731774258700792,0.003034467212446404,-0.19378352871360946,0.0,1.0,1.0,-0.8545382567041344,1.0294005116297955,True,False,True,1.0
1.4448847923540136,0.6049791908519627,0.9228340602365452,1.399951448462118,-1.2429837338686824,1.0,1.0,0.0,1.0073492382567961,1.6362360888154464,True,False,False,1.0
-0.1347146888217878,0.40254284048654887,1.107142636090901,-0.9282435202873347,-0.19378352871360946,0.0,1.0,0.0,0.7245051270004363,1.0867853029038632,True,False,False,1.0
-1.049219651607778,0.561599972916517,0.0012911809647666106,-1.3938825140372253,0.15594987300474816,0.0,1.0,1.0,-0.16777647577592228,-1.6515344675335375,True,False,True,1.0
-0.6335355776141461,0.4664066891137332,-0.9202516983070119,1.6327709453370634,-1.59271713558704,1.0,0.0,1.0,0.8903453792838416,0.8788942925996059,False,True,False,1.0
-0.7166723924128725,-0.9602875896520413,1.4757597877996123,0.9343124547122276,0.5056832747231058,0.0,1.0,1.0,-0.8586079561466718,-0.4275546680231819,True,False,True,1.0
0.696653459165476,1.5822165726754789,-1.2888688500157235,-0.2297850296624989,1.5548834798781788,0.0,0.0,0.0,0.2442805927810049,-1.3079129628984012,True,False,True,1.0
0.11469575557439135,-1.604950967303806,-0.3673259707439448,-0.6954240234123894,1.205150078159821,1.0,0.0,1.0,-1.307292319686437,-0.6550321040916421,False,False,True,1.0
-1.2154932812052308,0.9327332819197757,0.5542169085278338,0.23585396408739168,0.8554166764414635,0.0,1.0,0.0,1.449929052632755,0.06554219112823864,True,False,False,1.0
-1.46490372560141,1.3665254612742344,-1.1045602741613676,0.003034467212446404,0.8554166764414635,1.0,0.0,1.0,1.36751763892137,-0.142692440680654,False,True,False,1.0
-1.3817669108026835,0.3302441439274723,-0.7359431224526563,0.003034467212446404,-1.59271713558704,0.0,1.0,1.0,-0.30716368168283337,-0.4990279409872902,True,False,True,1.0
1.4448847923540136,-0.30357442924043065,1.2914512119452566,-0.2297850296624989,0.15594987300474816,1.0,0.0,0.0,-0.5676244460052369,-0.6251370331883853,True,False,False,1.0
-1.2986300960039572,0.3929030142786722,-1.2888688500157235,-0.2297850296624989,1.5548834798781788,1.0,0.0,1.0,0.5505254758319559,-0.916871690623616,False,False,True,1.0
0.11469575557439135,-1.019331525175287,-0.9202516983070119,0.9343124547122276,-1.59271713558704,1.0,1.0,1.0,-1.0122391101024646,-0.5464477086269391,False,False,False,1.0
-0.2178515036205142,-0.9325730893043954,-1.2888688500157235,-0.2297850296624989,-0.19378352871360946,1.0,0.0,0.0,-1.141452067403032,-0.7904189769178859,True,False,False,1.0
-0.30098831841924056,1.0267215874465752,-0.5516345465983006,0.7014929578372823,0.15594987300474816,0.0,0.0,0.0,1.5211487928771623,-1.2261310447952387,True,False,True,1.0
-0.9660828368090516,-0.06619370887146324,1.2914512119452566,1.1671319515871728,0.8554166764414635,0.0,0.0,0.0,0.199513898913092,1.5204356417534053,True,False,False,1.0
0.3641061999705705,-0.792795609290181,0.0012911809647666106,-0.9282435202873347,1.205150078159821,1.0,0.0,0.0,-0.9949428874716798,1.4015426011496483,True,False,False,1.0
1.6942952367501927,-0.6506081727239975,0.18559975681912233,-1.16106301716228,-1.59271713558704,0.0,1.0,1.0,-0.8006147390905117,-0.01795783449809946,True,False,False,1.0
1.6942952367501927,-1.463968509013607,0.0012911809647666106,-0.9282435202873347,-1.59271713558704,1.0,0.0,1.0,-1.239124854023933,-0.6210135751327637,False,True,False,1.0
1.0292007183603815,-1.356725442450977,-1.6574860017244348,-0.6954240234123894,-0.5435169304319671,0.0,0.0,0.0,-1.267612750121696,-0.7821720608066426,True,False,False,1.0
0.03155894077566496,0.7772910843177615,0.36990833267347806,-0.9282435202873347,0.15594987300474816,1.0,1.0,1.0,1.2861236500706188,-0.5691267279328582,True,False,False,1.0
-1.2154932812052308,0.4423071235940411,0.7385254843821895,1.1671319515871728,0.15594987300474816,1.0,0.0,0.0,-0.6083214404306124,-1.0065569033333865,False,True,False,1.0
0.11469575557439135,-0.7940005875661656,0.36990833267347806,-0.6954240234123894,0.15594987300474816,0.0,1.0,0.0,-0.38245312136977816,1.4170055688582293,True,False,True,1.0
0.03155894077566496,-1.154289092085563,-1.6574860017244348,-1.3938825140372253,-1.2429837338686824,0.0,1.0,1.0,-1.2147066573687078,0.16587967048169824,True,False,False,1.0
1.4448847923540136,-1.301296441755685,0.5542169085278338,-0.2297850296624989,-0.8932503321503247,1.0,1.0,1.0,-1.2197937816718798,-0.4519517948522766,False,False,True,1.0
-0.46726194801669335,-0.5132406492617523,0.7385254843821895,0.468673460962337,-1.59271713558704,1.0,1.0,0.0,0.10692823659536267,-1.0921186579875355,False,False,True,1.0
0.9460639035616552,-1.6254355979955444,-1.6574860017244348,0.003034467212446404,1.205150078159821,1.0,1.0,1.0,-1.403947681446704,0.2840854680761853,True,False,True,1.0
-0.38412513321796693,0.35675366599913394,0.5542169085278338,-1.16106301716228,-0.19378352871360946,0.0,0.0,1.0,-0.49640470576082973,0.5043468525473077,False,False,False,1.0
-1.6311773551988626,-1.0578908300067944,0.0012911809647666106,0.7014929578372823,-0.19378352871360946,1.0,0.0,1.0,-1.1628179894763542,-0.6522831320545611,True,False,False,1.0
-0.7166723924128725,-1.1072949393221634,0.18559975681912233,-0.2297850296624989,-1.59271713558704,0.0,1.0,1.0,-1.209619533065536,-0.3100361134379653,False,False,False,1.0
-1.5480405404001363,0.9291183470918222,-0.3673259707439448,0.7014929578372823,-1.2429837338686824,0.0,0.0,1.0,0.22698437015022047,-1.1309478880113057,True,False,False,1.0
0.19783257037311774,0.008514944239582505,-0.7359431224526563,1.1671319515871728,-0.5435169304319671,0.0,1.0,0.0,0.40096402131870096,0.5211843062744292,True,False,True,1.0
-1.714314169997589,-0.7277267823870122,-0.3673259707439448,-0.46260452653744416,-1.59271713558704,0.0,1.0,1.0,-0.9176185980634666,-1.7078883942936998,False,False,True,1.0
0.696653459165476,-0.6590430206558897,0.18559975681912233,0.23585396408739168,0.5056832747231058,0.0,1.0,1.0,-0.1555673774483097,0.3717089517581449,True,False,True,1.0
-1.2154932812052308,1.5870364857794175,-0.3673259707439448,-0.6954240234123894,-0.5435169304319671,1.0,1.0,0.0,2.472441037570315,0.6514168565311456,False,True,False,1.0
1.52802160715274,0.7568064536260234,0.9228340602365452,-1.6267020109121706,-0.8932503321503247,0.0,1.0,0.0,1.3929532604372294,1.5005055944845676,True,False,True,1.0
1.1123375331591079,1.6581302040625092,-1.1045602741613676,-0.9282435202873347,-0.8932503321503247,0.0,1.0,1.0,1.10095232543516,1.4908841923547838,True,False,False,1.0
-0.051577874023061424,-1.3410607248631772,1.6600683636539681,-0.9282435202873347,-0.5435169304319671,1.0,0.0,1.0,-1.1546785905912789,0.6345794028040241,True,False,True,1.0
-1.46490372560141,-0.7915906310141965,-0.1830173948895891,-1.3938825140372253,0.15594987300474816,1.0,0.0,1.0,-0.7477086463375235,0.15694551136118476,True,False,True,1.0
1.6942952367501927,1.2074683288442662,0.0012911809647666106,1.1671319515871728,-0.8932503321503247,0.0,0.0,1.0,0.05707441842427745,0.8197913938023625,True,False,True,1.0
-1.2986300960039572,1.0821505881418672,0.36990833267347806,0.003034467212446404,0.15594987300474816,0.0,1.0,1.0,2.021721824309281,-1.2866084296110225,True,False,True,1.0
1.3617479775552872,-0.3083943423443692,0.0012911809647666106,1.6327709453370634,-0.8932503321503247,1.0,1.0,0.0,0.13032900838995365,1.219423203693026,True,False,False,1.0
-1.6311773551988626,1.2243380247080506,1.107142636090901,-0.46260452653744416,-0.5435169304319671,1.0,0.0,1.0,0.2198623961257797,0.08409775237853596,True,False,False,1.0
1.0292007183603815,1.2002384591883586,0.9228340602365452,0.468673460962337,-0.8932503321503247,0.0,0.0,1.0,-0.10571355927722464,1.4249088634648375,True,False,True,1.0
0.3641061999705705,1.5966763119872942,0.9228340602365452,0.468673460962337,0.15594987300474816,0.0,1.0,1.0,0.8781362809562289,0.8661802969281057,False,True,True,1.0
0.03155894077566496,-1.3531105076230232,-0.9202516983070119,-0.2297850296624989,1.5548834798781788,0.0,0.0,1.0,-1.1872361861315792,-1.6642484632050374,True,False,True,1.0
1.6942952367501927,1.1664990674607896,-0.9202516983070119,-1.3938825140372253,1.5548834798781788,1.0,0.0,1.0,0.5484906261106872,0.9733902063742684,True,False,False,1.0
0.19783257037311774,-1.7242438166262821,0.0012911809647666106,1.1671319515871728,0.8554166764414635,1.0,0.0,1.0,-1.5077250172314116,1.234198928392337,False,False,False,1.0
1.1123375331591079,-1.6278455545475135,1.6600683636539681,-1.6267020109121706,0.5056832747231058,0.0,1.0,1.0,-1.2849089727524807,-0.9295856862951161,True,False,True,1.0
-0.8829460220103252,0.7809060191457154,1.107142636090901,1.6327709453370634,-0.5435169304319671,0.0,1.0,1.0,-0.42213269093451933,0.5026287450241317,False,False,True,1.0
-0.8829460220103252,-1.6953243380026515,0.18559975681912233,-1.16106301716228,0.15594987300474816,1.0,1.0,0.0,-1.490428794600627,-0.25162045764999225,True,False,False,1.0
-1.6311773551988626,1.7063293351018933,-0.5516345465983006,1.6327709453370634,-0.19378352871360946,1.0,1.0,1.0,0.30736093414033705,-0.6564065901101827,True,False,True,1.0
-0.7166723924128725,1.0628709357261135,0.0012911809647666106,0.003034467212446404,-0.5435169304319671,1.0,0.0,0.0,0.4559049637929578,-0.3145031929982221,True,False,False,1.0
0.11469575557439135,0.6218488867157473,0.18559975681912233,1.1671319515871728,1.205150078159821,1.0,0.0,1.0,1.1314750712541917,1.6513554350193924,False,True,True,1.0
0.9460639035616552,-1.2723769631320545,0.36990833267347806,0.468673460962337,0.5056832747231058,1.0,1.0,0.0,-0.9308451212517135,0.8960753678313628,False,False,False,1.0
1.6111584219514663,-1.4374589869419456,1.6600683636539681,-0.2297850296624989,1.205150078159821,0.0,0.0,1.0,-1.3449370395299096,1.6681928887465138,True,False,True,1.0
0.5303798295680233,-0.0746285568033553,-0.7359431224526563,1.399951448462118,-0.5435169304319671,0.0,1.0,0.0,-0.6408790359709129,-1.287639294124928,True,False,False,1.0
-1.2154932812052308,-1.5700065973002524,0.5542169085278338,0.23585396408739168,0.8554166764414635,1.0,1.0,0.0,-1.2238634811144171,0.5132810116678209,False,False,True,1.0
-1.049219651607778,0.533885472568871,-0.9202516983070119,1.1671319515871728,0.5056832747231058,0.0,0.0,1.0,0.9259552494060453,0.21845376069087413,True,False,True,1.0
0.8629270887629288,1.4605137668010337,0.5542169085278338,1.399951448462118,-0.5435169304319671,1.0,1.0,0.0,0.2259669452895859,0.16587967048169824,False,False,True,1.0
-1.46490372560141,-0.4132274523550299,1.2914512119452566,-1.6267020109121706,1.5548834798781788,1.0,0.0,1.0,0.026551672605245727,1.3252586271206483,False,True,False,1.0
-0.7998092072115989,-1.3097312896875772,-0.7359431224526563,1.1671319515871728,1.205150078159821,1.0,0.0,1.0,-1.239124854023933,1.43109405054827,False,False,False,1.0
1.4448847923540136,-1.5627767276443447,0.7385254843821895,-0.2297850296624989,0.5056832747231058,1.0,1.0,1.0,-1.362233262160694,-1.5405447215363883,False,False,True,1.0
-1.714314169997589,-1.5483169883325294,-1.1045602741613676,1.6327709453370634,1.5548834798781788,1.0,1.0,1.0,-1.244211978327105,-0.5117419366587904,True,False,True,1.0
-1.1323564664065044,-1.1313945048418554,-0.7359431224526563,0.7014929578372823,-1.2429837338686824,1.0,0.0,0.0,-0.8372420340733497,1.2702791863790261,True,False,False,1.0
-0.30098831841924056,-1.209718092780855,0.9228340602365452,0.23585396408739168,1.5548834798781788,0.0,1.0,0.0,-0.7772139672959208,0.6050279534054024,False,False,True,1.0
1.0292007183603815,1.1797538284966202,0.7385254843821895,-0.9282435202873347,1.205150078159821,1.0,0.0,0.0,1.6554488744809022,0.3816739753925638,True,False,True,1.0
0.19783257037311774,-0.6759127165196741,0.7385254843821895,0.9343124547122276,-0.5435169304319671,0.0,0.0,0.0,-0.7324472734280079,-1.5783430870462534,False,False,True,1.0
1.52802160715274,1.3315810912706807,-0.7359431224526563,1.6327709453370634,0.5056832747231058,0.0,0.0,1.0,1.4285631305594328,-1.6869274825109561,True,False,False,1.0
-0.30098831841924056,0.21938614253688868,0.18559975681912233,-0.6954240234123894,0.8554166764414635,0.0,1.0,1.0,-0.12199235704737486,0.4600196784493749,True,False,False,1.0
1.1123375331591079,0.5628049511925017,-1.2888688500157235,1.1671319515871728,-0.19378352871360946,1.0,0.0,1.0,0.9188332753816045,-0.5955855837897636,True,False,False,1.0
0.4472430147692969,-0.20235625405772367,0.36990833267347806,-0.6954240234123894,0.15594987300474816,0.0,1.0,1.0,-0.4190804163526162,0.7981432390103491,True,False,True,1.0
0.9460639035616552,-0.9072685455087186,1.2914512119452566,-0.6954240234123894,0.15594987300474816,1.0,0.0,1.0,-1.041744431060862,-1.6494727385057264,True,False,True,1.0
-0.38412513321796693,-1.2615321586481931,-0.5516345465983006,0.23585396408739168,-0.8932503321503247,1.0,1.0,1.0,-0.8901481268263379,0.6850917639853891,True,False,True,1.0
0.3641061999705705,-1.0410211341430098,1.2914512119452566,1.1671319515871728,0.15594987300474816,0.0,0.0,1.0,-0.8830261528018973,-0.07912246232315376,False,False,False,1.0
0.2809693851718441,1.3556806567903728,-0.3673259707439448,-1.3938825140372253,-0.8932503321503247,1.0,0.0,1.0,1.3471691417086817,1.489509706336243,True,False,True,1.0
1.6942952367501927,1.3846001354140032,1.2914512119452566,-0.6954240234123894,1.205150078159821,0.0,1.0,1.0,1.172172065679567,-1.050196834422049,True,False,True,1.0
0.11469575557439135,-0.8458146534335037,0.18559975681912233,1.399951448462118,0.8554166764414635,1.0,0.0,0.0,-0.8972701008507786,-1.5611620118144964,True,False,False,1.0
1.1954743479578342,0.3398839701353494,0.18559975681912233,-1.3938825140372253,-0.5435169304319671,1.0,0.0,0.0,-0.6581752586016975,1.1627256554282286,True,False,False,1.0
-0.7166723924128725,-1.513372618328976,0.18559975681912233,-1.16106301716228,0.5056832747231058,0.0,0.0,1.0,-1.4324355775444668,-0.9886885850923595,True,False,False,1.0
0.03155894077566496,-1.092835200010348,-0.1830173948895891,1.6327709453370634,0.5056832747231058,0.0,1.0,0.0,-0.8372420340733497,0.4064147237262936,False,False,False,1.0
0.3641061999705705,1.606316138195171,-0.9202516983070119,0.23585396408739168,-1.59271713558704,1.0,1.0,1.0,1.2047296612198675,-0.9529519486103053,False,False,True,1.0
1.0292007183603815,-1.127779570013902,-1.6574860017244348,-0.9282435202873347,0.15594987300474816,1.0,1.0,0.0,-0.7914579153448024,0.11949076735595504,True,False,True,1.0
-1.46490372560141,-0.4662464964983525,0.0012911809647666106,-0.2297850296624989,1.5548834798781788,1.0,1.0,0.0,-0.9969777371929488,0.2170792746723336,True,False,False,1.0
0.5303798295680233,-0.3144192337242921,1.2914512119452566,-1.16106301716228,0.15594987300474816,1.0,0.0,1.0,-0.510648653809711,-1.0309540301624813,True,False,True,1.0
-1.46490372560141,-1.6435102721353134,0.9228340602365452,1.399951448462118,0.8554166764414635,1.0,1.0,0.0,-1.3754597853489412,1.2658121068187695,True,False,False,1.0
1.0292007183603815,1.538837354740033,1.2914512119452566,-0.2297850296624989,-1.59271713558704,0.0,0.0,0.0,2.6423509892962582,-1.2976043177593468,False,False,False,1.0
-0.46726194801669335,0.5375004073968249,0.18559975681912233,1.399951448462118,-0.8932503321503247,0.0,0.0,0.0,0.7214528524185331,0.2799620100205635,False,False,False,1.0
-1.714314169997589,-0.16259197095023165,-0.5516345465983006,-0.9282435202873347,0.5056832747231058,0.0,1.0,1.0,-0.14234085426006257,-1.5470735301244558,False,False,True,1.0
1.0292007183603815,-0.8277399792937346,-1.2888688500157235,-0.2297850296624989,-1.59271713558704,0.0,1.0,1.0,-0.5961123421029997,1.1616947909143231,True,False,True,1.0
-0.2178515036205142,-0.3373138209679998,0.9228340602365452,1.1671319515871728,-1.2429837338686824,1.0,0.0,1.0,-0.8860784273838003,-0.12929120199988367,False,False,False,1.0
-1.3817669108026835,1.1484243933210205,1.2914512119452566,-1.6267020109121706,1.205150078159821,0.0,1.0,0.0,-0.03144154445091425,1.372678394760297,False,False,False,1.0
0.696653459165476,-0.39153784338730696,0.5542169085278338,1.1671319515871728,0.5056832747231058,1.0,1.0,1.0,-0.18507269840670687,-0.6567502116148178,True,False,False,1.0
1.0292007183603815,0.7278869750023926,-1.4731774258700792,-0.2297850296624989,-1.59271713558704,1.0,0.0,1.0,-0.22576969283208242,-0.11211012676812686,True,False,False,1.0
1.6942952367501927,-1.3988996821104385,0.0012911809647666106,-1.16106301716228,1.5548834798781788,1.0,0.0,0.0,-1.0905808243713124,0.03805247075742759,True,False,True,1.0
-1.2986300960039572,-0.14210734025849334,-1.1045602741613676,-0.46260452653744416,-1.59271713558704,0.0,1.0,0.0,0.35009277828698154,-1.2165096426654547,True,False,True,1.0
1.2786111627565606,0.6001592777480245,1.6600683636539681,-1.3938825140372253,-1.2429837338686824,1.0,1.0,0.0,0.4742186112843768,-0.500746048510466,True,False,False,1.0
-0.5503987628154198,-0.35900342993572265,-0.5516345465983006,1.6327709453370634,0.5056832747231058,1.0,1.0,1.0,-0.20745604534066348,1.617680527565149,True,False,False,1.0
-0.2178515036205142,-0.39274282166329155,-0.7359431224526563,-0.9282435202873347,1.5548834798781788,0.0,0.0,0.0,-0.8881132771050692,0.2012726854591173,True,False,False,1.0
-1.6311773551988626,1.337605982650604,0.0012911809647666106,-1.16106301716228,0.5056832747231058,0.0,1.0,0.0,0.6838081325750607,0.7809621637785923,True,False,True,1.0
-0.7166723924128725,0.42543742773025656,-1.1045602741613676,0.003034467212446404,0.5056832747231058,1.0,1.0,0.0,0.3358488302381,-0.05987965806358629,True,False,True,1.0
1.4448847923540136,-0.33249390786406124,-0.9202516983070119,-0.9282435202873347,-1.2429837338686824,0.0,0.0,1.0,-0.47707363340877623,-1.19142527282709,True,False,False,1.0
-0.46726194801669335,0.6700480177551315,-1.6574860017244348,-0.9282435202873347,0.5056832747231058,0.0,0.0,1.0,1.468242700124174,-0.32515545964191145,True,False,True,1.0
0.3641061999705705,-0.697602325487397,-1.2888688500157235,-1.3938825140372253,-0.8932503321503247,0.0,1.0,0.0,-0.8341897594914467,-0.0664084666516538,True,False,True,1.0
0.9460639035616552,-1.7724429476656662,1.6600683636539681,0.003034467212446404,0.15594987300474816,1.0,0.0,1.0,-1.4548189244784235,-0.3334023757531548,False,False,True,1.0
0.3641061999705705,-0.04932401300767867,0.36990833267347806,1.1671319515871728,1.5548834798781788,1.0,0.0,0.0,0.3999465964580664,1.713550927358352,True,False,False,1.0
-1.3817669108026835,-1.460353574185653,0.5542169085278338,-0.6954240234123894,-1.2429837338686824,0.0,1.0,0.0,-1.1618005646157197,-0.8505527402290347,False,False,False,1.0
-1.049219651607778,1.636440595094786,-0.7359431224526563,1.6327709453370634,1.205150078159821,1.0,0.0,1.0,0.729592251303608,0.47994972571821276,True,False,False,1.0
-0.8829460220103252,-0.4795012575341833,0.7385254843821895,1.6327709453370634,0.8554166764414635,1.0,1.0,1.0,-0.16574162605465353,-0.9251186067348592,False,False,True,1.0
0.696653459165476,1.2122882419482044,-0.3673259707439448,0.003034467212446404,0.8554166764414635,1.0,1.0,0.0,1.4224585813956268,1.6245529576578517,True,False,True,1.0
-1.6311773551988626,-1.2121280493328241,-1.4731774258700792,0.003034467212446404,1.205150078159821,0.0,0.0,1.0,-1.280839273309943,-0.8856021337018186,False,True,False,1.0
-0.1347146888217878,0.5796746470562859,0.36990833267347806,0.9343124547122276,0.15594987300474816,1.0,0.0,1.0,-0.5371017001862053,-0.40521927022189813,False,False,True,1.0
0.3641061999705705,0.9580378257154525,-0.7359431224526563,-1.16106301716228,-1.59271713558704,0.0,1.0,1.0,0.8486309599978317,0.5675732094001724,True,False,False,1.0
0.9460639035616552,-0.5180605623656908,1.107142636090901,0.7014929578372823,-0.5435169304319671,1.0,1.0,1.0,-0.3183553551498118,-0.49971518399656056,True,False,False,1.0
-1.2986300960039572,0.7471666274181463,-1.1045602741613676,-1.6267020109121706,-1.59271713558704,0.0,0.0,0.0,0.2798904629032086,1.3709602872371214,False,False,True,1.0
0.19783257037311774,-1.049455982074902,-1.1045602741613676,0.23585396408739168,-0.19378352871360946,1.0,1.0,0.0,-0.5554153476776242,-1.0137729549307244,True,False,False,1.0
0.19783257037311774,1.4942531585286025,-0.5516345465983006,-1.3938825140372253,0.8554166764414635,1.0,1.0,0.0,1.794836080387813,1.2788697239949045,True,False,False,1.0
-0.1347146888217878,-0.6096389113405208,-0.7359431224526563,-0.9282435202873347,0.15594987300474816,0.0,1.0,0.0,-0.19117724757051324,-1.2677092468560902,False,False,True,1.0
0.6135166443667497,-0.7458014565267813,0.0012911809647666106,0.9343124547122276,1.205150078159821,0.0,1.0,0.0,-0.49030015659702336,-1.191768894331725,False,True,False,1.0
0.03155894077566496,0.4001328839345797,0.5542169085278338,-0.6954240234123894,0.5056832747231058,0.0,0.0,0.0,-0.46486453508116365,1.3792072033483644,False,False,True,1.0
0.2809693851718441,-0.6494031944480129,0.5542169085278338,1.399951448462118,-0.8932503321503247,0.0,1.0,0.0,-0.6174782641763219,1.080600115820431,True,False,False,1.0
1.2786111627565606,-0.3421337340719381,1.2914512119452566,-1.16106301716228,1.205150078159821,0.0,0.0,0.0,-0.49030015659702336,-0.43305261209734425,True,False,True,1.0
-0.7998092072115989,0.8905590422603147,-1.1045602741613676,0.7014929578372823,0.15594987300474816,1.0,0.0,1.0,1.0012446890929898,0.2854599540947258,False,False,False,1.0
1.1954743479578342,-0.23850560233726198,0.5542169085278338,0.7014929578372823,1.205150078159821,0.0,0.0,0.0,-0.6042517409880748,-1.2993224252825228,False,False,False,1.0
1.1954743479578342,1.4882282671486797,-1.1045602741613676,1.399951448462118,-1.59271713558704,1.0,0.0,1.0,2.4927895347830034,1.2187359606837558,False,True,True,1.0
0.6135166443667497,0.6977625181027775,-0.3673259707439448,-1.3938825140372253,-0.8932503321503247,0.0,1.0,0.0,1.5476018392536566,-0.2595237522566003,True,False,False,1.0
0.19783257037311774,-0.7578512392866273,-0.3673259707439448,0.9343124547122276,0.5056832747231058,1.0,0.0,0.0,-0.5920426426604621,-0.2017953394778974,True,False,False,1.0
-0.8829460220103252,1.5448622461199562,-1.4731774258700792,1.1671319515871728,0.15594987300474816,0.0,0.0,0.0,2.5233122806020347,-0.497997076473385,False,False,False,1.0
-1.2154932812052308,-0.560234802025152,1.6600683636539681,0.7014929578372823,-0.8932503321503247,0.0,1.0,0.0,-1.0091868355205613,0.014342586937603269,False,False,False,1.0
-0.5503987628154198,-0.446966844082599,1.6600683636539681,-0.2297850296624989,-0.19378352871360946,0.0,1.0,0.0,-0.1759158746609974,-0.4505773088337361,False,False,False,1.0
1.52802160715274,-1.6627899245510671,-1.6574860017244348,1.1671319515871728,0.5056832747231058,1.0,1.0,0.0,-1.3713900859064037,-0.788357247890075,True,False,True,1.0
1.6942952367501927,0.02779459665533623,0.5542169085278338,-0.6954240234123894,-0.5435169304319671,1.0,0.0,0.0,0.08149261507950296,1.088159788922404,True,False,True,1.0
-0.46726194801669335,1.518352724048295,1.6600683636539681,1.399951448462118,-0.8932503321503247,1.0,1.0,1.0,0.8211604887607032,0.6283942157205918,False,False,True,1.0
1.6942952367501927,1.0122618481347598,1.4757597877996123,0.7014929578372823,0.8554166764414635,1.0,0.0,0.0,0.686860407156964,-1.653252575056713,False,False,False,1.0
0.11469575557439135,-1.1036800044942097,1.4757597877996123,-1.16106301716228,0.8554166764414635,0.0,0.0,0.0,-0.8677647798923813,1.2005240209380934,False,False,False,1.0
-1.714314169997589,-1.2687620283041006,0.18559975681912233,0.468673460962337,-0.8932503321503247,0.0,0.0,1.0,-0.940001944997423,0.01984053101176533,True,False,True,1.0
-0.8829460220103252,-0.43491706132275276,0.36990833267347806,-0.46260452653744416,-1.59271713558704,1.0,1.0,0.0,-0.237978791159695,-0.8653284649283456,True,False,False,1.0
0.11469575557439135,1.4207494836935415,0.5542169085278338,-0.9282435202873347,-0.19378352871360946,1.0,0.0,1.0,2.1509347816098487,-1.482129065748415,True,False,False,1.0
0.11469575557439135,-1.2145380058847934,1.6600683636539681,-0.46260452653744416,0.5056832747231058,0.0,0.0,1.0,-1.1953755850166543,-0.6533139965684664,True,False,False,1.0
0.03155894077566496,1.4231594402455106,1.2914512119452566,-0.9282435202873347,1.5548834798781788,0.0,1.0,1.0,2.4459879911938214,0.001284969761468003,True,False,True,1.0
1.0292007183603815,1.3773702657580957,0.0012911809647666106,0.7014929578372823,-0.19378352871360946,1.0,0.0,1.0,2.338140955966576,0.07722532228583315,True,False,True,1.0
-0.051577874023061424,-1.126574591737917,1.4757597877996123,-0.6954240234123894,1.205150078159821,0.0,1.0,1.0,-0.756865470083233,0.6651617167165512,True,False,True,1.0
-0.2178515036205142,0.12298788045812006,0.9228340602365452,0.003034467212446404,-1.2429837338686824,1.0,1.0,0.0,0.2198623961257797,1.5413965535361487,True,False,False,1.0
1.1123375331591079,-1.4326390738380073,1.4757597877996123,-1.3938825140372253,-0.8932503321503247,0.0,1.0,1.0,-1.1556960154519134,1.4733594956183915,True,False,False,1.0
-1.049219651607778,-0.14090236198250877,-0.5516345465983006,-1.6267020109121706,1.205150078159821,1.0,1.0,0.0,0.018412273720170794,-0.7526206114080208,True,False,False,1.0
1.6942952367501927,-1.203693201400932,0.18559975681912233,-1.6267020109121706,0.5056832747231058,1.0,0.0,1.0,-0.9369496704155197,1.2187359606837558,True,False,False,1.0
-1.714314169997589,-1.7615981431818049,0.7385254843821895,0.23585396408739168,-0.19378352871360946,1.0,1.0,0.0,-1.5433348873536152,-0.37154436276765485,True,False,False,1.0
-1.2986300960039572,-1.1072949393221634,-0.1830173948895891,0.003034467212446404,-0.8932503321503247,1.0,1.0,1.0,-0.652070709437891,1.3039540938332697,True,False,False,1.0
1.1954743479578342,1.1761388936686665,-0.7359431224526563,1.399951448462118,1.5548834798781788,0.0,1.0,1.0,2.1336385589790643,0.5696349384279833,True,False,False,1.0
1.3617479775552872,1.7027144002739394,1.2914512119452566,1.6327709453370634,-1.59271713558704,0.0,1.0,1.0,2.827522313931717,0.46036329995401,False,True,False,1.0
0.03155894077566496,-0.6747077382436896,-1.1045602741613676,1.1671319515871728,-0.19378352871360946,1.0,0.0,1.0,-0.5248926018585925,-1.113423191274914,False,False,True,1.0
1.6942952367501927,0.09406840183448968,-0.7359431224526563,0.9343124547122276,0.15594987300474816,0.0,1.0,1.0,-0.5503282233744522,-0.16777681051901908,True,False,False,1.0
0.8629270887629288,0.12419285873410486,0.36990833267347806,-1.16106301716228,0.5056832747231058,0.0,0.0,1.0,0.1354161326931253,0.41191266780045593,True,False,True,1.0
-0.46726194801669335,0.6712529960311162,1.107142636090901,-1.16106301716228,1.5548834798781788,1.0,0.0,1.0,0.3083783590009716,-0.473256328139655,True,False,True,1.0
-0.2178515036205142,0.42543742773025656,-0.7359431224526563,0.9343124547122276,1.5548834798781788,1.0,0.0,1.0,1.303419872701403,-0.22516160179308667,False,True,True,1.0
0.2809693851718441,-0.6024090416846132,0.36990833267347806,-1.6267020109121706,0.15594987300474816,0.0,1.0,0.0,-0.36210462415709044,1.0816309803343365,False,False,True,1.0
-0.2178515036205142,-1.503732792121099,0.0012911809647666106,0.468673460962337,-1.2429837338686824,1.0,1.0,1.0,-1.112964171305269,0.25625212620073917,False,False,True,1.0
-0.051577874023061424,-0.3336988861400458,-0.9202516983070119,-1.3938825140372253,-0.8932503321503247,0.0,1.0,1.0,0.2005313237737262,1.086098059894593,True,False,True,1.0
-1.5480405404001363,0.8387449763929766,-1.1045602741613676,0.7014929578372823,-0.5435169304319671,1.0,0.0,1.0,0.12015475978360962,1.0390219137595793,True,False,False,1.0
1.4448847923540136,-0.3204441251042152,-0.1830173948895891,0.9343124547122276,0.5056832747231058,0.0,0.0,0.0,-0.7110813513546856,-0.9412688174527107,False,True,False,1.0
0.19783257037311774,0.7784960625937463,-1.2888688500157235,-1.16106301716228,-1.59271713558704,0.0,0.0,0.0,0.30736093414033705,0.22532619078357694,False,False,False,1.0
0.8629270887629288,1.4785884409408028,0.9228340602365452,1.1671319515871728,-0.5435169304319671,1.0,0.0,1.0,0.4060511456218726,1.5640755728420674,False,False,False,1.0
0.03155894077566496,-1.1566990486375321,0.5542169085278338,-0.2297850296624989,-1.59271713558704,1.0,1.0,0.0,-0.8321549097701779,1.0878161674177687,True,False,False,1.0
-0.5503987628154198,0.21938614253688868,0.9228340602365452,-0.9282435202873347,0.8554166764414635,0.0,1.0,0.0,0.2910821363701868,-0.26605256084466805,True,False,True,1.0
0.2809693851718441,1.0881754795217902,1.107142636090901,-1.3938825140372253,1.5548834798781788,1.0,0.0,1.0,0.640058863567782,-1.4189027088955501,True,False,True,1.0
0.4472430147692969,-0.6602479989318744,0.5542169085278338,-1.3938825140372253,1.5548834798781788,0.0,0.0,1.0,-0.3498955258294777,0.7462563918104433,False,False,False,1.0
1.6942952367501927,-1.3121412462395463,-0.5516345465983006,-0.46260452653744416,-0.5435169304319671,1.0,1.0,1.0,-0.9379670952761542,1.5891599426804326,False,False,False,1.0
-1.46490372560141,0.2880699042680113,0.36990833267347806,0.003034467212446404,-1.2429837338686824,0.0,0.0,0.0,-0.1352188802356218,0.5132810116678209,False,False,True,1.0
1.1123375331591079,0.29168483909596526,0.18559975681912233,-0.2297850296624989,-1.59271713558704,1.0,1.0,1.0,-0.4577425610567229,-1.0086186323611974,True,False,True,1.0
1.1123375331591079,-0.04570907817972493,-1.2888688500157235,-0.2297850296624989,0.5056832747231058,0.0,1.0,1.0,0.05605699356364326,-0.4598550894588849,True,False,False,1.0
0.9460639035616552,1.236387807467897,-0.7359431224526563,-0.9282435202873347,0.5056832747231058,0.0,1.0,1.0,1.449929052632755,-1.0460733763664272,True,False,False,1.0
0.5303798295680233,0.28565994771604214,0.36990833267347806,-0.6954240234123894,0.5056832747231058,1.0,0.0,0.0,0.35212762800825026,-0.45504438839399297,False,False,True,1.0
-0.9660828368090516,-1.1988732882969937,0.36990833267347806,-0.6954240234123894,-0.8932503321503247,1.0,0.0,0.0,-1.1913058855741168,1.5400220675176084,True,False,False,1.0
-1.3817669108026835,-1.5760314886801754,-0.5516345465983006,0.23585396408739168,-0.19378352871360946,0.0,0.0,1.0,-1.2055498336229982,-0.24165543401557332,True,False,False,1.0
0.11469575557439135,1.0508211529662672,-1.2888688500157235,-1.3938825140372253,-1.2429837338686824,1.0,1.0,0.0,0.40096402131870096,-0.35951761010542505,True,False,False,1.0
1.0292007183603815,-0.9626975462040106,0.7385254843821895,0.7014929578372823,1.5548834798781788,1.0,0.0,1.0,-0.6164608393156875,-1.053289427963765,True,False,True,1.0
1.6942952367501927,1.7063293351018933,1.107142636090901,1.6327709453370634,-1.2429837338686824,1.0,0.0,1.0,2.6270896163867428,-1.6195776676024698,True,False,True,1.0
-0.051577874023061424,-1.3663652686588539,1.4757597877996123,-0.2297850296624989,0.5056832747231058,0.0,0.0,0.0,-1.0376747316183244,0.5479867836359699,False,False,False,1.0
1.52802160715274,-0.9241382413725031,-0.1830173948895891,0.003034467212446404,-0.8932503321503247,1.0,0.0,1.0,-0.8626776555892095,-1.5226764032953612,True,False,False,1.0
1.4448847923540136,-0.266220102684908,1.107142636090901,-0.2297850296624989,-1.2429837338686824,1.0,0.0,1.0,-0.5350668504649364,-1.5993039988289965,True,False,False,1.0
-0.5503987628154198,-0.2770649071687694,-0.7359431224526563,-1.6267020109121706,0.5056832747231058,0.0,1.0,0.0,-0.44248118814720705,0.44764930428251004,False,True,True,1.0
1.1123375331591079,0.5266556029129635,-0.9202516983070119,-1.16106301716228,0.8554166764414635,0.0,0.0,0.0,0.34195337940190623,-0.6687769642770477,True,False,True,1.0
0.6135166443667497,1.315916373682881,-0.7359431224526563,-0.46260452653744416,0.8554166764414635,0.0,0.0,0.0,0.9310423737092169,1.1634128984374987,True,False,True,1.0
-0.7998092072115989,-1.0337912644871023,-1.4731774258700792,-0.2297850296624989,0.15594987300474816,0.0,1.0,1.0,-0.6449487354134503,-0.1110792622542214,True,False,True,1.0
-1.3817669108026835,-0.12885257922266274,0.18559975681912233,1.399951448462118,1.205150078159821,1.0,1.0,1.0,-0.1189400824654716,1.0269951610973498,True,False,True,1.0
-0.7998092072115989,0.7025824312067157,0.18559975681912233,-0.46260452653744416,0.8554166764414635,0.0,1.0,1.0,-0.3153030805679085,-1.3951928250757257,True,False,True,1.0
-0.1347146888217878,0.9700876084752987,-0.1830173948895891,1.399951448462118,0.5056832747231058,0.0,0.0,1.0,-0.3203902048710805,-0.9581062711798324,True,False,False,1.0
1.1954743479578342,-0.431302126494799,1.6600683636539681,0.468673460962337,-1.2429837338686824,1.0,0.0,1.0,-0.43942891356530395,-0.967384051804981,True,False,True,1.0
-1.46490372560141,0.5953393646440861,0.7385254843821895,-0.46260452653744416,-1.59271713558704,0.0,1.0,1.0,-0.15454995258767515,0.4328735795831992,False,False,False,1.0
1.1954743479578342,-0.8662992841252419,1.2914512119452566,-0.46260452653744416,-1.2429837338686824,1.0,0.0,1.0,-0.49335243117892646,0.5387090030108214,True,False,False,1.0
-0.5503987628154198,0.3471138397912569,-1.6574860017244348,-1.6267020109121706,-0.5435169304319671,1.0,0.0,0.0,-0.3153030805679085,-0.10764304720787024,True,False,False,1.0
0.19783257037311774,1.2641023078155424,-1.4731774258700792,0.9343124547122276,-1.2429837338686824,1.0,0.0,0.0,1.2057470860805022,0.7603448735004839,False,True,True,1.0
1.6111584219514663,0.4157976015223795,-0.9202516983070119,1.1671319515871728,1.5548834798781788,0.0,0.0,1.0,0.9849658913228396,-0.46741476256085784,True,False,True,1.0
0.9460639035616552,-0.3433387123479227,-1.6574860017244348,1.6327709453370634,-1.59271713558704,0.0,1.0,0.0,-0.4587599859173573,1.3355672722597023,False,False,False,1.0
-1.6311773551988626,-1.6097708804077444,-0.1830173948895891,0.9343124547122276,-1.59271713558704,0.0,1.0,0.0,-1.3378150655054688,-0.8127543747191697,False,False,True,1.0
-0.38412513321796693,-0.5216754971936445,0.18559975681912233,0.7014929578372823,-1.2429837338686824,1.0,0.0,0.0,-0.3376864275018651,0.9386844344061199,True,False,True,1.0
-1.2154932812052308,0.7134272356905776,1.2914512119452566,0.003034467212446404,-0.8932503321503247,0.0,1.0,1.0,0.8974673533082823,0.9861042020457687,True,False,True,1.0
-0.9660828368090516,-0.09390820921910903,-1.1045602741613676,0.9343124547122276,-0.19378352871360946,0.0,0.0,0.0,0.40808599534314133,0.41637974736071254,False,True,False,1.0
-0.7998092072115989,-0.8928088061969034,1.2914512119452566,1.399951448462118,1.5548834798781788,1.0,0.0,0.0,-0.9522110433250357,-0.20798052656132984,False,False,False,1.0
-0.9660828368090516,1.4267743750734647,-0.5516345465983006,0.003034467212446404,-1.2429837338686824,0.0,0.0,0.0,0.4019814461793351,1.2819623175366208,False,False,True,1.0
0.696653459165476,-1.4507137479777765,1.4757597877996123,-1.3938825140372253,0.5056832747231058,1.0,1.0,1.0,-1.1841839115496762,1.6334871167783653,False,True,True,1.0
-1.3817669108026835,-0.08426838301123217,1.4757597877996123,0.9343124547122276,-0.19378352871360946,1.0,1.0,1.0,0.42232994339202284,0.1882150682829823,False,False,False,1.0
1.4448847923540136,1.694279552342047,-1.1045602741613676,1.6327709453370634,0.5056832747231058,1.0,0.0,0.0,2.64031613957499,0.4998797729870506,True,False,False,1.0
-0.7166723924128725,1.6195708992310018,-1.1045602741613676,0.23585396408739168,0.15594987300474816,0.0,0.0,1.0,1.049063657542806,0.9459004860034577,False,True,False,1.0
1.6942952367501927,1.3942399616218804,0.7385254843821895,0.23585396408739168,0.8554166764414635,0.0,1.0,1.0,0.6268323403795351,0.914287307577025,False,False,False,1.0
-0.30098831841924056,-1.1072949393221634,-1.2888688500157235,1.1671319515871728,0.8554166764414635,0.0,1.0,0.0,-1.0570058039703776,0.5301184653949429,False,False,True,1.0
1.0292007183603815,1.1881886764285123,0.7385254843821895,0.7014929578372823,0.15594987300474816,1.0,1.0,1.0,0.43250419199836687,-0.22344349426991109,True,False,True,1.0
-1.6311773551988626,-0.2842947768246769,-0.3673259707439448,0.7014929578372823,0.5056832747231058,0.0,1.0,0.0,0.06216154272744946,0.22292084025113099,True,False,True,1.0
-0.2178515036205142,-0.06378375231949386,0.0012911809647666106,1.6327709453370634,-1.59271713558704,0.0,1.0,1.0,0.5484906261106872,1.3390034873060535,True,False,True,1.0
0.3641061999705705,-1.0904252434583788,1.4757597877996123,0.468673460962337,-0.5435169304319671,1.0,1.0,0.0,-0.9104966240390258,-0.7979786500198588,True,False,False,1.0
0.2809693851718441,-0.14210734025849334,-1.2888688500157235,0.003034467212446404,-0.5435169304319671,0.0,1.0,0.0,0.09166686368584663,1.1410775006362148,True,False,True,1.0
0.696653459165476,0.9098386946760684,0.5542169085278338,-0.9282435202873347,-0.8932503321503247,1.0,1.0,1.0,0.47320118642374226,-1.4319603260716853,False,True,False,1.0
-1.714314169997589,1.2869968950592503,-0.9202516983070119,1.6327709453370634,0.8554166764414635,0.0,0.0,1.0,-0.1962643718736851,-0.9495157335639539,True,False,True,1.0
0.5303798295680233,0.8182603457012381,0.36990833267347806,0.7014929578372823,1.205150078159821,1.0,1.0,0.0,0.8323521622276814,0.9898840385967551,True,False,False,1.0
-0.8829460220103252,1.0146718046867294,-0.3673259707439448,-0.46260452653744416,1.5548834798781788,1.0,1.0,0.0,1.1314750712541917,-0.91446634009117,True,False,False,1.0
1.6942952367501927,-0.50480580132986,1.4757597877996123,0.9343124547122276,0.15594987300474816,1.0,1.0,0.0,-0.9908731880291424,1.4785138181879187,True,False,False,1.0
1.3617479775552872,1.1664990674607896,1.4757597877996123,-1.6267020109121706,-0.5435169304319671,1.0,1.0,1.0,1.5079222696889154,-1.217196885674725,False,True,True,1.0
-0.38412513321796693,1.364115504722265,0.36990833267347806,-1.16106301716228,-0.19378352871360946,1.0,0.0,0.0,1.5364101657866782,-0.3925052745503982,False,True,True,1.0
-0.7166723924128725,1.6798198130302322,-1.1045602741613676,0.468673460962337,1.5548834798781788,0.0,0.0,0.0,0.3826503738272816,-0.9079375315031024,True,False,False,1.0
-1.2986300960039572,0.05189416217502828,-1.2888688500157235,0.23585396408739168,-0.19378352871360946,0.0,1.0,1.0,0.4284344925558294,0.3431883668734287,False,False,False,1.0
0.6135166443667497,-1.7543682735258972,0.7385254843821895,-0.2297850296624989,0.8554166764414635,0.0,0.0,0.0,-1.4599060487815954,-0.08049694834169427,True,False,True,1.0
-0.7166723924128725,0.4615867760097944,1.4757597877996123,-1.6267020109121706,0.15594987300474816,0.0,0.0,1.0,0.5556126001351279,-0.7265053770557506,True,False,True,1.0
0.3641061999705705,-1.4724033569454993,1.2914512119452566,-0.6954240234123894,-0.19378352871360946,1.0,0.0,1.0,-1.324588542317222,-1.0381700817598192,True,False,False,1.0
0.696653459165476,0.41218266669442594,1.107142636090901,-1.3938825140372253,1.205150078159821,0.0,0.0,0.0,0.20256617349499495,1.4706105235813105,False,True,False,1.0
-0.38412513321796693,0.5953393646440861,1.107142636090901,1.399951448462118,-0.19378352871360946,1.0,1.0,1.0,-0.07519081345819292,-1.121326485881522,True,False,False,1.0
1.0292007183603815,-0.6710928034157357,-1.4731774258700792,-0.9282435202873347,1.5548834798781788,0.0,1.0,0.0,-0.7578828949438675,-0.7917934629364264,True,False,False,1.0
0.7797902739642024,1.0761256967619441,0.18559975681912233,1.399951448462118,-0.8932503321503247,1.0,0.0,0.0,1.1640326667944922,0.41947234090242885,False,False,True,1.0
-0.5503987628154198,-1.1350094396698094,0.0012911809647666106,0.23585396408739168,0.8554166764414635,0.0,0.0,1.0,-0.9644201416526483,-0.332027889734614,True,False,True,1.0
-1.5480405404001363,-0.587949302372798,-0.7359431224526563,1.1671319515871728,-0.5435169304319671,1.0,1.0,1.0,-0.03144154445091425,-0.35058345098491156,True,False,False,1.0
0.6135166443667497,-0.35056858200383034,0.0012911809647666106,0.23585396408739168,0.15594987300474816,0.0,0.0,1.0,-0.12300978190800924,-0.2835772575810599,False,False,True,1.0
-0.8829460220103252,-0.6927824123834587,1.107142636090901,-1.16106301716228,-0.5435169304319671,1.0,0.0,1.0,-0.9155837483421976,-0.2557439157056138,True,False,True,1.0
1.52802160715274,0.1555222939097044,0.7385254843821895,-1.3938825140372253,0.15594987300474816,0.0,0.0,0.0,0.9483385963400017,-0.19767188142227585,False,True,True,1.0
0.8629270887629288,-0.6590430206558897,1.2914512119452566,1.399951448462118,-1.59271713558704,1.0,0.0,0.0,-0.7761965424352865,-1.1257935654417788,True,False,False,1.0
0.19783257037311774,1.0339514571024826,-0.5516345465983006,1.399951448462118,-0.5435169304319671,1.0,1.0,0.0,1.2728971268823714,-0.7684272006212371,True,False,False,1.0
0.3641061999705705,0.7640363232819309,0.5542169085278338,-1.3938825140372253,-1.2429837338686824,1.0,1.0,0.0,1.1915031380316206,-1.691050940566578,True,False,False,1.0
-0.38412513321796693,1.1954185460844204,0.9228340602365452,-1.16106301716228,-0.8932503321503247,0.0,1.0,1.0,-0.0812953626219993,0.5060649600704833,True,False,True,1.0
-1.46490372560141,-0.8120752617059348,-0.5516345465983006,1.399951448462118,0.5056832747231058,1.0,1.0,0.0,-0.6622449580442349,1.4118512462887025,False,False,True,1.0
-0.5503987628154198,-0.0963181657710784,1.107142636090901,1.6327709453370634,-0.8932503321503247,0.0,0.0,1.0,-0.7578828949438675,0.4314990935646587,True,False,False,1.0
-0.46726194801669335,0.8760993029484992,0.36990833267347806,-0.6954240234123894,1.205150078159821,0.0,1.0,1.0,0.5830830713722563,1.5623574653188919,True,False,True,1.0
-1.2154932812052308,0.3398839701353494,0.0012911809647666106,1.399951448462118,1.5548834798781788,1.0,0.0,1.0,1.1040046000170634,-1.5817793020926048,False,False,False,1.0
-0.2178515036205142,1.4159295705896031,1.6600683636539681,-0.9282435202873347,-0.19378352871360946,1.0,1.0,1.0,1.054150781845978,-1.6233575041534563,False,True,True,1.0
1.6942952367501927,0.47484153704562543,-0.3673259707439448,-0.6954240234123894,-0.5435169304319671,0.0,1.0,1.0,0.6156406669125568,1.3774890958251889,True,False,True,1.0
0.4472430147692969,1.0231066526186212,0.36990833267347806,-1.3938825140372253,0.15594987300474816,0.0,1.0,0.0,-0.26748411211809237,0.9720157203557281,True,False,True,1.0
1.1123375331591079,1.5653468768116943,1.4757597877996123,-0.9282435202873347,-1.2429837338686824,1.0,0.0,1.0,2.6138630931984954,-1.4305858400531446,False,True,False,1.0
-1.1323564664065044,-1.4543286828057302,-0.7359431224526563,0.468673460962337,1.205150078159821,1.0,0.0,1.0,-1.2686301749823303,1.0280260256112552,False,False,False,1.0
-1.714314169997589,0.7122222574145929,0.18559975681912233,-0.46260452653744416,-1.2429837338686824,0.0,1.0,0.0,0.3918071975729915,-1.07837379780213,False,False,True,1.0
0.7797902739642024,-1.6435102721353134,0.18559975681912233,0.9343124547122276,-0.19378352871360946,1.0,0.0,1.0,-1.3378150655054688,-1.4890014958411177,False,False,True,1.0
-0.1347146888217878,-0.2011512757817391,0.18559975681912233,-0.46260452653744416,1.205150078159821,0.0,1.0,1.0,-0.6439313105528159,0.38854640548526664,True,False,False,1.0
-0.7998092072115989,0.3145794263396725,1.2914512119452566,1.6327709453370634,-0.19378352871360946,0.0,0.0,0.0,0.6156406669125568,1.1074025931819718,True,False,True,1.0
-0.38412513321796693,-1.1868235055371474,0.5542169085278338,-0.46260452653744416,-0.8932503321503247,1.0,1.0,1.0,-1.0224133587088085,1.6688801317557844,True,False,False,1.0
-0.30098831841924056,-1.448303791425807,0.5542169085278338,1.399951448462118,1.5548834798781788,1.0,1.0,1.0,-1.1974104347379233,0.4572707064122939,True,False,True,1.0
-0.5503987628154198,0.9797274346831754,-1.6574860017244348,0.9343124547122276,0.8554166764414635,0.0,1.0,0.0,-0.3437909766656715,0.8012358325520654,False,False,True,1.0
0.6135166443667497,0.35313873117118,1.4757597877996123,-1.16106301716228,1.5548834798781788,1.0,1.0,1.0,-0.2623969878149203,0.6479806414847944,False,True,False,1.0
1.1123375331591079,-0.07703851335532468,-0.9202516983070119,-0.6954240234123894,0.5056832747231058,1.0,0.0,1.0,0.05503956870300872,-0.6801164739300071,False,True,True,1.0
1.3617479775552872,0.9556278691634833,-0.5516345465983006,-0.6954240234123894,0.15594987300474816,1.0,0.0,1.0,0.1832351011429418,0.5472995406266997,False,False,False,1.0
-1.049219651607778,0.7809060191457154,0.5542169085278338,-0.46260452653744416,-0.5435169304319671,1.0,1.0,1.0,0.8455786854159284,1.6321126307598246,True,False,False,1.0
0.03155894077566496,-0.9964369379315795,1.4757597877996123,1.1671319515871728,-1.2429837338686824,0.0,1.0,1.0,-0.5889903680785591,1.375427366797378,True,False,False,1.0
1.6942952367501927,-0.9711323941359029,-0.5516345465983006,0.003034467212446404,-0.19378352871360946,1.0,0.0,1.0,-0.5065789543671736,-0.8983161293733187,True,False,True,1.0
1.0292007183603815,0.08322359735062825,0.18559975681912233,0.7014929578372823,-0.8932503321503247,0.0,0.0,0.0,0.23919346847783324,0.7129251058608352,True,False,False,1.0
-1.6311773551988626,-0.36020840821170724,-0.5516345465983006,-1.16106301716228,-1.2429837338686824,0.0,0.0,1.0,-0.02635442014774224,1.3692421797139451,True,False,True,1.0
-0.9660828368090516,-0.5457750627133365,-0.1830173948895891,0.003034467212446404,-0.19378352871360946,0.0,1.0,1.0,-0.4974221306214641,-0.8670465724515213,True,False,True,1.0
1.1123375331591079,-0.9542626982721183,1.6600683636539681,0.003034467212446404,0.5056832747231058,0.0,0.0,1.0,-0.43841148870466956,-0.3055690338777087,True,False,True,1.0
0.6135166443667497,-0.5096257144337984,-0.7359431224526563,-0.2297850296624989,-1.2429837338686824,0.0,0.0,1.0,-0.2349265165777919,0.22120273272795515,True,False,True,1.0
-0.30098831841924056,-0.22163590647347742,0.0012911809647666106,1.399951448462118,-1.2429837338686824,1.0,1.0,0.0,-0.19422952215241635,-0.2808282855439789,False,True,False,1.0
0.696653459165476,0.6917376267228543,-1.6574860017244348,-0.6954240234123894,-0.19378352871360946,0.0,0.0,0.0,0.7560452976801023,1.703242282219298,True,False,True,1.0
0.2809693851718441,1.2400027422958504,-0.7359431224526563,-0.6954240234123894,1.205150078159821,1.0,0.0,1.0,2.351367479154823,-0.20420069001034336,False,False,False,1.0
-1.3817669108026835,1.3002516560950808,-1.1045602741613676,-1.16106301716228,0.5056832747231058,0.0,1.0,0.0,0.6105535426093848,-1.2766434059766036,False,True,False,1.0
1.52802160715274,1.2303629160879739,1.107142636090901,1.6327709453370634,-1.59271713558704,0.0,0.0,0.0,0.29311698609145553,-0.025861129104707732,True,False,True,1.0
-0.8829460220103252,0.15190735908175088,1.4757597877996123,-1.6267020109121706,1.5548834798781788,1.0,0.0,1.0,-0.007023347795688912,0.5785690975484971,True,False,False,1.0
1.0292007183603815,0.3724183835869337,1.2914512119452566,-1.16106301716228,0.8554166764414635,1.0,0.0,0.0,-0.2634144126755547,-0.8783860821044807,True,False,False,1.0
-0.5503987628154198,-0.031249338867909527,0.36990833267347806,-0.6954240234123894,1.5548834798781788,1.0,0.0,1.0,0.6471808375922228,-1.0622235870842787,True,False,True,1.0
-0.5503987628154198,0.5555750815365939,1.6600683636539681,-0.9282435202873347,-0.5435169304319671,1.0,1.0,1.0,1.4753646741486148,-0.9773490754394,True,False,False,1.0
-1.049219651607778,-1.1097048958741325,0.7385254843821895,-0.6954240234123894,-0.19378352871360946,0.0,0.0,0.0,-1.265577900400427,-0.3045381693638032,True,False,True,1.0
0.7797902739642024,-0.6325334985842284,1.6600683636539681,-1.3938825140372253,0.15594987300474816,1.0,0.0,0.0,-0.5126835035309799,0.7713407616488085,True,False,False,1.0
-1.2154932812052308,0.4061577753145028,-0.3673259707439448,1.399951448462118,-0.5435169304319671,0.0,0.0,1.0,-0.6317222122252034,0.5686040739140779,True,False,True,1.0
1.2786111627565606,-1.7676230345617279,1.4757597877996123,0.003034467212446404,0.8554166764414635,0.0,1.0,1.0,-1.4660105979454017,1.088847031931674,True,False,True,1.0
-0.7166723924128725,-1.7314736862821896,-1.1045602741613676,0.7014929578372823,0.15594987300474816,0.0,1.0,1.0,-1.4894113697399927,-0.3141595714935871,True,False,False,1.0
1.3617479775552872,0.3724183835869337,-1.4731774258700792,-1.6267020109121706,-1.59271713558704,1.0,0.0,1.0,-0.4536728616141854,-0.460542332468155,True,False,False,1.0
0.11469575557439135,-0.7952055658421502,-1.6574860017244348,-1.16106301716228,0.5056832747231058,0.0,0.0,0.0,-0.6469835851347191,-1.0367955957412784,True,False,False,1.0
-1.3817669108026835,-0.5301103451255368,-0.9202516983070119,-1.3938825140372253,0.8554166764414635,1.0,1.0,0.0,-0.15963707689084716,1.7104583338166357,True,False,True,1.0
-0.6335355776141461,-0.25778525475301567,1.4757597877996123,-0.6954240234123894,0.5056832747231058,1.0,1.0,0.0,-0.7131162010759543,-0.41002997128679003,True,False,True,1.0
-1.714314169997589,0.36639349220701056,-1.1045602741613676,-0.6954240234123894,1.205150078159821,1.0,1.0,0.0,0.7194180026972644,1.0345548341993227,True,False,True,1.0
-0.5503987628154198,-0.3108042988963383,-0.1830173948895891,0.003034467212446404,0.5056832747231058,1.0,1.0,0.0,-0.8494511324009624,-0.7330341856438181,True,False,True,1.0
-0.8829460220103252,-1.2579172238202392,1.2914512119452566,0.468673460962337,-1.2429837338686824,0.0,0.0,1.0,-1.3184839931534156,-0.0399496107947482,True,False,False,1.0
-0.8829460220103252,1.6448754430266783,0.5542169085278338,1.6327709453370634,0.15594987300474816,0.0,1.0,0.0,2.297443961541201,-0.7110424093471693,True,False,True,1.0
0.2809693851718441,1.4544888754211107,-0.3673259707439448,-1.16106301716228,0.5056832747231058,0.0,1.0,0.0,0.6858429822963293,-0.17808545565807307,True,False,True,1.0
-1.3817669108026835,0.4760465153216098,1.6600683636539681,-1.16106301716228,-1.2429837338686824,1.0,0.0,1.0,1.1121439989021382,-0.12791671598134316,False,False,False,1.0
-1.46490372560141,-1.6085659021317598,-1.6574860017244348,1.399951448462118,0.5056832747231058,1.0,0.0,0.0,-1.2716824495642336,-0.3495525864710061,True,False,False,1.0
-1.1323564664065044,-0.8217150879138116,-1.2888688500157235,0.9343124547122276,-0.8932503321503247,1.0,0.0,0.0,-0.421115266073885,-0.24234267702484347,True,False,False,1.0
-1.2154932812052308,0.11575801080221257,0.9228340602365452,-0.2297850296624989,-0.19378352871360946,1.0,0.0,1.0,0.5596822995776654,-0.798665893029129,True,False,False,1.0
-1.1323564664065044,0.32542423082353394,0.18559975681912233,0.23585396408739168,-0.5435169304319671,0.0,0.0,1.0,0.7173831529759956,0.3167295110165231,True,False,False,1.0
-0.051577874023061424,0.9242984339878838,-0.7359431224526563,0.003034467212446404,-0.19378352871360946,1.0,0.0,0.0,1.5994905071460102,0.42806287851830727,False,False,True,1.0
1.6111584219514663,-1.7567782300778665,0.9228340602365452,-0.2297850296624989,-0.5435169304319671,1.0,0.0,1.0,-1.4924636443218957,-1.348116678940712,True,False,True,1.0
-0.8829460220103252,-0.7674910654945042,0.7385254843821895,-0.46260452653744416,-1.59271713558704,1.0,0.0,0.0,-0.9094791991783913,-0.4162151583702225,False,True,False,1.0
-0.6335355776141461,-1.1723637662253321,0.5542169085278338,-1.3938825140372253,0.8554166764414635,0.0,0.0,0.0,-0.9725595405377234,1.5060035385587296,True,False,True,1.0
1.0292007183603815,0.4206175146263178,0.9228340602365452,-1.3938825140372253,0.15594987300474816,1.0,1.0,0.0,0.5566300249957621,0.17515745110684702,True,False,True,1.0
-1.049219651607778,-0.9205233065445494,-0.1830173948895891,0.23585396408739168,-1.2429837338686824,0.0,1.0,0.0,-1.147556616566838,1.181624838183161,False,False,True,1.0
0.2809693851718441,1.2110832636722202,0.36990833267347806,-0.2297850296624989,-1.2429837338686824,0.0,0.0,0.0,1.6859716202999335,-0.8835404046740079,True,False,True,1.0
0.03155894077566496,-1.5507269448844987,1.2914512119452566,0.7014929578372823,0.5056832747231058,1.0,1.0,0.0,-1.3825817593733818,0.7015855962078758,False,False,False,1.0
-1.1323564664065044,0.42423244945427174,1.6600683636539681,-1.16106301716228,-0.5435169304319671,0.0,0.0,1.0,-0.49843955548209845,1.677470669371663,False,False,False,1.0
0.7797902739642024,-0.22525084130143114,0.7385254843821895,0.468673460962337,-0.5435169304319671,1.0,1.0,0.0,-0.7365169728705453,-1.2330034748879413,True,False,True,1.0
-1.6311773551988626,0.43989716704207155,0.5542169085278338,1.399951448462118,0.5056832747231058,1.0,1.0,0.0,0.09268428854648118,0.36449290016080704,True,False,False,1.0
-0.1347146888217878,0.506170972221225,1.6600683636539681,-0.46260452653744416,0.5056832747231058,1.0,1.0,1.0,0.5261072791767304,-1.6628739771864969,True,False,False,1.0
1.0292007183603815,0.016949792171474787,0.5542169085278338,-0.9282435202873347,0.8554166764414635,1.0,1.0,0.0,-0.24815303976603886,1.5063471600633649,False,False,True,1.0
1.52802160715274,0.29409479564793445,-1.6574860017244348,1.6327709453370634,-0.5435169304319671,1.0,1.0,1.0,-0.13725372995689056,1.4465570182568508,True,False,True,1.0
-0.051577874023061424,-1.0181265468993026,0.0012911809647666106,-0.46260452653744416,0.5056832747231058,0.0,0.0,0.0,-0.8413117335158874,1.302579607814729,True,False,True,1.0
-0.051577874023061424,0.5676248642964401,1.6600683636539681,-0.6954240234123894,-1.2429837338686824,1.0,0.0,0.0,0.3165177578860465,0.9995054407265389,False,False,False,1.0
0.696653459165476,-0.639763368240136,-0.7359431224526563,0.23585396408739168,0.15594987300474816,1.0,1.0,1.0,-0.32649475403488687,-0.24955872862218137,True,False,False,1.0
-0.30098831841924056,-1.6591749897231132,0.5542169085278338,-0.9282435202873347,-0.8932503321503247,1.0,1.0,0.0,-1.395808282561629,1.6341743597876355,True,False,False,1.0
-1.2154932812052308,0.6230538649917321,-1.4731774258700792,-1.6267020109121706,1.5548834798781788,1.0,1.0,1.0,0.663459635362373,-0.4340834766112497,True,False,False,1.0
-0.46726194801669335,-1.7652130780097588,-1.6574860017244348,-0.2297850296624989,1.5548834798781788,0.0,1.0,0.0,-1.490428794600627,0.18890231129225243,False,True,False,1.0
0.696653459165476,0.9435780864036372,-0.7359431224526563,-0.46260452653744416,0.5056832747231058,0.0,0.0,0.0,1.7073375423732557,1.67059823927896,False,False,False,1.0
0.8629270887629288,-1.5543418797124526,0.9228340602365452,-1.6267020109121706,1.205150078159821,0.0,0.0,1.0,-1.3520590135543502,0.8465938711639032,True,False,True,1.0
0.6135166443667497,0.7592164101779926,0.18559975681912233,-0.2297850296624989,1.205150078159821,1.0,0.0,1.0,1.6564662993415362,1.6554788930750142,False,False,True,1.0
0.8629270887629288,-0.9289581544764417,0.9228340602365452,0.7014929578372823,0.15594987300474816,0.0,1.0,0.0,-0.9837512140047017,-1.6996414781824565,True,False,False,1.0
-0.38412513321796693,1.079740631589898,0.0012911809647666106,0.9343124547122276,0.8554166764414635,0.0,1.0,0.0,0.6441285630103194,1.3221660335789318,True,False,True,1.0
0.11469575557439135,1.6870496826861396,-0.7359431224526563,-0.2297850296624989,-1.2429837338686824,0.0,0.0,1.0,1.127405371811654,0.9026041764194302,True,False,False,1.0
-1.2154932812052308,-1.5567518362644217,0.5542169085278338,0.7014929578372823,0.5056832747231058,0.0,0.0,1.0,-1.3785120599308445,-1.1835219782204818,True,False,False,1.0
0.7797902739642024,0.9459880429556067,-0.3673259707439448,0.7014929578372823,1.205150078159821,1.0,0.0,1.0,0.23308891931402667,-0.44507936475957405,True,False,False,1.0
0.696653459165476,0.020564726999428528,-0.1830173948895891,-0.2297850296624989,0.15594987300474816,0.0,1.0,1.0,-0.6622449580442349,-0.6144847665446961,False,False,False,1.0
-0.5503987628154198,0.867664455016607,0.18559975681912233,0.23585396408739168,-1.59271713558704,0.0,0.0,0.0,1.711407241815793,1.3036104723286344,True,False,False,1.0
-0.46726194801669335,-1.1109098741501173,1.2914512119452566,-0.9282435202873347,-1.2429837338686824,1.0,0.0,0.0,-1.1607831397550852,1.0644499051025798,True,False,False,1.0
-0.46726194801669335,0.008514944239582505,0.0012911809647666106,-0.6954240234123894,1.5548834798781788,0.0,0.0,1.0,-0.3631220490177248,0.5046904740519426,True,False,False,1.0
-1.46490372560141,1.4725635495608795,-0.1830173948895891,0.9343124547122276,0.5056832747231058,0.0,0.0,0.0,0.8699968820711539,0.4397460096759018,True,False,False,1.0
0.11469575557439135,-0.8156901965338885,1.4757597877996123,0.9343124547122276,1.205150078159821,0.0,1.0,0.0,-1.0783717260436998,1.5596084932818108,False,False,False,1.0
-0.6335355776141461,0.6049791908519627,1.2914512119452566,1.399951448462118,-0.19378352871360946,1.0,1.0,1.0,-0.0843476372039024,0.27893114550665804,True,False,True,1.0
-0.5503987628154198,-0.6963973472114124,0.5542169085278338,-1.6267020109121706,0.8554166764414635,0.0,0.0,0.0,-0.4628296853598949,0.9730465848696336,True,False,True,1.0
0.19783257037311774,0.7483716056941311,-1.6574860017244348,1.6327709453370634,-1.59271713558704,1.0,0.0,0.0,0.7743589451715213,-0.22206900825137055,True,False,True,1.0
0.4472430147692969,0.20854133805302724,-0.3673259707439448,0.003034467212446404,0.15594987300474816,0.0,0.0,1.0,-0.630704787364569,-1.4951866829245501,True,False,False,1.0
-0.9660828368090516,-1.4940929659132223,0.9228340602365452,-0.6954240234123894,-1.2429837338686824,0.0,0.0,1.0,-1.1302603939360536,1.6929336370802437,True,False,True,1.0
0.19783257037311774,-0.49396099684599853,-1.6574860017244348,0.9343124547122276,0.5056832747231058,0.0,1.0,1.0,-0.6093388652912468,-1.415810115353834,True,False,True,1.0
-1.6311773551988626,-0.5264954102975828,-1.6574860017244348,-1.6267020109121706,-0.8932503321503247,1.0,1.0,1.0,-0.8382594589339841,-0.9907503141201702,False,True,False,1.0
-1.2986300960039572,-0.19271642784984683,0.5542169085278338,-0.2297850296624989,0.5056832747231058,1.0,1.0,1.0,0.31550033302541236,0.2954249777291447,True,False,False,1.0
0.4472430147692969,0.02176970527541311,-0.5516345465983006,0.7014929578372823,-1.59271713558704,1.0,1.0,0.0,-0.6612275331836005,-1.0257997075929541,True,False,True,1.0
0.7797902739642024,-0.38551295200738384,-0.3673259707439448,1.399951448462118,0.5056832747231058,1.0,0.0,0.0,0.17102600281532904,0.13048665550427915,True,False,False,1.0
0.3641061999705705,0.7447566708661771,-1.2888688500157235,1.399951448462118,1.205150078159821,1.0,0.0,1.0,0.9157810007997013,-0.6313222202718178,True,False,True,1.0
-1.714314169997589,1.3484507871344653,1.6600683636539681,-0.2297850296624989,1.205150078159821,0.0,0.0,0.0,0.2982041103946276,-0.2155401996633028,False,False,True,1.0
-0.46726194801669335,-1.6302555110994827,1.2914512119452566,-0.6954240234123894,1.205150078159821,1.0,1.0,0.0,-1.3897037333978226,-1.1934870018549006,True,False,True,1.0
0.7797902739642024,-0.7831557830823042,-0.5516345465983006,0.9343124547122276,-0.8932503321503247,0.0,1.0,0.0,-0.6897154292813635,-0.5708448354560338,False,False,False,1.0
-0.9660828368090516,-1.6386903590313748,0.7385254843821895,1.6327709453370634,0.15594987300474816,0.0,0.0,0.0,-1.4863590951580896,0.3211965905767799,False,False,True,1.0
-1.3817669108026835,1.4605137668010337,-1.1045602741613676,1.399951448462118,1.205150078159821,0.0,0.0,0.0,1.8487595980014357,-0.3069435198962492,False,False,True,1.0
0.03155894077566496,-1.7073741207624975,0.9228340602365452,0.003034467212446404,0.5056832747231058,1.0,1.0,1.0,-1.5006030432069708,0.6991802456754296,True,False,False,1.0
-0.30098831841924056,0.6784828656870238,0.9228340602365452,1.6327709453370634,1.5548834798781788,0.0,0.0,1.0,0.7407839247705866,-0.7350959146716289,True,False,True,1.0
0.4472430147692969,1.6051111599191865,0.36990833267347806,-0.6954240234123894,0.15594987300474816,1.0,1.0,0.0,1.0999349005745254,0.6345794028040241,True,False,True,1.0
0.7797902739642024,1.505097963012464,-0.1830173948895891,1.6327709453370634,0.5056832747231058,1.0,1.0,1.0,-0.034493819032817355,-1.4147792508399284,True,False,True,1.0
-0.051577874023061424,1.2472326119517585,0.5542169085278338,0.23585396408739168,-1.59271713558704,0.0,0.0,1.0,0.8598226334648099,-0.7072625727961829,True,False,False,1.0
1.1954743479578342,-0.7964105441181348,-1.1045602741613676,-0.2297850296624989,-1.2429837338686824,0.0,1.0,1.0,-0.3956796445580253,0.127050440457928,True,False,False,1.0
-0.30098831841924056,0.711017279138608,0.18559975681912233,-0.6954240234123894,-1.59271713558704,0.0,1.0,0.0,1.2901933495131561,0.5215279277790645,False,True,True,1.0
-0.8829460220103252,-1.3615453555549153,-0.7359431224526563,1.6327709453370634,-0.5435169304319671,0.0,1.0,0.0,-1.2350551545813957,0.04733025138257638,False,True,True,1.0
-0.5503987628154198,-0.9819771986197643,0.0012911809647666106,1.6327709453370634,-0.5435169304319671,1.0,0.0,0.0,-0.7731442678533832,-1.3013841543103335,True,False,True,1.0
-0.7998092072115989,1.0905854360737595,0.18559975681912233,-0.46260452653744416,1.5548834798781788,0.0,0.0,0.0,0.794707442384209,0.27858752400202297,True,False,True,1.0
-1.3817669108026835,-0.8916038279209189,0.9228340602365452,-1.3938825140372253,0.8554166764414635,0.0,1.0,0.0,-1.0203785089875395,1.6599459726352708,False,True,True,1.0
0.03155894077566496,0.34108894841133375,-1.2888688500157235,-1.6267020109121706,0.15594987300474816,1.0,1.0,1.0,0.485410284751355,-0.42240034545365496,True,False,False,1.0
1.2786111627565606,1.4797934192167874,0.36990833267347806,0.468673460962337,-0.5435169304319671,1.0,1.0,1.0,1.2210084589900179,-0.23375213940896505,False,False,False,1.0
-0.5503987628154198,-0.8903988496449342,1.4757597877996123,-0.2297850296624989,-1.2429837338686824,1.0,1.0,1.0,-0.6998896778877074,-0.9354272518739133,True,False,True,1.0
0.7797902739642024,-0.35056858200383034,1.6600683636539681,1.399951448462118,1.205150078159821,0.0,0.0,1.0,-0.625617663061397,0.6565711791006729,True,False,True,1.0
-1.6311773551988626,-1.7109890555904512,-0.9202516983070119,0.003034467212446404,0.5056832747231058,0.0,0.0,1.0,-1.5006030432069708,-0.0007767592663426485,True,False,False,1.0
-0.9660828368090516,1.664155095442432,-1.2888688500157235,1.399951448462118,-0.19378352871360946,0.0,0.0,1.0,0.9005196278901856,1.219079582188391,True,False,False,1.0
0.9460639035616552,1.6268007688869093,0.0012911809647666106,-1.3938825140372253,1.5548834798781788,1.0,1.0,1.0,0.1832351011429418,1.4063533022145405,True,False,False,1.0
-1.2154932812052308,0.46520171083774836,-0.9202516983070119,-1.6267020109121706,-0.19378352871360946,0.0,0.0,1.0,-0.1952469470130507,-1.330935603708955,False,False,False,1.0
-0.051577874023061424,0.5109908853251633,-0.1830173948895891,-0.9282435202873347,0.5056832747231058,0.0,0.0,1.0,1.1497887187456106,0.9180671441280115,False,False,True,1.0
1.6942952367501927,-1.338650768311208,-0.7359431224526563,0.468673460962337,0.5056832747231058,0.0,0.0,1.0,-1.3052574699651684,0.9902276601013904,False,False,True,1.0
1.1954743479578342,-0.6554280858279358,-0.9202516983070119,1.6327709453370634,-1.2429837338686824,0.0,1.0,1.0,-0.27358866128189857,-0.41346618633314147,False,False,False,1.0
1.52802160715274,-1.6133858152356984,-1.4731774258700792,1.1671319515871728,-0.8932503321503247,1.0,0.0,0.0,-1.4131045051924136,-0.4715382206164794,True,False,False,1.0
-0.5503987628154198,-1.2241778320926702,-0.5516345465983006,1.6327709453370634,1.205150078159821,1.0,0.0,1.0,-0.8087541379755868,-1.3639232681539282,False,False,False,1.0
0.7797902739642024,0.9628577388193909,1.2914512119452566,-1.3938825140372253,1.205150078159821,1.0,1.0,1.0,0.06317896758808401,-1.27973599951832,False,True,True,1.0
1.3617479775552872,-1.5350622272966987,-1.4731774258700792,-0.9282435202873347,-0.5435169304319671,1.0,0.0,1.0,-1.4029302565860697,0.6888716005363755,True,False,False,1.0
-1.049219651607778,-1.1133198307020864,1.2914512119452566,1.1671319515871728,0.5056832747231058,1.0,1.0,0.0,-1.1821490618284072,-0.4574497389264389,True,False,False,1.0
0.9460639035616552,0.19408159874121184,-1.6574860017244348,1.1671319515871728,-1.59271713558704,1.0,0.0,1.0,0.015359999138267695,0.8032975615798759,False,False,False,1.0
-0.38412513321796693,-0.7108570865232278,0.9228340602365452,0.468673460962337,-0.8932503321503247,0.0,1.0,0.0,-0.7080290767727825,0.37789413884157735,False,False,True,1.0
0.7797902739642024,-1.6688148159309901,-0.7359431224526563,-0.2297850296624989,0.8554166764414635,1.0,1.0,0.0,-1.5006030432069708,-1.5271434828556179,False,False,False,1.0
0.9460639035616552,-0.2156110150935543,-1.1045602741613676,-0.9282435202873347,-0.8932503321503247,0.0,1.0,1.0,-0.725325299403567,-0.35195793700345207,False,True,True,1.0
1.4448847923540136,0.5591900163645478,0.18559975681912233,1.399951448462118,-0.19378352871360946,0.0,1.0,0.0,0.06724866703062148,0.6954004091244431,False,False,True,1.0
-0.8829460220103252,-0.4795012575341833,0.7385254843821895,1.1671319515871728,-0.5435169304319671,1.0,0.0,1.0,-0.7110813513546856,-0.5553818677474526,False,False,True,1.0
-1.049219651607778,-1.2181529407127474,1.107142636090901,-1.6267020109121706,1.5548834798781788,1.0,0.0,1.0,-0.7863707910416303,-1.6195776676024698,False,False,True,1.0
-1.46490372560141,0.7013774529307314,0.5542169085278338,0.468673460962337,1.205150078159821,1.0,0.0,1.0,0.7336619507461459,1.6589151081213653,False,False,True,1.0
0.3641061999705705,0.7230670618984543,-0.9202516983070119,0.23585396408739168,1.5548834798781788,1.0,0.0,1.0,0.5311944034799024,1.2627195132770532,False,False,True,1.0
1.3617479775552872,-0.43371208304676817,-0.9202516983070119,-1.3938825140372253,0.8554166764414635,0.0,0.0,0.0,-0.6317222122252034,0.8981370968591736,False,True,True,1.0
1.2786111627565606,1.1026352188336053,-0.5516345465983006,-1.16106301716228,-0.5435169304319671,1.0,1.0,1.0,0.8364218616702189,-0.37154436276765485,True,False,True,1.0
1.52802160715274,-1.3723901600387767,-0.7359431224526563,0.003034467212446404,-1.2429837338686824,1.0,0.0,1.0,-1.0152913846843676,1.0493305588986337,False,False,False,1.0
-0.7166723924128725,0.3904930577267026,-0.3673259707439448,0.468673460962337,0.8554166764414635,1.0,0.0,1.0,0.6878778320175981,0.06073149006334671,True,False,False,1.0
-1.3817669108026835,1.389420048517942,1.107142636090901,-0.2297850296624989,-1.59271713558704,1.0,1.0,0.0,1.1538584181881482,-0.9282112002765754,False,True,True,1.0
-0.5503987628154198,-0.3445436906239072,1.6600683636539681,0.9343124547122276,-0.8932503321503247,0.0,1.0,1.0,-0.013127896959495292,0.10643315017981977,True,False,False,1.0
1.0292007183603815,-1.6748397073109131,1.2914512119452566,1.6327709453370634,0.5056832747231058,0.0,1.0,1.0,-1.4507492250358858,-1.4752566356557124,True,False,True,1.0
-1.049219651607778,-0.21681599336953908,1.107142636090901,0.7014929578372823,0.5056832747231058,1.0,1.0,1.0,-0.11792265760483722,0.9727029633649983,True,False,False,1.0
0.03155894077566496,1.1339646540092052,1.2914512119452566,-0.6954240234123894,0.15594987300474816,1.0,1.0,0.0,-0.27053638669999547,-0.06915743868873483,False,False,True,1.0
0.19783257037311774,1.526787571980187,-1.6574860017244348,1.399951448462118,1.205150078159821,0.0,1.0,1.0,2.604706269452786,0.012280857909792373,True,False,False,1.0
1.6942952367501927,1.0544360877942212,-0.5516345465983006,-1.3938825140372253,0.15594987300474816,1.0,0.0,0.0,0.4548875389323233,-0.5244559323302903,False,False,True,1.0
-1.1323564664065044,0.07840368424668949,-1.6574860017244348,-0.2297850296624989,-0.19378352871360946,1.0,1.0,1.0,0.7794460694746933,-0.31656492202603304,False,True,False,1.0
0.5303798295680233,-0.16741188405417018,-0.3673259707439448,0.23585396408739168,1.205150078159821,1.0,0.0,0.0,-0.0985915852527839,-0.3289352961928979,False,False,True,1.0
-0.1347146888217878,0.3230142742715648,-0.3673259707439448,-1.16106301716228,-0.5435169304319671,0.0,1.0,0.0,0.13948583213566312,-0.2938859027201139,False,False,False,1.0
-1.2986300960039572,-1.0024618293115026,-0.1830173948895891,0.003034467212446404,0.8554166764414635,0.0,0.0,0.0,-1.2279331805569549,-0.18255253521832993,False,False,True,1.0
-1.6311773551988626,0.6543833001673317,0.9228340602365452,0.468673460962337,0.5056832747231058,0.0,1.0,1.0,-0.3468432512475746,-1.2354088254203874,False,False,True,1.0
-1.46490372560141,-0.7626711523905658,-1.6574860017244348,-1.16106301716228,0.15594987300474816,0.0,0.0,1.0,-0.4689342345237011,-0.5471349516362095,True,False,True,1.0
0.03155894077566496,0.008514944239582505,0.5542169085278338,-1.6267020109121706,-1.2429837338686824,0.0,0.0,0.0,-0.7324472734280079,-1.7075447727890645,True,False,False,1.0
0.19783257037311774,1.0098518915827905,-0.7359431224526563,0.7014929578372823,-0.5435169304319671,0.0,1.0,0.0,1.227113008153824,0.9936638751477416,True,False,True,1.0
0.3641061999705705,1.5677568333636638,0.36990833267347806,1.6327709453370634,0.15594987300474816,0.0,1.0,1.0,-0.09452188581024625,0.6806246844251325,True,False,False,1.0
-0.7166723924128725,-0.45540169201449104,-1.2888688500157235,0.9343124547122276,-0.19378352871360946,1.0,0.0,0.0,-0.05891201568804269,1.232137199364526,True,False,False,1.0
-0.38412513321796693,-0.41925234373495296,0.18559975681912233,-1.3938825140372253,-0.19378352871360946,0.0,0.0,1.0,-0.36413947387835915,-0.5780608870533717,True,False,True,1.0
1.1123375331591079,0.26397033874831927,-1.4731774258700792,-0.6954240234123894,-1.59271713558704,0.0,0.0,1.0,0.8231953384819719,-0.5684394849235879,True,False,True,1.0
0.4472430147692969,-1.4543286828057302,-0.5516345465983006,1.6327709453370634,-1.59271713558704,1.0,0.0,1.0,-1.23607257944203,-0.8557070627985617,False,False,True,1.0
-0.051577874023061424,-0.8626843492972882,-0.1830173948895891,1.1671319515871728,0.8554166764414635,1.0,0.0,1.0,-0.8362246092127154,1.3692421797139451,False,False,False,1.0
-0.051577874023061424,-0.45419671373850645,-0.3673259707439448,-0.6954240234123894,0.8554166764414635,1.0,0.0,1.0,0.20867072265880152,1.2111762875817829,True,False,False,1.0
1.1123375331591079,0.15311233735773522,0.18559975681912233,0.7014929578372823,-0.19378352871360946,1.0,0.0,1.0,-0.08027793776136494,0.47548264615795616,True,False,False,1.0
-0.46726194801669335,0.307349556683765,-0.1830173948895891,0.003034467212446404,0.15594987300474816,1.0,1.0,0.0,-0.07824308804009603,-0.047509283896721405,True,False,True,1.0
1.1954743479578342,-1.048251003798918,1.6600683636539681,0.468673460962337,-0.8932503321503247,0.0,1.0,1.0,-0.9176185980634666,-1.2082627265542114,True,False,True,1.0
-1.714314169997589,0.30373462185581107,-0.3673259707439448,1.6327709453370634,1.205150078159821,1.0,1.0,1.0,-0.46486453508116365,0.2222335972418606,True,False,True,1.0
-0.1347146888217878,0.10009329321441238,-0.1830173948895891,-0.6954240234123894,1.205150078159821,1.0,1.0,1.0,-0.1871075481279756,-0.32996616070680335,True,False,False,1.0
1.3617479775552872,0.9447830646796219,-1.2888688500157235,1.399951448462118,0.15594987300474816,1.0,0.0,0.0,0.008238025113826947,1.0572338535052417,False,True,True,1.0
0.11469575557439135,0.39772292738261056,-1.4731774258700792,1.399951448462118,1.5548834798781788,0.0,1.0,1.0,-0.4801259079906795,0.4727336741208749,True,False,True,1.0
0.11469575557439135,1.6219808557829711,1.6600683636539681,-0.2297850296624989,-0.19378352871360946,0.0,1.0,0.0,2.1488999318885798,1.1008737845939043,True,False,False,1.0
0.6135166443667497,0.19649155529318102,0.7385254843821895,-1.3938825140372253,-1.2429837338686824,0.0,1.0,0.0,-0.4455334627291103,-0.26227272429368154,False,True,True,1.0
-1.5480405404001363,-1.1386243744977633,0.9228340602365452,-1.3938825140372253,-1.59271713558704,1.0,0.0,0.0,-0.7517783457800612,1.622834850134676,False,True,True,1.0
-1.2154932812052308,1.3038665909230347,-0.7359431224526563,-0.2297850296624989,-0.5435169304319671,1.0,1.0,0.0,1.823323976485576,-0.7488407748570344,False,False,False,1.0
1.1123375331591079,1.4159295705896031,-1.2888688500157235,-0.2297850296624989,-0.19378352871360946,1.0,1.0,0.0,1.964746032113756,1.3331619217272561,True,False,False,1.0
1.3617479775552872,-1.2217678755407009,1.2914512119452566,0.23585396408739168,-1.59271713558704,0.0,1.0,1.0,-1.3093271694077058,1.4671743085349593,False,False,True,1.0
-0.46726194801669335,0.1832367942573504,0.0012911809647666106,-1.6267020109121706,-0.8932503321503247,1.0,0.0,1.0,-0.0019362234925168987,-0.44954644431983065,True,False,True,1.0
0.11469575557439135,-1.4663784655655763,1.2914512119452566,0.9343124547122276,1.205150078159821,1.0,0.0,0.0,-1.312379443989609,-1.423369788455807,True,False,True,1.0
0.8629270887629288,-0.7000122820393664,0.5542169085278338,1.6327709453370634,1.205150078159821,0.0,1.0,0.0,-1.068197477437356,0.215361167149158,True,False,True,1.0
1.0292007183603815,-1.620615684891606,-1.4731774258700792,-0.6954240234123894,0.5056832747231058,0.0,1.0,1.0,-1.2767695738674056,-1.3240631736162525,True,False,False,1.0
1.2786111627565606,1.340015939202573,-0.1830173948895891,-0.9282435202873347,-0.5435169304319671,1.0,1.0,1.0,2.186544651732053,1.1998367779288233,False,True,True,1.0
-1.3817669108026835,1.6629501171664476,-0.3673259707439448,-1.3938825140372253,-1.59271713558704,0.0,0.0,0.0,1.1976076871954269,-0.8471165251826833,False,False,False,1.0
0.11469575557439135,0.8821241943284224,-0.3673259707439448,0.003034467212446404,0.15594987300474816,1.0,1.0,0.0,0.011290299695730048,-0.11554634181447827,True,False,False,1.0
1.3617479775552872,-0.7024222385913356,-1.4731774258700792,0.003034467212446404,1.205150078159821,0.0,1.0,1.0,-0.33972127722313383,-0.874262624048859,True,False,False,1.0
-1.46490372560141,0.6519733436153625,1.107142636090901,1.1671319515871728,-1.2429837338686824,0.0,1.0,0.0,-0.27867578558507056,-1.0312976516671164,True,False,True,1.0
-0.30098831841924056,-1.182003592433209,-1.1045602741613676,0.23585396408739168,-0.5435169304319671,0.0,0.0,0.0,-0.8209632363031996,-0.29422952422474924,False,True,False,1.0
-0.7166723924128725,0.6158239953358242,1.4757597877996123,-0.46260452653744416,-0.19378352871360946,1.0,1.0,1.0,-0.49945698034273284,0.5933448222478076,True,False,False,1.0
-1.2986300960039572,1.6448754430266783,0.18559975681912233,0.468673460962337,-1.59271713558704,0.0,1.0,1.0,1.077551553640569,1.0671988771396608,False,False,True,1.0
-0.8829460220103252,-0.19753634095378536,0.9228340602365452,-0.9282435202873347,0.5056832747231058,1.0,1.0,0.0,0.5200027300129242,0.4538344913659425,False,False,False,1.0
-1.3817669108026835,-0.3481586254518612,1.6600683636539681,1.6327709453370634,0.5056832747231058,1.0,0.0,1.0,-0.3488781009688433,1.0190918664907416,True,False,False,1.0
-1.2986300960039572,-0.6313285203082437,1.4757597877996123,-0.46260452653744416,-1.59271713558704,1.0,1.0,1.0,-0.08333021234326804,-0.16159162343558664,True,False,True,1.0
-0.5503987628154198,-0.2710400157888463,-0.9202516983070119,-0.6954240234123894,0.5056832747231058,0.0,1.0,1.0,-0.24611819004477012,-1.4756002571603475,True,False,True,1.0
-1.2154932812052308,1.2773570688513736,1.107142636090901,0.7014929578372823,1.205150078159821,1.0,1.0,1.0,1.8823346184023704,-1.5735323859813612,True,False,False,1.0
-0.46726194801669335,-0.3710532126955687,0.18559975681912233,-0.46260452653744416,0.5056832747231058,1.0,0.0,0.0,-0.4974221306214641,-1.2103244555820223,False,True,False,1.0
0.2809693851718441,-0.011969686452155803,0.5542169085278338,0.9343124547122276,-1.59271713558704,1.0,0.0,1.0,0.07945776535823423,1.037647427741039,True,False,False,1.0
1.6111584219514663,-1.0121016555193796,-0.5516345465983006,0.23585396408739168,1.5548834798781788,1.0,1.0,1.0,-0.6612275331836005,0.026369339599833085,False,False,True,1.0
1.0292007183603815,1.5219676588762485,1.107142636090901,-0.2297850296624989,0.15594987300474816,0.0,1.0,0.0,0.34093595454127207,1.5757587039996623,True,False,True,1.0
1.1954743479578342,0.059124031830935765,0.0012911809647666106,-1.16106301716228,0.8554166764414635,0.0,0.0,0.0,0.7886028932204028,-0.5808098590904527,True,False,True,1.0
1.6111584219514663,1.4038797878297569,0.7385254843821895,0.23585396408739168,-0.8932503321503247,1.0,0.0,1.0,2.1112552120451076,-1.383509693918131,True,False,True,1.0
-1.049219651607778,-0.5204705189176599,0.36990833267347806,-0.9282435202873347,0.15594987300474816,0.0,0.0,1.0,-0.15353252772704076,0.7115506198422944,True,False,False,1.0
0.3641061999705705,1.3797802223100648,-1.2888688500157235,1.6327709453370634,-1.59271713558704,1.0,1.0,1.0,0.9819136167409364,-0.24646613508046525,True,False,True,1.0
1.1123375331591079,0.8881490857083455,0.9228340602365452,0.003034467212446404,-0.5435169304319671,0.0,0.0,0.0,0.354162477729519,1.5523924416844732,True,False,False,1.0
-1.049219651607778,-0.2095861237136314,1.6600683636539681,-0.2297850296624989,-0.8932503321503247,1.0,0.0,1.0,-0.7222730248216638,-0.8326844219880076,False,False,True,1.0
-0.2178515036205142,-0.5987941068566595,-0.9202516983070119,0.9343124547122276,1.5548834798781788,1.0,1.0,0.0,-0.18609012326734123,0.8211658798209033,True,False,False,1.0
-0.9660828368090516,1.153244306424959,0.0012911809647666106,-0.6954240234123894,-0.19378352871360946,1.0,1.0,0.0,1.0765341287799344,-1.39347471755255,True,False,True,1.0
-0.051577874023061424,-0.3746681475235224,-0.5516345465983006,-1.3938825140372253,-0.8932503321503247,0.0,1.0,1.0,-0.3702440230421656,-0.6234189256652097,False,False,False,1.0
-1.714314169997589,1.6569252257865246,-0.5516345465983006,1.6327709453370634,-0.8932503321503247,1.0,1.0,0.0,2.338140955966576,1.098468434061458,True,False,False,1.0
-1.5480405404001363,1.4303893099014187,-1.1045602741613676,0.468673460962337,-1.2429837338686824,0.0,1.0,1.0,1.222025883850652,-1.3041331263474147,False,True,False,1.0
-1.049219651607778,-1.7531632952499128,-0.9202516983070119,-0.2297850296624989,-0.5435169304319671,0.0,0.0,1.0,-1.5209515404196587,-1.414435629335293,True,False,False,1.0
1.2786111627565606,0.5603949946405322,-0.7359431224526563,-0.2297850296624989,0.15594987300474816,0.0,1.0,1.0,1.49978287080384,1.4173491903628646,True,False,False,1.0
-0.7998092072115989,-0.26742508096089257,1.4757597877996123,-1.6267020109121706,0.15594987300474816,1.0,0.0,1.0,-0.15658480230894406,0.08753396742488713,True,False,True,1.0
-1.2154932812052308,0.1217829021821357,-0.5516345465983006,1.399951448462118,-1.2429837338686824,1.0,0.0,1.0,-0.717185900518492,-1.6779933233904427,True,False,True,1.0
1.3617479775552872,1.1050451753855748,0.18559975681912233,-0.9282435202873347,0.8554166764414635,0.0,1.0,1.0,0.1801828265610385,-0.7945424349735075,True,False,True,1.0
-0.1347146888217878,-0.8108702834299502,1.6600683636539681,0.9343124547122276,0.15594987300474816,0.0,1.0,1.0,-0.5391365499074741,1.4792010611971889,False,False,False,1.0
-1.2986300960039572,1.5593219854317715,-1.4731774258700792,1.1671319515871728,0.8554166764414635,0.0,1.0,1.0,-0.07112111401565545,0.41191266780045593,False,False,False,1.0
0.03155894077566496,1.5870364857794175,-0.1830173948895891,-1.16106301716228,1.5548834798781788,0.0,0.0,0.0,0.5016890825215052,0.43424806560173973,True,False,False,1.0
0.696653459165476,-1.3121412462395463,0.36990833267347806,-0.2297850296624989,1.205150078159821,0.0,1.0,0.0,-1.209619533065536,0.17721918013465793,True,False,True,1.0
-0.7998092072115989,-1.0241514382792256,1.6600683636539681,0.003034467212446404,-1.59271713558704,0.0,0.0,1.0,-0.7090465016334169,-0.046134797878180644,True,False,False,1.0
0.2809693851718441,1.1411945236651126,-0.1830173948895891,-0.9282435202873347,1.205150078159821,0.0,0.0,0.0,0.2544548413873489,-0.5952419622851285,True,False,False,1.0
-0.46726194801669335,-0.4445568875306296,-1.4731774258700792,0.23585396408739168,-0.8932503321503247,1.0,1.0,0.0,-0.9145663234815633,0.8586206238261328,True,False,False,1.0
0.4472430147692969,0.7543964970740542,-1.1045602741613676,-0.2297850296624989,-0.19378352871360946,0.0,0.0,0.0,1.6035602065885475,1.4022298441589185,False,False,False,1.0
1.0292007183603815,-1.3856449210746076,-1.2888688500157235,-1.16106301716228,0.8554166764414635,1.0,0.0,1.0,-1.29406579649819,1.4506804763124728,True,False,False,1.0
-1.1323564664065044,-1.2446624627844085,-1.6574860017244348,0.9343124547122276,0.8554166764414635,1.0,1.0,0.0,-1.2086021082049014,1.6218039856207707,True,False,True,1.0
-0.8829460220103252,-0.4734763661542602,-1.6574860017244348,1.6327709453370634,0.15594987300474816,0.0,1.0,1.0,-0.9644201416526483,-0.7027954932359262,False,True,True,1.0
-0.5503987628154198,1.260487372987589,-0.1830173948895891,-0.2297850296624989,1.5548834798781788,0.0,0.0,0.0,2.3829076498344897,0.9008860688962547,True,False,False,1.0
-1.3817669108026835,1.4894332454246642,1.4757597877996123,0.7014929578372823,-0.8932503321503247,1.0,1.0,1.0,1.5730374607695161,-1.3220014445884416,True,False,False,1.0
-0.051577874023061424,-1.644715250411298,0.0012911809647666106,-1.3938825140372253,0.5056832747231058,1.0,1.0,1.0,-1.3337453660629313,0.35933857759128,False,False,True,1.0
-0.6335355776141461,0.7568064536260234,1.2914512119452566,1.399951448462118,0.8554166764414635,0.0,0.0,0.0,0.023499398023342808,1.2692483218651207,False,False,False,1.0
1.6942952367501927,1.0375663919304365,-1.2888688500157235,0.9343124547122276,-1.59271713558704,0.0,0.0,1.0,0.5128807559884835,0.1163981738142387,False,True,True,1.0
-0.38412513321796693,0.5736497556763632,-0.7359431224526563,1.399951448462118,-1.2429837338686824,1.0,1.0,1.0,1.433650254862605,0.12464508992548204,True,False,True,1.0
0.8629270887629288,-0.4325071047707836,-0.1830173948895891,0.23585396408739168,-1.59271713558704,0.0,1.0,0.0,-0.39160994511548763,0.38717191946672613,False,True,True,1.0
-0.9660828368090516,1.2520525250556966,1.107142636090901,-1.3938825140372253,0.5056832747231058,0.0,1.0,1.0,0.18120025142167306,0.24628710256632022,True,False,False,1.0
1.52802160715274,-1.3820299862466539,-0.1830173948895891,-1.3938825140372253,1.5548834798781788,1.0,0.0,1.0,-1.3764772102095755,-0.24302992003411386,True,False,True,1.0
-1.2986300960039572,0.1061181845943355,0.7385254843821895,0.003034467212446404,0.5056832747231058,0.0,0.0,1.0,0.0438478952360305,1.3249150056160128,False,False,False,1.0
-1.2986300960039572,0.26758527357627276,-0.5516345465983006,-1.3938825140372253,0.15594987300474816,0.0,1.0,1.0,0.024516822883976993,-0.6904251190690612,True,False,True,1.0
0.6135166443667497,1.4183395271415724,0.9228340602365452,-0.46260452653744416,-1.59271713558704,0.0,1.0,1.0,1.5669329116057096,0.4198159624070639,True,False,False,1.0
1.52802160715274,-1.062710743110733,-1.1045602741613676,-1.16106301716228,0.15594987300474816,1.0,1.0,1.0,-1.199445284459192,-0.798322271524494,True,False,True,1.0
1.52802160715274,-0.8759391103331189,-0.9202516983070119,-1.16106301716228,-0.19378352871360946,0.0,1.0,0.0,-0.8260503606063714,0.021902260039576227,True,False,False,1.0
0.03155894077566496,-0.532520301677506,-1.4731774258700792,0.468673460962337,-0.19378352871360946,0.0,0.0,0.0,-0.42721981523769137,0.9809498794762413,True,False,True,1.0
-1.5480405404001363,0.6772778874110393,0.18559975681912233,0.003034467212446404,-0.19378352871360946,0.0,0.0,1.0,-0.07315596373692419,-0.6440362159433178,False,False,False,1.0
-1.3817669108026835,-0.1589770361222779,-1.6574860017244348,1.6327709453370634,0.5056832747231058,1.0,1.0,0.0,0.11303278575916888,0.2242953262696715,True,False,False,1.0
-0.46726194801669335,0.06996883631479721,1.4757597877996123,0.23585396408739168,0.8554166764414635,0.0,1.0,1.0,0.32465715677112184,-0.4543571453847226,False,False,True,1.0
0.6135166443667497,0.36036860082708744,1.6600683636539681,-1.3938825140372253,0.15594987300474816,0.0,0.0,0.0,1.0989174757138913,0.3888900269899017,False,False,False,1.0
-1.2154932812052308,1.597881290263279,1.2914512119452566,-0.2297850296624989,-1.59271713558704,1.0,1.0,1.0,2.028843798333722,0.5984991448173349,True,False,True,1.0
0.8629270887629288,-0.15415712301833936,0.5542169085278338,1.399951448462118,0.5056832747231058,1.0,0.0,1.0,-0.30716368168283337,1.4685487945534996,True,False,True,1.0
0.9460639035616552,1.2592823947116043,1.4757597877996123,-0.6954240234123894,-0.8932503321503247,0.0,0.0,0.0,2.309653059868814,1.2637503777909587,True,False,False,1.0
1.1954743479578342,1.1110700667654976,-1.2888688500157235,-0.2297850296624989,1.5548834798781788,0.0,0.0,0.0,1.1640326667944922,1.6042792888843787,True,False,False,1.0
1.0292007183603815,-1.0759655041465637,1.4757597877996123,-0.9282435202873347,0.5056832747231058,0.0,0.0,1.0,-1.0163088095450021,-1.5663163343840234,True,False,False,1.0
1.6942952367501927,1.5364273981880638,-0.1830173948895891,-1.6267020109121706,-0.19378352871360946,0.0,1.0,1.0,0.024516822883976993,-1.6116743729958614,True,False,True,1.0
1.1954743479578342,-0.639763368240136,1.107142636090901,-0.9282435202873347,0.15594987300474816,1.0,1.0,0.0,-0.8809913030806285,-1.6573760331123346,True,False,False,1.0
-0.7166723924128725,0.5471402336047015,0.5542169085278338,-0.9282435202873347,0.5056832747231058,1.0,0.0,1.0,1.1314750712541917,0.847968357182444,True,False,True,1.0
0.11469575557439135,1.0122618481347598,1.107142636090901,0.9343124547122276,-1.2429837338686824,0.0,1.0,1.0,1.6757973716935894,0.9019169334101601,True,False,False,1.0
-0.051577874023061424,-1.2627371369241778,1.6600683636539681,-0.6954240234123894,-1.2429837338686824,1.0,0.0,0.0,-0.9725595405377234,-0.1670895675097487,False,True,False,1.0
-1.2986300960039572,1.3701403961021883,-1.1045602741613676,1.399951448462118,-0.19378352871360946,1.0,0.0,0.0,0.18120025142167306,-0.9127482325679943,True,False,True,1.0
0.03155894077566496,0.6531783218913473,-0.1830173948895891,1.1671319515871728,0.8554166764414635,1.0,0.0,0.0,1.2942630489556937,-0.6742749083512098,True,False,False,1.0
1.52802160715274,-1.7290637297302205,0.36990833267347806,-0.2297850296624989,0.8554166764414635,1.0,0.0,1.0,-1.4761848465517455,0.19302576934787397,True,False,False,1.0
0.4472430147692969,1.389420048517942,0.18559975681912233,-0.46260452653744416,0.8554166764414635,0.0,1.0,1.0,0.8181082141788,1.3122010099445127,False,False,True,1.0
1.4448847923540136,-0.3204441251042152,1.6600683636539681,-0.2297850296624989,0.15594987300474816,1.0,1.0,0.0,-0.9023572251539504,0.4741081601394154,True,False,True,1.0
0.2809693851718441,-0.5614397803011365,1.4757597877996123,-1.6267020109121706,-1.2429837338686824,1.0,1.0,1.0,-0.8504685572615969,1.2603141627446075,False,False,True,1.0
-1.714314169997589,-0.9506477634441645,0.0012911809647666106,-1.3938825140372253,1.5548834798781788,1.0,1.0,0.0,-0.7334646982886422,0.8758016990578896,False,False,False,1.0
-1.5480405404001363,1.4593087885250489,0.36990833267347806,0.7014929578372823,0.8554166764414635,0.0,1.0,0.0,0.5250898543160962,-0.2694887758910192,False,False,False,1.0
-1.049219651607778,-1.7085790990384822,-1.1045602741613676,-0.46260452653744416,0.5056832747231058,1.0,0.0,1.0,-1.5189166906983897,-1.5467299086198207,False,False,True,1.0
1.1954743479578342,-1.0048717858634717,0.9228340602365452,-1.16106301716228,0.5056832747231058,1.0,0.0,1.0,-0.5900077929391935,-0.3230937306141005,False,False,True,1.0
0.2809693851718441,1.3797802223100648,0.7385254843821895,0.468673460962337,0.15594987300474816,1.0,0.0,1.0,1.2952804738163282,0.2827109820576448,True,False,False,1.0
0.7797902739642024,-0.7831557830823042,0.36990833267347806,1.1671319515871728,1.5548834798781788,1.0,1.0,1.0,-1.0173262344056364,-1.3061948553752254,True,False,False,1.0
0.9460639035616552,0.5591900163645478,-1.2888688500157235,1.399951448462118,0.5056832747231058,0.0,1.0,0.0,0.9015370527508197,1.5221537492765809,False,False,True,1.0
0.9460639035616552,-0.375873125799507,1.6600683636539681,1.6327709453370634,0.8554166764414635,0.0,1.0,0.0,0.01739484885953643,-0.1743056191070866,False,True,True,1.0
0.03155894077566496,1.5569120288798024,0.0012911809647666106,0.9343124547122276,-0.8932503321503247,0.0,1.0,1.0,0.5332292532011711,-1.2742380554441577,True,False,True,1.0
0.5303798295680233,-1.6182057283396367,-0.3673259707439448,-1.16106301716228,-1.2429837338686824,0.0,0.0,0.0,-1.440574976429542,1.3623697496212428,True,False,False,0.0
1.6111584219514663,-0.4108174958030607,-0.5516345465983006,1.399951448462118,1.5548834798781788,0.0,1.0,1.0,-0.324459904313618,-0.8735753810395888,True,False,True,1.0
-1.1323564664065044,1.597881290263279,-0.1830173948895891,-0.9282435202873347,0.5056832747231058,0.0,1.0,1.0,1.5353927409260437,-0.15128297829653242,False,True,True,1.0
-1.714314169997589,0.9110436729520528,-1.6574860017244348,-1.3938825140372253,0.8554166764414635,1.0,1.0,0.0,0.5932573199786,0.7057090542634975,False,True,False,1.0
0.7797902739642024,1.3231462433387886,0.5542169085278338,-1.6267020109121706,1.5548834798781788,0.0,1.0,0.0,2.075645341922904,1.2874602616107829,True,False,False,1.0
0.19783257037311774,-1.0615057648347483,-0.5516345465983006,0.7014929578372823,-0.8932503321503247,1.0,1.0,0.0,-0.921688297506004,1.4462133967522162,True,False,True,1.0
-0.46726194801669335,-1.0096916989674103,1.4757597877996123,-0.9282435202873347,-0.19378352871360946,1.0,0.0,1.0,-0.9827337891440673,0.6771884693787809,False,False,True,1.0
-0.46726194801669335,0.03743442286321288,-0.9202516983070119,0.9343124547122276,1.205150078159821,0.0,0.0,1.0,-0.06501656485184908,0.230824134857739,True,False,True,1.0
-1.714314169997589,-0.8735291537811497,-1.1045602741613676,0.23585396408739168,0.5056832747231058,0.0,0.0,0.0,-1.0356398818970556,1.0087832213516874,True,False,False,1.0
-0.1347146888217878,0.8857391291563763,-0.3673259707439448,0.468673460962337,0.8554166764414635,0.0,1.0,0.0,0.1343987078324911,-1.6061764289216993,True,False,False,1.0
1.52802160715274,-0.20356123233370826,0.36990833267347806,-1.16106301716228,-1.59271713558704,1.0,0.0,1.0,0.3429708042625408,1.4300631860343647,True,False,True,1.0
-0.2178515036205142,0.23023094702075014,-1.4731774258700792,-0.46260452653744416,-0.8932503321503247,1.0,1.0,0.0,-0.22780454255335117,1.435904751613162,False,False,False,1.0
-0.8829460220103252,-0.3059843857923998,-0.7359431224526563,1.6327709453370634,-0.19378352871360946,0.0,1.0,0.0,-0.43942891356530395,-0.9928120431479811,False,False,True,1.0
1.3617479775552872,0.8893540639843299,0.36990833267347806,-0.2297850296624989,0.8554166764414635,0.0,0.0,1.0,1.0195583365844088,-1.141600154654995,False,False,True,1.0
0.696653459165476,-0.15536210129432396,-0.1830173948895891,-1.6267020109121706,1.5548834798781788,0.0,0.0,1.0,0.43759131630153886,-0.4158715368655874,False,False,False,1.0
-0.1347146888217878,1.4448490492132335,-0.7359431224526563,0.9343124547122276,0.5056832747231058,1.0,0.0,1.0,0.2198623961257797,0.29645584224305016,True,False,True,1.0
0.2809693851718441,0.6025692342999937,-0.7359431224526563,-0.9282435202873347,-1.59271713558704,1.0,0.0,1.0,0.7926725926629402,1.0885034104270392,False,False,False,1.0
-0.6335355776141461,0.8785092595004684,-0.3673259707439448,1.399951448462118,-0.19378352871360946,0.0,0.0,0.0,1.4112669079286484,0.9617070752166736,True,False,True,1.0
1.3617479775552872,1.232772872639943,0.0012911809647666106,0.7014929578372823,-0.5435169304319671,1.0,1.0,0.0,0.936129498012389,0.17309572207903612,True,False,False,1.0
1.2786111627565606,1.483408354044741,0.0012911809647666106,0.468673460962337,1.205150078159821,0.0,0.0,1.0,2.0369831972187975,-1.05294580645913,True,False,False,1.0
-0.1347146888217878,1.5834215509514635,1.2914512119452566,0.468673460962337,-0.8932503321503247,1.0,0.0,0.0,2.106168087741936,0.28064925302983385,True,False,True,1.0
-1.049219651607778,-0.59638415030469,-1.4731774258700792,0.003034467212446404,0.8554166764414635,0.0,1.0,0.0,-0.9023572251539504,-0.15575005785678928,False,False,True,1.0
1.0292007183603815,-1.2109230710568395,0.7385254843821895,0.003034467212446404,-0.5435169304319671,1.0,1.0,0.0,-1.2492991026302769,0.2933632487013338,False,False,True,1.0
-0.7998092072115989,-1.2494823758883469,1.107142636090901,0.003034467212446404,1.205150078159821,0.0,1.0,0.0,-1.1333126685179569,-0.22928505984870845,False,True,True,1.0
0.11469575557439135,0.5073759504972097,0.7385254843821895,0.003034467212446404,-0.5435169304319671,0.0,0.0,0.0,0.7031392049271141,-0.0021512452848834085,False,False,False,1.0
0.696653459165476,-1.3266009855513619,-0.9202516983070119,0.23585396408739168,1.205150078159821,1.0,1.0,1.0,-1.0509012548065713,-0.6959230631432234,True,False,False,1.0
-0.6335355776141461,-1.4193843128021764,-0.3673259707439448,-1.16106301716228,0.8554166764414635,1.0,1.0,1.0,-1.1536611657306444,-1.2642730318097388,False,False,False,1.0
0.11469575557439135,0.4157976015223795,-0.1830173948895891,-1.3938825140372253,-1.2429837338686824,0.0,1.0,1.0,1.260688028554759,1.068573363158201,False,True,True,1.0
0.11469575557439135,0.4230274711782874,-0.1830173948895891,1.6327709453370634,-0.5435169304319671,1.0,0.0,0.0,1.1813288894252765,1.209801801563242,True,False,True,1.0
-1.5480405404001363,-1.589286249716006,0.9228340602365452,-1.6267020109121706,0.5056832747231058,1.0,1.0,0.0,-1.4527840747571545,-1.2549952511845899,False,True,True,1.0
0.19783257037311774,1.121914871249359,-1.1045602741613676,1.1671319515871728,0.5056832747231058,0.0,0.0,1.0,-0.1667590509152879,1.2115199090864182,True,False,False,1.0
0.4472430147692969,-0.09270323094312445,-1.1045602741613676,-0.9282435202873347,0.15594987300474816,0.0,0.0,0.0,0.6288671901008037,1.2087709370493371,False,False,False,1.0
-1.46490372560141,0.27120020840422676,-1.6574860017244348,0.468673460962337,1.205150078159821,1.0,1.0,0.0,0.7102611789515549,1.1183984813302958,False,False,True,1.0
-0.8829460220103252,-0.36502832131564555,0.9228340602365452,-0.9282435202873347,1.5548834798781788,0.0,0.0,0.0,-0.36210462415709044,0.7105197553283895,True,False,False,1.0
-0.7998092072115989,0.39772292738261056,-1.4731774258700792,-1.3938825140372253,-0.19378352871360946,0.0,0.0,0.0,0.3663715760571318,0.7294189380833219,True,False,True,1.0
-1.6311773551988626,0.1615471852896275,-1.4731774258700792,1.1671319515871728,-0.8932503321503247,0.0,0.0,1.0,0.763167271704543,-1.277674270490509,True,False,False,1.0
-0.051577874023061424,0.2952997739239188,-1.6574860017244348,1.1671319515871728,-1.59271713558704,0.0,1.0,1.0,0.5759610973478156,-0.5581308397845338,True,False,False,1.0
-0.30098831841924056,-1.0675306562146716,-0.7359431224526563,-1.6267020109121706,-1.2429837338686824,0.0,1.0,0.0,-0.6561404088804287,1.5843492416155407,True,False,False,0.0
-0.6335355776141461,1.518352724048295,-0.3673259707439448,-0.6954240234123894,1.5548834798781788,0.0,0.0,1.0,2.6382812898537207,1.0592955825330526,False,True,False,1.0
1.0292007183603815,0.9303233253678065,-0.7359431224526563,0.468673460962337,0.5056832747231058,0.0,1.0,1.0,0.1242244592261471,1.2661557283234044,True,False,False,1.0
-0.7166723924128725,1.1291447409052668,-1.6574860017244348,-1.6267020109121706,-1.59271713558704,0.0,0.0,0.0,-0.27562351100316745,1.6269583081902974,False,False,False,1.0
0.6135166443667497,0.024179661827382272,-1.6574860017244348,0.003034467212446404,-1.59271713558704,0.0,0.0,1.0,-0.725325299403567,1.0500178019079038,False,False,False,1.0
1.6942952367501927,1.1652940891848051,0.9228340602365452,0.23585396408739168,1.5548834798781788,1.0,0.0,0.0,2.265903790861535,0.3438756098826988,True,False,True,1.0
0.5303798295680233,-0.7024222385913356,1.4757597877996123,0.9343124547122276,1.205150078159821,0.0,1.0,1.0,-0.28172806016697366,-0.7392193727272505,True,False,False,1.0
0.5303798295680233,-1.100065069666256,-0.9202516983070119,0.9343124547122276,1.205150078159821,1.0,0.0,1.0,-0.6368093365283752,-0.5285793903859122,False,False,True,1.0
0.6135166443667497,1.4568988319730798,-1.4731774258700792,1.1671319515871728,0.5056832747231058,0.0,1.0,1.0,0.5281421288979995,-1.0082750108565623,False,False,True,1.0
0.19783257037311774,1.7123542264818166,-0.5516345465983006,-1.3938825140372253,-0.8932503321503247,1.0,0.0,0.0,1.8090800284366946,1.5194047772394998,False,False,True,1.0
0.3641061999705705,-0.38792290855935324,0.18559975681912233,0.9343124547122276,0.15594987300474816,1.0,1.0,1.0,-0.8779390284987253,1.7087402262934601,False,False,True,1.0
-1.46490372560141,-0.7180869561791355,1.2914512119452566,1.6327709453370634,-1.59271713558704,1.0,1.0,0.0,-0.27053638669999547,0.6521040995404163,True,False,True,1.0
0.11469575557439135,-1.0699406127666407,-1.6574860017244348,1.1671319515871728,0.15594987300474816,1.0,1.0,1.0,-0.8840435776625315,-0.09664715905954588,True,False,False,1.0
-1.1323564664065044,-0.1794616668140162,-0.9202516983070119,-0.2297850296624989,0.5056832747231058,1.0,0.0,0.0,0.058091843284911994,0.7885218368805653,False,False,False,1.0
1.0292007183603815,0.8664594767406226,-0.1830173948895891,1.6327709453370634,-1.2429837338686824,0.0,0.0,1.0,0.4711663367024735,-0.9924684216433459,False,True,False,1.0
-1.2986300960039572,1.666565051994401,-0.1830173948895891,-0.6954240234123894,-1.59271713558704,1.0,1.0,1.0,2.811243516161567,-1.5185529452397395,True,False,False,1.0
0.8629270887629288,0.043459314243135996,0.7385254843821895,0.003034467212446404,-0.19378352871360946,0.0,1.0,0.0,0.3704412754996692,1.4022298441589185,True,False,False,1.0
0.4472430147692969,-0.03847920852381723,0.36990833267347806,-0.46260452653744416,0.8554166764414635,1.0,1.0,0.0,0.23614119389592994,0.44730568277787497,True,False,True,1.0
-0.38412513321796693,0.18444177253333519,-0.5516345465983006,1.399951448462118,0.15594987300474816,0.0,0.0,1.0,0.14559038129946933,-0.14372330519455945,True,False,False,1.0
1.52802160715274,1.6834347478581857,-1.1045602741613676,-0.46260452653744416,-0.19378352871360946,0.0,1.0,1.0,1.2637403031366619,1.156540468344796,True,False,True,1.0
0.8629270887629288,-1.0675306562146716,0.0012911809647666106,0.9343124547122276,1.205150078159821,1.0,1.0,1.0,-1.0722671768798935,0.4672357300467128,True,False,False,1.0
0.19783257037311774,-1.0084867206914256,-0.7359431224526563,-0.9282435202873347,0.8554166764414635,0.0,0.0,0.0,-0.7700919932714801,-1.340213384334104,False,True,True,1.0
-1.2986300960039572,0.5049659939452407,-1.4731774258700792,1.6327709453370634,1.205150078159821,0.0,0.0,1.0,-0.07315596373692419,1.7169871424047032,False,False,False,1.0
1.2786111627565606,0.283249991164073,0.5542169085278338,0.7014929578372823,-1.59271713558704,0.0,0.0,0.0,0.4559049637929578,1.5953451297638652,True,False,False,1.0
1.0292007183603815,-0.6771176947956586,-0.7359431224526563,-0.2297850296624989,1.5548834798781788,0.0,0.0,0.0,-0.35905234957518734,1.598437723305581,True,False,True,1.0
1.4448847923540136,0.4688166456657023,1.2914512119452566,1.6327709453370634,-0.5435169304319671,0.0,0.0,1.0,0.9788613421590334,-0.4275546680231819,True,False,True,1.0
0.2809693851718441,1.2026484157403279,0.7385254843821895,0.003034467212446404,-1.59271713558704,1.0,0.0,0.0,0.7285748264429739,-1.3467421929221715,True,False,True,1.0
-0.9660828368090516,-1.5290373359167757,0.18559975681912233,-0.2297850296624989,1.5548834798781788,0.0,0.0,1.0,-1.4466795255933484,0.39404434955942874,False,False,False,1.0
0.7797902739642024,-0.3770781040754918,0.18559975681912233,0.003034467212446404,1.5548834798781788,1.0,0.0,0.0,-0.8240155108851026,0.5067522030797534,False,False,True,1.0
0.5303798295680233,0.843564889496915,-0.3673259707439448,-1.6267020109121706,0.8554166764414635,0.0,0.0,1.0,0.003150900810654934,-0.8405877165946158,False,True,False,1.0
-1.3817669108026835,-0.9880020899996874,0.7385254843821895,1.399951448462118,-0.5435169304319671,0.0,1.0,0.0,-1.0631103531341841,-1.403439741186969,False,False,True,1.0
1.2786111627565606,0.9869573043390834,0.18559975681912233,-1.6267020109121706,0.5056832747231058,0.0,0.0,0.0,1.3471691417086817,0.061418733072616846,True,False,True,1.0
-1.2986300960039572,1.2207230898800967,-1.4731774258700792,0.9343124547122276,-0.8932503321503247,1.0,1.0,0.0,1.0551682067066126,0.8689292689651873,True,False,False,1.0
-1.2154932812052308,1.1291447409052668,0.18559975681912233,0.23585396408739168,1.5548834798781788,1.0,0.0,0.0,0.3745109749422067,-1.5164912162119286,True,False,True,1.0
1.4448847923540136,0.3459088615152725,-1.1045602741613676,-1.6267020109121706,0.5056832747231058,0.0,1.0,0.0,0.3958768970155289,-1.70857563730297,True,False,False,1.0
0.6135166443667497,1.6280057471628941,0.36990833267347806,0.7014929578372823,-0.19378352871360946,0.0,1.0,1.0,2.0817498910867105,0.04561214385940055,True,False,False,1.0
-1.714314169997589,-0.6265086072043052,-0.7359431224526563,-1.16106301716228,-0.8932503321503247,1.0,1.0,0.0,-0.8565731064254031,-1.1433182621781706,False,False,True,1.0
-0.7166723924128725,-0.05655388266358637,-1.4731774258700792,-0.9282435202873347,0.15594987300474816,0.0,0.0,0.0,0.5708739730446436,0.20436527900083365,True,False,True,1.0
-0.6335355776141461,-0.3674382778676149,0.18559975681912233,-1.3938825140372253,-0.5435169304319671,0.0,1.0,1.0,-0.39059252025485325,-1.6724953793162807,False,False,False,1.0
-0.38412513321796693,-0.6289185637562746,0.18559975681912233,-0.2297850296624989,0.8554166764414635,1.0,0.0,0.0,-0.3549826501326497,-0.8536453337707509,False,False,True,1.0
1.0292007183603815,-1.0048717858634717,1.4757597877996123,-0.2297850296624989,-0.5435169304319671,0.0,1.0,0.0,-0.8382594589339841,-0.4117480788099656,False,False,False,1.0
0.7797902739642024,0.666433082927178,0.9228340602365452,0.468673460962337,-0.8932503321503247,1.0,0.0,1.0,-0.08638248692517113,-0.5979909343222095,True,False,False,1.0
0.7797902739642024,-1.3181661376194695,-0.5516345465983006,0.7014929578372823,-0.19378352871360946,1.0,1.0,0.0,-0.9145663234815633,-1.6563451685984294,False,False,True,1.0
-0.2178515036205142,0.6230538649917321,-0.9202516983070119,-0.6954240234123894,-0.19378352871360946,1.0,0.0,0.0,1.403127509043573,0.3108879454377257,True,False,True,1.0
-0.7166723924128725,0.6459484522354394,-0.5516345465983006,0.7014929578372823,0.5056832747231058,1.0,0.0,1.0,0.20867072265880152,-1.0113676043982784,False,False,True,1.0
-0.8829460220103252,0.08442857562661261,0.36990833267347806,1.399951448462118,0.15594987300474816,1.0,1.0,1.0,-0.5818683940541183,-1.6164850740607535,True,False,True,1.0
0.2809693851718441,-0.3746681475235224,-0.1830173948895891,0.9343124547122276,-0.5435169304319671,1.0,1.0,0.0,-0.649018434855988,-0.05369447098015385,True,False,True,1.0
-0.30098831841924056,-1.6917094031746978,0.5542169085278338,-0.9282435202873347,0.5056832747231058,1.0,1.0,1.0,-1.4965333437644335,1.1613511694096879,True,False,False,1.0
1.1954743479578342,0.7833159756976846,-1.6574860017244348,-1.6267020109121706,0.8554166764414635,0.0,1.0,1.0,-0.28172806016697366,-1.0900569289597246,False,False,False,1.0
-0.9660828368090516,-0.5240854537456137,-0.7359431224526563,-0.46260452653744416,-0.5435169304319671,0.0,1.0,0.0,-0.5482933736531835,-1.3986290401220771,True,False,False,1.0
0.8629270887629288,-0.7156769996271661,-0.9202516983070119,-1.6267020109121706,1.5548834798781788,1.0,1.0,0.0,-0.30512883196156465,-0.543355115085223,False,False,True,1.0
0.5303798295680233,-0.19512638440181598,-0.5516345465983006,0.468673460962337,0.8554166764414635,1.0,0.0,1.0,0.1293115835293191,1.3743965022834725,True,False,False,1.0
0.8629270887629288,-0.9831821768957489,-0.3673259707439448,-0.9282435202873347,1.205150078159821,1.0,1.0,1.0,-1.0570058039703776,0.9861042020457687,True,False,False,1.0
0.696653459165476,-1.436254008665961,-0.7359431224526563,0.7014929578372823,0.5056832747231058,1.0,1.0,1.0,-1.259473351236621,0.33047437120192846,False,False,False,1.0
-0.7998092072115989,0.815850389149269,-0.7359431224526563,0.003034467212446404,-0.19378352871360946,0.0,0.0,1.0,1.7144595163976963,0.5569209427564831,False,True,False,1.0
0.6135166443667497,0.31096449151171857,-1.4731774258700792,-1.16106301716228,1.205150078159821,0.0,1.0,1.0,-0.5696592957265055,-0.8130979962238049,True,False,False,1.0
-0.9660828368090516,0.7266819967264082,-0.7359431224526563,-1.16106301716228,0.15594987300474816,0.0,1.0,1.0,0.8557529340222724,-0.016583348479558946,False,False,True,1.0
-1.46490372560141,1.4388241578333107,-0.9202516983070119,1.399951448462118,1.205150078159821,0.0,0.0,0.0,1.954571783507412,-0.5254867968441959,False,True,False,1.0
-0.1347146888217878,0.8471798243248689,0.18559975681912233,1.399951448462118,0.5056832747231058,0.0,1.0,1.0,0.6888952568782326,0.16175621242607668,True,False,True,1.0
1.6942952367501927,-0.4096125175270761,-0.5516345465983006,-1.6267020109121706,0.8554166764414635,1.0,0.0,0.0,0.1547472050451788,0.30401551534502314,False,False,True,1.0
-0.46726194801669335,0.018154770447459365,0.7385254843821895,0.23585396408739168,-0.8932503321503247,1.0,0.0,0.0,0.48032316044818296,-0.26364721031222205,True,False,True,1.0
1.4448847923540136,1.505097963012464,-1.4731774258700792,1.6327709453370634,0.15594987300474816,1.0,1.0,1.0,2.2791303140497816,-0.9567317851612919,False,True,False,1.0
-1.6311773551988626,0.7483716056941311,0.18559975681912233,0.9343124547122276,-1.59271713558704,0.0,0.0,1.0,0.7479058987950273,-0.35023982948027627,True,False,True,1.0
0.2809693851718441,-0.03727423024783265,-1.2888688500157235,1.6327709453370634,1.5548834798781788,0.0,1.0,0.0,-0.6357919116677408,-0.4320217475834388,True,False,False,1.0
-0.5503987628154198,-1.590491227991991,-0.9202516983070119,1.6327709453370634,0.8554166764414635,1.0,1.0,0.0,-1.3235711174565874,0.7105197553283895,True,False,True,1.0
-0.5503987628154198,0.042254335967151634,1.2914512119452566,1.6327709453370634,-1.2429837338686824,1.0,1.0,0.0,-0.6530881342985254,-1.7047958007519834,True,False,True,1.0
0.9460639035616552,0.7327068881063309,0.7385254843821895,-1.6267020109121706,-0.19378352871360946,0.0,0.0,1.0,0.6481982624528573,1.0891906534363094,False,False,False,1.0
1.1954743479578342,-0.5240854537456137,-1.6574860017244348,-1.3938825140372253,1.205150078159821,1.0,1.0,0.0,-0.35600007499328407,0.9727029633649983,False,True,False,1.0
-1.2154932812052308,0.6266687998196857,-0.1830173948895891,-0.9282435202873347,1.205150078159821,1.0,0.0,1.0,-0.006005922935054546,-0.5100238291356146,True,False,True,1.0
1.1954743479578342,1.1966235243604046,0.0012911809647666106,0.468673460962337,0.5056832747231058,1.0,0.0,1.0,-0.17998557410353486,1.5785076760367434,False,False,True,1.0
0.696653459165476,-1.0831953738024713,0.36990833267347806,1.399951448462118,-1.59271713558704,0.0,1.0,0.0,-1.0040997112173893,-0.332027889734614,True,False,True,1.0
0.3641061999705705,-0.8458146534335037,0.5542169085278338,-0.9282435202873347,-0.8932503321503247,0.0,1.0,0.0,-1.0376747316183244,-0.899003372382589,True,False,True,1.0
-0.30098831841924056,1.6834347478581857,-0.3673259707439448,-0.6954240234123894,-0.8932503321503247,0.0,1.0,0.0,1.5435321398111186,1.3018923648054588,False,False,False,1.0
-0.7166723924128725,0.3193993394436108,-1.2888688500157235,1.399951448462118,-0.8932503321503247,0.0,0.0,1.0,-0.630704787364569,-0.051289120447707885,True,False,False,1.0
0.11469575557439135,1.5954713337113093,-0.9202516983070119,0.23585396408739168,-1.59271713558704,0.0,1.0,0.0,2.7023790560736876,1.4575529064051755,True,False,True,1.0
-0.38412513321796693,-1.5567518362644217,-0.5516345465983006,1.6327709453370634,0.15594987300474816,1.0,1.0,1.0,-1.241159703745202,-1.4632298829934827,True,False,True,1.0
1.3617479775552872,0.6881226918949008,1.2914512119452566,-0.9282435202873347,1.5548834798781788,1.0,1.0,0.0,-0.21661286908637295,0.6490115059986998,False,False,False,1.0
-1.049219651607778,-0.8662992841252419,0.5542169085278338,0.468673460962337,-0.5435169304319671,1.0,1.0,1.0,-0.7375343977311797,-0.6010835278639258,False,False,False,1.0
-0.5503987628154198,0.9869573043390834,0.7385254843821895,-1.3938825140372253,0.5056832747231058,1.0,0.0,1.0,0.2798904629032086,0.3150114034933475,True,False,False,1.0
0.19783257037311774,0.9664726736473448,-0.1830173948895891,0.23585396408739168,-0.8932503321503247,0.0,1.0,0.0,1.3522562660118538,-0.5227378248071147,True,False,False,1.0
-0.2178515036205142,0.06032901010692056,0.9228340602365452,-0.46260452653744416,0.8554166764414635,1.0,1.0,0.0,-0.44756831245037904,-0.1605607589216812,False,True,True,1.0
-0.30098831841924056,-0.740981543422843,-0.1830173948895891,-1.6267020109121706,0.8554166764414635,0.0,0.0,1.0,-1.105842197280828,-0.10626856118932948,False,True,True,1.0
-1.3817669108026835,-1.7652130780097588,1.2914512119452566,-1.6267020109121706,-1.59271713558704,1.0,1.0,0.0,-1.5423174624929807,-0.5450732226083986,False,True,True,1.0
1.1954743479578342,0.2687902518522576,-1.4731774258700792,0.7014929578372823,0.15594987300474816,1.0,1.0,0.0,-0.25324016406921085,-1.0876515784272787,False,True,False,1.0
-1.5480405404001363,0.7435516925901928,1.4757597877996123,-1.16106301716228,-1.59271713558704,1.0,0.0,0.0,1.5119919691314527,1.370616665732486,False,False,False,1.0
-1.6311773551988626,-0.8614793710213037,0.36990833267347806,1.1671319515871728,-0.19378352871360946,0.0,1.0,0.0,-0.4557077113354542,0.49163285687580754,True,False,True,1.0
1.2786111627565606,0.8122354543213149,-0.1830173948895891,0.468673460962337,0.15594987300474816,0.0,0.0,0.0,0.7102611789515549,-0.8900692132620753,True,False,True,1.0
1.2786111627565606,-0.725316825835043,0.5542169085278338,-0.2297850296624989,0.5056832747231058,0.0,1.0,1.0,-0.21050831992256658,0.3713653302535099,False,True,True,1.0
0.6135166443667497,0.6616131698232391,-0.1830173948895891,-0.9282435202873347,1.5548834798781788,1.0,0.0,1.0,0.41317311964631337,-1.5968986482965506,True,False,False,1.0
-0.1347146888217878,-1.3061163548596235,1.6600683636539681,-1.16106301716228,1.5548834798781788,0.0,0.0,0.0,-0.9776466648408955,-0.11348461278666738,False,False,False,1.0
0.9460639035616552,-0.12764760094667815,-0.5516345465983006,0.9343124547122276,0.15594987300474816,1.0,0.0,1.0,-0.198299221594954,0.37995586786938823,True,False,False,1.0
0.9460639035616552,-1.1217546786339787,0.0012911809647666106,-1.6267020109121706,0.15594987300474816,0.0,0.0,1.0,-0.9440716444399604,-1.272519947920982,False,False,False,1.0
-0.9660828368090516,1.3279661564427268,-1.6574860017244348,-0.46260452653744416,0.5056832747231058,1.0,0.0,0.0,1.9993384773753249,-0.4014394336709116,True,False,False,1.0
-0.38412513321796693,-0.6602479989318744,1.6600683636539681,0.7014929578372823,-0.19378352871360946,0.0,1.0,0.0,-0.42518496551642243,0.8782070495903358,False,True,True,1.0
-0.051577874023061424,1.2400027422958504,1.107142636090901,1.1671319515871728,-1.59271713558704,1.0,1.0,0.0,0.5779959470690843,1.642077654394244,True,False,False,1.0
1.6942952367501927,0.5567800598125787,1.2914512119452566,0.23585396408739168,0.5056832747231058,1.0,1.0,1.0,-0.20745604534066348,1.3475940249219318,True,False,True,1.0
-0.30098831841924056,-0.027634404039955783,-1.1045602741613676,1.399951448462118,-1.59271713558704,1.0,1.0,1.0,0.7245051270004363,0.06554219112823864,False,True,True,1.0
-0.2178515036205142,-0.7337516737669353,0.5542169085278338,-1.16106301716228,1.205150078159821,0.0,1.0,1.0,-0.4190804163526162,-1.4879706313272123,True,False,True,1.0
-0.38412513321796693,1.5376323764640487,0.7385254843821895,-0.46260452653744416,0.15594987300474816,1.0,0.0,1.0,1.6788496462754927,1.6077155039307303,True,False,True,1.0
0.03155894077566496,0.7315019098303466,0.36990833267347806,0.23585396408739168,-0.19378352871360946,0.0,0.0,0.0,0.44980041462915127,1.63314349527373,False,True,False,1.0
-1.46490372560141,-0.3421337340719381,-0.1830173948895891,1.6327709453370634,-0.8932503321503247,1.0,0.0,1.0,-0.07519081345819292,-0.5753119150162906,True,False,True,1.0
-0.051577874023061424,-1.6603799679990978,0.18559975681912233,0.7014929578372823,-0.5435169304319671,1.0,1.0,0.0,-1.4131045051924136,1.663382187681622,True,False,True,1.0
0.696653459165476,-0.3397237775199689,-1.6574860017244348,0.9343124547122276,0.8554166764414635,1.0,1.0,0.0,-0.237978791159695,-0.15300108581970823,True,False,True,1.0
0.4472430147692969,-1.473608335221484,1.4757597877996123,1.6327709453370634,0.5056832747231058,0.0,0.0,0.0,-1.3968257074222634,1.5616702223096217,False,False,False,1.0
0.2809693851718441,-1.0277663731071793,-0.3673259707439448,0.468673460962337,-0.19378352871360946,1.0,1.0,1.0,-0.6958199784451697,-0.09355456551782954,False,False,False,1.0
1.52802160715274,-0.878349066885088,-1.1045602741613676,-0.46260452653744416,-0.19378352871360946,1.0,0.0,1.0,-0.6724192066505787,-0.7814848177973723,True,False,False,1.0
-0.5503987628154198,0.48327638497751774,1.107142636090901,0.468673460962337,-1.59271713558704,0.0,0.0,0.0,1.0480462326821718,1.1321433415157016,True,False,False,1.0
0.8629270887629288,-0.544570084437352,0.9228340602365452,-1.3938825140372253,1.205150078159821,1.0,1.0,1.0,-0.7049768021908792,1.2812750745273507,False,False,False,1.0
0.3641061999705705,-0.3409287557959535,-0.1830173948895891,0.468673460962337,-1.2429837338686824,1.0,0.0,1.0,0.15678205476644755,-1.1470980987291572,False,False,False,1.0
-0.7998092072115989,-0.5505949758172751,-1.1045602741613676,0.468673460962337,0.5056832747231058,1.0,0.0,0.0,-1.029535332733249,-1.2086063480588467,False,False,False,1.0
0.3641061999705705,0.6122090605078703,1.4757597877996123,1.6327709453370634,-0.8932503321503247,1.0,0.0,1.0,0.7641846965651772,0.6177419490769026,True,False,False,1.0
-1.049219651607778,0.22782099046878096,-0.3673259707439448,0.23585396408739168,0.5056832747231058,0.0,1.0,0.0,-0.6164608393156875,-0.8797605681230213,False,False,True,1.0
1.4448847923540136,-0.9843871551717335,-1.6574860017244348,-0.2297850296624989,-0.5435169304319671,1.0,1.0,1.0,-0.4923350063182921,-0.42136948093974946,True,False,True,1.0
-0.38412513321796693,0.20251644667310412,-1.4731774258700792,-0.6954240234123894,0.15594987300474816,1.0,0.0,0.0,0.9310423737092169,0.6813119274344026,True,False,False,1.0
-0.7998092072115989,1.5195577023242792,-0.9202516983070119,-0.46260452653744416,1.205150078159821,0.0,0.0,0.0,1.2708622771611027,-0.07671711179070778,False,False,True,1.0
0.5303798295680233,1.2387977640198662,0.0012911809647666106,0.23585396408739168,0.15594987300474816,0.0,1.0,1.0,-0.09146961122834314,1.4149438398304188,False,True,True,1.0
-0.46726194801669335,1.4255693967974798,1.4757597877996123,-0.9282435202873347,0.8554166764414635,0.0,0.0,0.0,0.5179678802916554,0.37514516680449633,False,False,True,1.0
-0.8829460220103252,1.6846397261341706,-0.7359431224526563,-1.3938825140372253,0.8554166764414635,1.0,1.0,0.0,2.630141890968646,-1.3443368423897255,True,False,True,1.0
0.6135166443667497,-1.047046025522933,-1.2888688500157235,1.399951448462118,1.205150078159821,0.0,1.0,0.0,-1.0458141305033992,0.8892029377386599,False,False,True,1.0
0.5303798295680233,-0.5674646716810596,-1.4731774258700792,-0.9282435202873347,1.5548834798781788,0.0,1.0,0.0,-0.8087541379755868,0.7716843831534432,False,False,False,1.0
-0.5503987628154198,1.5099178761164027,1.107142636090901,1.1671319515871728,-0.8932503321503247,1.0,1.0,0.0,1.4651904255422707,0.8359416045202139,True,False,True,1.0
-1.5480405404001363,-0.375873125799507,-0.5516345465983006,-1.3938825140372253,1.5548834798781788,1.0,0.0,0.0,-0.6663146574867725,-0.34749085744319524,True,False,False,1.0
0.2809693851718441,0.788135888801623,0.36990833267347806,0.003034467212446404,-0.5435169304319671,1.0,0.0,1.0,0.49253225877579576,1.5482689836288515,True,False,True,1.0
-1.2154932812052308,0.7917508236295769,-0.7359431224526563,1.1671319515871728,-1.2429837338686824,0.0,0.0,1.0,0.23410634417466122,-1.2484664425965224,False,False,True,1.0
-0.46726194801669335,-0.42648221339086045,-1.6574860017244348,-0.6954240234123894,1.5548834798781788,0.0,1.0,1.0,0.024516822883976993,0.022589503048846608,True,False,True,1.0
-0.38412513321796693,-1.2277927669206241,-1.1045602741613676,-1.3938825140372253,-0.8932503321503247,1.0,1.0,1.0,-1.1272081193541503,1.3317874357087158,True,False,True,1.0
0.7797902739642024,1.0821505881418672,-1.2888688500157235,0.23585396408739168,-0.5435169304319671,0.0,1.0,0.0,0.7112786038121891,-1.3147853929911038,True,False,True,1.0
1.1123375331591079,0.8724843681205453,-0.7359431224526563,1.6327709453370634,-0.8932503321503247,0.0,1.0,0.0,1.360395664896929,-1.1824911137065761,True,False,True,1.0
0.2809693851718441,-1.7362935993861282,1.4757597877996123,-0.46260452653744416,0.5056832747231058,0.0,1.0,0.0,-1.4365052769870046,-1.2491536856057928,True,False,False,1.0
-0.9660828368090516,-1.1157297872540557,1.4757597877996123,0.7014929578372823,0.8554166764414635,1.0,1.0,0.0,-0.6327396370858377,-0.9505465980778594,True,False,False,1.0
1.3617479775552872,0.6182339518877934,-0.1830173948895891,1.399951448462118,1.205150078159821,0.0,0.0,1.0,-0.2827454850276082,0.041488685803779,True,False,True,1.0
0.7797902739642024,1.5472722026719252,-1.1045602741613676,1.1671319515871728,-1.2429837338686824,0.0,1.0,1.0,1.972885430998831,1.7211106004603252,True,False,True,1.0
-0.7998092072115989,-0.19271642784984683,-1.4731774258700792,-1.3938825140372253,-0.8932503321503247,1.0,1.0,0.0,0.44674814004724833,1.6266146866856626,True,False,False,1.0
0.6135166443667497,-0.403587626147153,0.0012911809647666106,-0.2297850296624989,-1.59271713558704,1.0,0.0,0.0,-0.7711094181321145,0.06519856962360332,False,False,True,1.0
-1.2986300960039572,-1.4832481614293607,0.0012911809647666106,-0.6954240234123894,1.205150078159821,1.0,1.0,0.0,-1.2574385015153522,0.7864601078527543,True,False,False,1.0
-1.3817669108026835,1.4629237233530028,-0.3673259707439448,-0.9282435202873347,1.5548834798781788,1.0,0.0,0.0,1.7694004588719534,0.14182616515723884,True,False,True,1.0
0.6135166443667497,-0.014379643004124965,-0.1830173948895891,-0.6954240234123894,0.5056832747231058,1.0,1.0,1.0,0.34093595454127207,1.266842971332675,True,False,True,1.0
-0.8829460220103252,-1.6362804024794058,1.2914512119452566,1.6327709453370634,-1.59271713558704,1.0,1.0,0.0,-1.307292319686437,-0.758118555482183,True,False,False,1.0
-0.051577874023061424,1.4243644185214954,0.5542169085278338,0.23585396408739168,0.8554166764414635,0.0,0.0,1.0,0.9615651195282487,0.0030030772846438305,True,False,True,1.0
1.0292007183603815,-0.3421337340719381,0.0012911809647666106,1.6327709453370634,-0.5435169304319671,0.0,0.0,0.0,-0.49030015659702336,0.3768632743276719,True,False,False,1.0
0.8629270887629288,-1.2265877886446395,-0.1830173948895891,0.468673460962337,-0.5435169304319671,1.0,1.0,1.0,-0.8870958522444348,-0.9337091443507376,True,False,True,1.0
-1.3817669108026835,0.9483979995075759,-1.1045602741613676,0.7014929578372823,1.5548834798781788,0.0,1.0,0.0,1.3563259654543913,1.3847051474225265,False,False,False,1.0
-1.2986300960039572,-0.08547336128721696,-0.1830173948895891,0.468673460962337,0.8554166764414635,1.0,0.0,1.0,-0.7110813513546856,-1.1934870018549006,True,False,True,1.0
-1.6311773551988626,1.30266161264705,0.18559975681912233,0.7014929578372823,0.5056832747231058,0.0,1.0,0.0,1.851811872583339,1.3541228335099993,True,False,True,1.0
-0.46726194801669335,1.309891482302958,-1.6574860017244348,-1.3938825140372253,-0.5435169304319671,0.0,1.0,1.0,1.415336607371186,-1.5316105624158747,False,False,False,1.0
-1.049219651607778,0.8833291726044068,1.107142636090901,-1.6267020109121706,-1.2429837338686824,0.0,0.0,0.0,1.6747799468329552,-0.14681589873627554,True,False,False,1.0
0.8629270887629288,-0.9361880241323491,0.5542169085278338,0.23585396408739168,-1.2429837338686824,1.0,0.0,0.0,-0.607304015569978,-1.6968925061453755,False,True,True,1.0
0.6135166443667497,-1.078375460698533,0.9228340602365452,1.1671319515871728,-0.19378352871360946,0.0,1.0,1.0,-0.9929080377504111,0.08203602335072507,True,False,True,1.0
0.696653459165476,1.4026748095537727,-1.1045602741613676,0.468673460962337,0.15594987300474816,0.0,1.0,1.0,1.7236163401434055,0.10024796309638732,True,False,False,1.0
0.3641061999705705,1.30266161264705,-0.5516345465983006,1.6327709453370634,-0.8932503321503247,1.0,0.0,1.0,1.9708505812775619,-1.6989542351731861,True,False,False,1.0
1.0292007183603815,1.2797670254033426,-0.5516345465983006,-0.2297850296624989,1.205150078159821,1.0,1.0,0.0,2.041052896661335,0.40160402266140166,True,False,False,1.0
0.8629270887629288,0.03140953148329019,-0.1830173948895891,-0.9282435202873347,-1.2429837338686824,1.0,1.0,1.0,0.6543028116166635,-0.39456700357820884,False,True,True,1.0
-1.5480405404001363,0.5664198860204553,1.4757597877996123,-0.2297850296624989,-0.8932503321503247,0.0,0.0,0.0,0.6970346557633079,-0.02964096565569421,True,False,True,1.0
0.3641061999705705,1.5617319419837408,1.4757597877996123,1.6327709453370634,-1.2429837338686824,0.0,0.0,1.0,2.2343636201818686,-0.4560752529078982,True,False,True,1.0
-1.6311773551988626,1.6002912468152481,1.4757597877996123,0.003034467212446404,0.8554166764414635,0.0,1.0,1.0,1.7724527334538567,-0.4193077519119388,False,False,True,1.0
1.0292007183603815,0.8483848026008532,1.2914512119452566,1.1671319515871728,-0.5435169304319671,1.0,1.0,1.0,1.4824866481730556,0.9977873332033633,True,False,True,1.0
1.1123375331591079,-0.8566594579173651,1.6600683636539681,-1.6267020109121706,1.5548834798781788,0.0,1.0,1.0,-1.0854937000681404,-0.4787542722138173,False,False,True,1.0
1.52802160715274,-0.6457882596200589,1.2914512119452566,-0.46260452653744416,0.15594987300474816,1.0,1.0,1.0,-0.9949428874716798,-1.0020898237731297,True,False,True,1.0
-0.5503987628154198,-0.21320105854158514,-0.3673259707439448,-1.6267020109121706,0.15594987300474816,1.0,1.0,1.0,-0.5615198968414304,0.8569025163029572,True,False,True,1.0
1.3617479775552872,-1.2302027234725932,1.2914512119452566,0.468673460962337,0.15594987300474816,0.0,0.0,0.0,-0.8789564533593597,1.0008799267450792,True,False,False,1.0
1.6942952367501927,-0.6228936723763515,0.7385254843821895,-1.6267020109121706,0.8554166764414635,0.0,1.0,1.0,-0.9155837483421976,-1.3031022618335093,False,True,False,1.0
0.2809693851718441,0.6194389301637782,1.6600683636539681,1.6327709453370634,-0.8932503321503247,0.0,0.0,0.0,0.49761938307896775,-1.1931433803502656,False,False,True,1.0
-1.5480405404001363,-0.35177356027981493,1.2914512119452566,0.468673460962337,-0.19378352871360946,0.0,1.0,1.0,-0.018215021262667126,0.9871350665596741,True,False,False,1.0
0.696653459165476,-1.0458410472469484,-0.3673259707439448,0.7014929578372823,0.15594987300474816,1.0,0.0,1.0,-0.6368093365283752,-1.2175405071793601,False,False,True,1.0
-0.8829460220103252,0.09165844528252053,0.5542169085278338,0.9343124547122276,1.5548834798781788,1.0,1.0,0.0,-0.23594394143842629,-0.8835404046740079,True,False,False,1.0
0.03155894077566496,-0.003534838520263521,-0.9202516983070119,-1.3938825140372253,0.15594987300474816,1.0,0.0,0.0,-0.5950949172423653,1.3898594699920537,True,False,False,1.0
0.4472430147692969,-1.5579568145404064,-1.4731774258700792,-0.9282435202873347,-1.59271713558704,1.0,1.0,1.0,-1.3144142937108778,1.1427956081593909,False,False,True,1.0
-1.2986300960039572,1.3267611781667425,-1.6574860017244348,0.003034467212446404,1.205150078159821,1.0,0.0,1.0,2.0614013938740223,-0.31965751556774913,False,True,True,1.0
1.1123375331591079,-0.20235625405772367,1.2914512119452566,0.9343124547122276,1.205150078159821,0.0,1.0,0.0,-0.16777647577592228,-0.1688076750329243,True,False,True,1.0
-1.2986300960039572,1.6930745740660629,1.2914512119452566,-0.9282435202873347,0.15594987300474816,1.0,0.0,1.0,2.8081912415796637,-0.2670834253585732,True,False,True,1.0
-0.6335355776141461,-1.6254355979955444,-0.9202516983070119,1.399951448462118,0.15594987300474816,0.0,1.0,0.0,-1.3184839931534156,-0.01142902591003195,False,False,True,1.0
-1.1323564664065044,-0.32887897303610747,-1.2888688500157235,1.6327709453370634,1.5548834798781788,1.0,1.0,0.0,-0.7202381751003951,0.991945767624566,False,True,False,1.0
0.2809693851718441,1.6569252257865246,-1.2888688500157235,1.1671319515871728,1.205150078159821,0.0,1.0,1.0,1.1050220248776974,0.9479622150312685,True,False,False,1.0
-1.049219651607778,1.4207494836935415,-0.3673259707439448,0.003034467212446404,-0.5435169304319671,1.0,0.0,0.0,1.8100974532973286,-0.06572122364238342,False,False,True,1.0
-0.1347146888217878,-0.058963839215555536,0.18559975681912233,1.399951448462118,-0.19378352871360946,0.0,0.0,0.0,-0.41297586718880985,0.9606762107027682,True,False,False,1.0
-1.3817669108026835,-1.0096916989674103,0.7385254843821895,-0.9282435202873347,0.8554166764414635,1.0,1.0,1.0,-0.5116660786703456,-0.6725568008280342,True,False,False,1.0
-1.3817669108026835,0.36036860082708744,0.7385254843821895,-1.3938825140372253,-0.19378352871360946,0.0,0.0,0.0,1.0714470044767628,0.40435299469848296,False,False,True,1.0
0.7797902739642024,0.7061973660346698,0.0012911809647666106,0.9343124547122276,1.205150078159821,0.0,1.0,0.0,0.36128445175395973,0.3146677819887124,True,False,True,1.0
1.6942952367501927,-0.6325334985842284,0.0012911809647666106,-1.6267020109121706,-1.59271713558704,1.0,1.0,0.0,-0.688698004420729,-0.41277894332387105,True,False,False,1.0
-1.6311773551988626,-0.8807590234370574,0.36990833267347806,-0.46260452653744416,-1.59271713558704,1.0,1.0,1.0,-0.7965450396479742,-0.19045582982493797,False,False,True,1.0
-0.30098831841924056,1.2098782853962353,1.107142636090901,0.003034467212446404,-0.8932503321503247,0.0,0.0,1.0,1.5577760878600002,0.6328612952808486,True,False,False,1.0
1.0292007183603815,-1.07235056931861,0.9228340602365452,1.399951448462118,-0.5435169304319671,1.0,0.0,0.0,-0.6663146574867725,0.523589656806875,False,False,False,1.0
0.6135166443667497,1.0737157402099748,0.36990833267347806,-1.6267020109121706,0.5056832747231058,0.0,1.0,1.0,1.2484789302271462,1.0438326148244712,False,False,False,1.0
-0.2178515036205142,1.4532838971451258,-0.5516345465983006,1.6327709453370634,0.5056832747231058,0.0,1.0,0.0,0.011290299695730048,-1.2543080081753197,False,False,False,1.0
0.696653459165476,1.6292107254388786,-0.3673259707439448,-0.46260452653744416,0.15594987300474816,0.0,1.0,1.0,1.2433918059239741,0.22841878432529303,True,False,False,1.0
1.52802160715274,-0.49637095339796766,0.9228340602365452,-0.46260452653744416,-1.2429837338686824,1.0,1.0,1.0,-0.2583272883723829,-0.15403195033361344,True,False,False,1.0
1.52802160715274,1.5171477457723102,0.9228340602365452,-1.6267020109121706,0.8554166764414635,0.0,1.0,1.0,1.9677983066956586,1.073384064223093,True,False,False,1.0
-1.714314169997589,1.6496953561306171,-0.7359431224526563,0.23585396408739168,0.15594987300474816,0.0,1.0,1.0,0.3043086595584338,0.9201288731558224,False,False,False,1.0
1.1123375331591079,0.3471138397912569,-0.5516345465983006,-1.6267020109121706,0.5056832747231058,0.0,1.0,1.0,1.1223182475084823,0.19165128332933346,True,False,True,1.0
-0.38412513321796693,1.6087260947471405,-1.1045602741613676,-0.6954240234123894,0.8554166764414635,0.0,1.0,1.0,1.5720200359088816,-0.9034704519428457,True,False,True,1.0
-0.2178515036205142,0.478456471873579,-1.4731774258700792,1.1671319515871728,0.5056832747231058,0.0,0.0,0.0,0.9056067521933573,-1.3020713973196039,False,False,False,1.0
0.9460639035616552,-1.5193975097088988,-1.4731774258700792,1.6327709453370634,0.8554166764414635,1.0,1.0,0.0,-1.1913058855741168,-0.15231384281043786,True,False,False,1.0
0.3641061999705705,0.33867899185936456,-0.9202516983070119,0.468673460962337,0.15594987300474816,0.0,0.0,1.0,-0.09350446094961189,-0.7189457039537774,True,False,True,1.0
0.3641061999705705,0.4688166456657023,1.4757597877996123,-1.3938825140372253,0.5056832747231058,0.0,1.0,1.0,0.010272874835095681,-0.3069435198962492,False,True,False,1.0
-1.3817669108026835,0.24830562116051907,0.36990833267347806,-1.3938825140372253,-0.5435169304319671,0.0,1.0,1.0,0.9269726742666795,-0.5794353730719122,False,False,True,1.0
0.3641061999705705,-0.09270323094312445,-1.2888688500157235,-0.9282435202873347,-0.19378352871360946,0.0,0.0,1.0,-0.13420145537498746,-1.681085916932159,True,False,True,1.0
-0.5503987628154198,-1.6037459890278214,-0.9202516983070119,1.1671319515871728,-0.8932503321503247,1.0,1.0,1.0,-1.4680454476666704,1.3541228335099993,False,False,True,1.0
-1.1323564664065044,-0.2300707544053697,0.7385254843821895,-0.6954240234123894,0.5056832747231058,0.0,0.0,0.0,0.18832222544611382,0.3297871281926583,True,False,True,1.0
1.52802160715274,-1.3181661376194695,0.5542169085278338,-1.16106301716228,-0.5435169304319671,0.0,1.0,0.0,-1.049883829945937,0.08306688786463051,False,True,False,1.0
1.6111584219514663,-0.7482114130787507,1.2914512119452566,-0.9282435202873347,-0.8932503321503247,0.0,1.0,1.0,-0.6337570619464721,1.0087832213516874,True,False,False,1.0
-1.6311773551988626,-1.350700551071054,-0.3673259707439448,-0.2297850296624989,-0.5435169304319671,1.0,0.0,1.0,-1.3093271694077058,-0.20763690505669477,False,False,True,1.0
0.2809693851718441,-0.8470196317094882,-0.9202516983070119,1.1671319515871728,-1.59271713558704,0.0,0.0,1.0,-0.30411140710093026,1.4111640032794324,True,False,False,1.0
-1.3817669108026835,0.32903916565148794,0.18559975681912233,0.9343124547122276,0.15594987300474816,1.0,0.0,1.0,0.10794566145599686,-1.09108779347363,False,False,True,1.0
1.1954743479578342,-0.8771440886091034,-0.5516345465983006,-1.16106301716228,-1.2429837338686824,0.0,1.0,0.0,-0.9420367947186917,-0.7704889296490479,False,False,True,1.0
1.1123375331591079,0.7290919532783774,1.2914512119452566,-0.6954240234123894,-0.8932503321503247,1.0,0.0,1.0,-0.29088488391268313,-0.6890506330505207,False,True,False,1.0
-0.38412513321796693,-0.6409683465161206,-0.3673259707439448,1.1671319515871728,0.5056832747231058,1.0,0.0,1.0,-0.5218403272766894,0.9459004860034577,True,False,True,1.0
1.52802160715274,0.13021775011402756,1.4757597877996123,-1.16106301716228,0.5056832747231058,1.0,0.0,0.0,0.7011043552058455,1.2118635305910528,False,True,False,1.0
1.6111584219514663,-0.572284584784998,0.9228340602365452,-0.2297850296624989,-1.59271713558704,1.0,1.0,1.0,-0.5238751769979582,0.3964497000918747,True,False,False,1.0
1.6111584219514663,-1.0687356344906558,1.6600683636539681,0.7014929578372823,-0.5435169304319671,1.0,0.0,1.0,-1.0447967056427652,0.409850938772645,False,True,False,1.0
-1.3817669108026835,-0.7518263479067044,-0.7359431224526563,-1.6267020109121706,1.205150078159821,0.0,1.0,0.0,-0.22780454255335117,-0.4017830551755467,False,False,False,1.0
-0.6335355776141461,1.3749603092061267,0.18559975681912233,-1.6267020109121706,1.5548834798781788,1.0,0.0,0.0,1.6971632937669117,-1.5755941150091723,False,False,False,1.0
-1.2986300960039572,-1.1651338965694245,0.7385254843821895,0.9343124547122276,0.8554166764414635,0.0,0.0,0.0,-0.7538131955013299,0.8878284517201197,True,False,False,1.0
-0.5503987628154198,-0.36020840821170724,-0.3673259707439448,-0.9282435202873347,-0.19378352871360946,0.0,1.0,0.0,-0.2980068579371239,1.5809130265691895,True,False,False,1.0
0.6135166443667497,0.543525298776748,-1.4731774258700792,0.23585396408739168,-1.59271713558704,0.0,0.0,0.0,-0.5696592957265055,-0.39903408313846567,True,False,False,1.0
1.6111584219514663,-1.4519187262537607,-0.7359431224526563,0.9343124547122276,-0.5435169304319671,0.0,1.0,1.0,-1.1068596221414626,1.067542498644296,True,False,False,1.0
-1.714314169997589,0.3326541004794419,-0.5516345465983006,-1.16106301716228,-1.59271713558704,0.0,0.0,1.0,0.8547355091616379,-0.12722947297207302,True,False,True,1.0
1.52802160715274,1.4352092230053568,-0.3673259707439448,0.468673460962337,-1.2429837338686824,1.0,0.0,1.0,-0.08638248692517113,0.5795999620624025,False,False,False,1.0
-0.46726194801669335,1.2496425685037276,-1.6574860017244348,-0.9282435202873347,0.8554166764414635,0.0,1.0,0.0,1.3624305146181979,0.3734270592813205,True,False,False,1.0
-1.3817669108026835,-0.737366608594889,-0.1830173948895891,0.468673460962337,-0.5435169304319671,0.0,1.0,0.0,-0.9522110433250357,-1.7130427168632267,True,False,True,1.0
-1.049219651607778,-1.3856449210746076,1.107142636090901,0.7014929578372823,-1.2429837338686824,1.0,1.0,0.0,-1.183166486689042,-0.24680975658510032,False,False,False,1.0
1.6942952367501927,-1.126574591737917,-0.3673259707439448,1.399951448462118,1.5548834798781788,1.0,1.0,1.0,-0.767039718689577,-0.06469035912847822,True,False,False,1.0
-1.049219651607778,1.173728937116697,-0.1830173948895891,-0.9282435202873347,1.205150078159821,1.0,0.0,1.0,-0.198299221594954,1.2043038574890799,True,False,False,1.0
-1.3817669108026835,1.4364142012813417,-1.6574860017244348,1.6327709453370634,-1.59271713558704,1.0,0.0,1.0,0.5668042736021062,1.4204417839045809,True,False,False,1.0
1.52802160715274,0.7158371922425468,-0.5516345465983006,-0.2297850296624989,-1.59271713558704,0.0,1.0,1.0,0.7855506186384995,-1.6209521536210103,True,False,True,1.0
1.0292007183603815,0.3724183835869337,0.36990833267347806,-1.16106301716228,0.15594987300474816,1.0,1.0,0.0,0.6715990342474483,-0.09767802357345108,True,False,True,1.0
1.52802160715274,0.059124031830935765,0.7385254843821895,1.6327709453370634,0.5056832747231058,0.0,1.0,1.0,0.09675398798901864,-1.5027463560265233,True,False,True,1.0
-1.1323564664065044,-0.9747473289638566,-0.5516345465983006,-0.6954240234123894,-1.59271713558704,0.0,1.0,0.0,-1.1821490618284072,1.4420899386965942,False,False,False,1.0
0.7797902739642024,0.8917640205362991,1.2914512119452566,1.1671319515871728,0.8554166764414635,1.0,1.0,0.0,1.2352524070388993,-1.6360714998249561,True,False,True,1.0
1.52802160715274,0.3374740135833802,1.107142636090901,0.9343124547122276,-0.19378352871360946,0.0,1.0,0.0,0.1374509824143944,0.3459373389105097,True,False,True,1.0
-0.38412513321796693,1.1761388936686665,-0.1830173948895891,-1.3938825140372253,0.8554166764414635,0.0,1.0,0.0,0.8231953384819719,0.4816678332413886,False,False,True,1.0
1.0292007183603815,1.5569120288798024,0.7385254843821895,0.9343124547122276,0.5056832747231058,1.0,1.0,1.0,1.2444092307846089,1.6341743597876355,False,False,False,1.0
1.0292007183603815,-0.18307660164196995,1.4757597877996123,0.9343124547122276,-1.59271713558704,0.0,1.0,0.0,0.2595419656905209,0.8654930539188356,True,False,False,1.0
0.8629270887629288,-1.2302027234725932,0.18559975681912233,0.23585396408739168,1.205150078159821,1.0,1.0,0.0,-1.2157240822293423,-0.5282357688812769,False,False,False,1.0
0.4472430147692969,-1.5519319231604833,1.6600683636539681,0.003034467212446404,-0.19378352871360946,0.0,1.0,1.0,-1.2645604755397928,-0.5278921473766418,False,False,False,1.0
-0.7998092072115989,-1.3398557465871923,0.5542169085278338,1.1671319515871728,1.205150078159821,1.0,0.0,0.0,-0.9176185980634666,-1.385915044450577,True,False,True,1.0
-0.2178515036205142,-1.1494691789816247,-0.9202516983070119,-0.46260452653744416,-1.59271713558704,1.0,0.0,1.0,-1.2635430506791585,-0.5869950461738852,True,False,True,1.0
1.0292007183603815,-1.3434706814151465,1.4757597877996123,-1.6267020109121706,0.8554166764414635,1.0,1.0,1.0,-1.345954464390544,0.9809498794762413,False,False,True,1.0
-0.38412513321796693,0.6796878439630085,0.9228340602365452,1.1671319515871728,-0.19378352871360946,1.0,0.0,1.0,-0.17693329952163175,-1.413748386326023,True,False,False,1.0
0.3641061999705705,1.1158899798694364,1.107142636090901,0.23585396408739168,-1.59271713558704,1.0,1.0,0.0,1.8548641471652416,0.9118819570445793,True,False,True,1.0
-0.46726194801669335,0.15070238080576606,1.4757597877996123,-0.2297850296624989,-1.59271713558704,0.0,0.0,0.0,0.5291595537586337,-1.0979602235663328,True,False,True,1.0
0.19783257037311774,1.413519614037634,-0.5516345465983006,1.1671319515871728,-1.59271713558704,1.0,0.0,0.0,0.04181304551476177,-1.2890137801434685,True,False,False,1.0
0.9460639035616552,-1.5206024879848834,0.5542169085278338,-0.6954240234123894,1.5548834798781788,1.0,1.0,0.0,-1.3947908577009946,1.6699109962696894,True,False,True,1.0
0.2809693851718441,0.408567731866472,1.107142636090901,-1.3938825140372253,0.15594987300474816,1.0,1.0,1.0,0.729592251303608,1.6094336114539058,True,False,False,1.0
0.7797902739642024,-1.5519319231604833,1.2914512119452566,-0.6954240234123894,0.8554166764414635,0.0,0.0,0.0,-1.3164491434321466,-0.0866821354251267,True,False,False,1.0
1.4448847923540136,1.1267347843532978,1.6600683636539681,-1.16106301716228,0.15594987300474816,0.0,0.0,1.0,-0.05382489138487086,-1.6075509149402398,False,True,True,1.0
1.6942952367501927,0.7134272356905776,-0.5516345465983006,-0.2297850296624989,-0.8932503321503247,1.0,0.0,1.0,1.681901920857396,0.1909640403200633,True,False,True,1.0
0.5303798295680233,-1.4049245734903613,-0.5516345465983006,-0.9282435202873347,0.8554166764414635,1.0,1.0,1.0,-1.0213959338481742,-1.4601372894517666,True,False,False,1.0
-1.5480405404001363,-0.7084471299712587,0.0012911809647666106,0.468673460962337,1.205150078159821,0.0,0.0,0.0,-0.3936447948367565,1.3118573884398779,True,False,True,1.0
1.52802160715274,-0.9506477634441645,-1.6574860017244348,1.6327709453370634,-1.2429837338686824,1.0,1.0,0.0,-1.0519186796672055,0.9105074710260386,False,True,False,1.0
-0.38412513321796693,0.2374608166766576,-0.7359431224526563,-1.16106301716228,0.8554166764414635,1.0,0.0,1.0,-0.13827115481752492,-1.6343533923017806,True,False,False,1.0
-1.049219651607778,-1.0518659386268716,0.0012911809647666106,-1.3938825140372253,-1.2429837338686824,0.0,1.0,0.0,-0.9837512140047017,1.1726906790626472,True,False,True,1.0
0.8629270887629288,1.6280057471628941,1.6600683636539681,-1.6267020109121706,0.8554166764414635,0.0,0.0,0.0,2.7074661803768594,0.6761576048648759,True,False,True,1.0
-0.8829460220103252,-0.8265350010177499,1.4757597877996123,-0.9282435202873347,-0.5435169304319671,0.0,1.0,1.0,-1.0651452028554527,-0.3612357176286006,False,False,True,1.0
0.2809693851718441,1.0845605446938362,-0.1830173948895891,1.1671319515871728,0.8554166764414635,1.0,0.0,1.0,0.18425252600357597,-0.44782833679665507,True,False,True,1.0
1.6111584219514663,-0.9373930024083339,0.5542169085278338,0.7014929578372823,-0.19378352871360946,1.0,1.0,0.0,-0.6144259895944187,1.5262772073322028,False,False,False,1.0
-0.5503987628154198,1.0411813267583905,-0.7359431224526563,1.6327709453370634,-1.2429837338686824,0.0,1.0,1.0,1.043976533239634,0.7644683315561056,False,False,True,1.0
-1.2154932812052308,-1.4651734872895916,0.36990833267347806,1.1671319515871728,-1.59271713558704,0.0,0.0,0.0,-1.280839273309943,-0.602114392377831,False,False,True,1.0
0.5303798295680233,1.699099465445986,-1.4731774258700792,0.23585396408739168,1.205150078159821,1.0,0.0,1.0,1.161997817073223,0.11914714585131972,True,False,True,1.0
-0.7166723924128725,0.6326936911996087,-0.7359431224526563,-1.3938825140372253,0.8554166764414635,1.0,0.0,0.0,-0.22271741825017916,1.7101147123120004,True,False,False,1.0
1.0292007183603815,0.6507683653393777,0.0012911809647666106,-1.3938825140372253,0.8554166764414635,0.0,1.0,1.0,0.3602670268933252,1.1469190662150122,False,True,False,1.0
0.4472430147692969,-0.9060635672327341,-1.1045602741613676,-1.6267020109121706,1.205150078159821,1.0,0.0,1.0,-0.921688297506004,1.4853862482806217,False,False,False,1.0
0.2809693851718441,0.6471534305114242,-0.9202516983070119,-1.6267020109121706,-0.8932503321503247,1.0,0.0,0.0,-0.10774840899849338,0.9373099483875792,True,False,True,1.0
0.6135166443667497,0.2772250997841499,-1.6574860017244348,-1.16106301716228,-1.2429837338686824,0.0,0.0,0.0,-0.4404463384259383,0.5727275319696997,True,False,True,1.0
-0.30098831841924056,-1.0157165903473333,-1.1045602741613676,1.1671319515871728,-1.59271713558704,0.0,0.0,1.0,-0.7853533661809959,-0.15128297829653242,True,False,False,1.0
1.1954743479578342,-0.07944846990729384,-0.9202516983070119,-0.9282435202873347,-1.2429837338686824,1.0,0.0,1.0,-0.7049768021908792,1.1366104210759582,False,False,False,1.0
0.3641061999705705,1.1098650884895132,-0.9202516983070119,-1.3938825140372253,-1.2429837338686824,1.0,1.0,0.0,1.1640326667944922,0.6909333295641864,True,False,False,1.0
-0.30098831841924056,-0.9325730893043954,1.2914512119452566,-0.46260452653744416,-1.59271713558704,1.0,1.0,0.0,-1.076336876322431,0.10024796309638732,True,False,True,1.0
-0.7166723924128725,-0.8711191972291805,-0.7359431224526563,0.9343124547122276,0.8554166764414635,1.0,1.0,1.0,-0.8443640080977906,1.202242128461269,True,False,True,1.0
-1.5480405404001363,1.7087392916538626,-0.5516345465983006,-0.46260452653744416,-0.19378352871360946,1.0,1.0,0.0,2.8580450597507485,-1.0996783310895084,True,False,True,1.0
1.1954743479578342,1.1857787198765433,-1.6574860017244348,0.468673460962337,-0.19378352871360946,0.0,0.0,0.0,0.5067762068246773,-0.020363185030545423,False,True,False,1.0
-0.9660828368090516,-0.8964237410248571,-1.4731774258700792,0.468673460962337,1.205150078159821,1.0,1.0,0.0,-0.39262736997612196,1.630394523236649,True,False,False,1.0
-0.7998092072115989,1.6966895088940164,1.6600683636539681,-0.2297850296624989,0.15594987300474816,0.0,1.0,0.0,1.7785572826176623,-0.223099872765276,True,False,True,1.0
-0.38412513321796693,-1.5639817059203294,0.36990833267347806,-0.2297850296624989,-1.59271713558704,0.0,0.0,1.0,-1.3917385831190914,0.48269869775529384,False,False,True,1.0
-0.8829460220103252,-0.49155104029402935,0.9228340602365452,1.6327709453370634,0.5056832747231058,1.0,1.0,1.0,0.09573656312838447,-0.513460044181966,False,False,True,1.0
0.2809693851718441,0.9845473477871142,-1.2888688500157235,0.468673460962337,1.205150078159821,0.0,0.0,1.0,0.7041566297877483,-0.9055321809706565,False,True,True,1.0
-0.30098831841924056,-0.9663124810319643,1.6600683636539681,0.23585396408739168,-1.59271713558704,0.0,0.0,1.0,-0.8911655516869723,-1.196923216901252,True,False,True,1.0
-0.8829460220103252,-1.7567782300778665,0.18559975681912233,-1.16106301716228,-1.59271713558704,0.0,0.0,0.0,-1.4558363493390578,1.2139252596188639,True,False,False,0.0
-0.8829460220103252,1.6786148347542473,-0.7359431224526563,-0.9282435202873347,-1.59271713558704,0.0,0.0,1.0,2.7206927035651063,0.19577474138495524,False,False,False,1.0
-1.1323564664065044,0.5628049511925017,0.5542169085278338,1.6327709453370634,0.5056832747231058,0.0,0.0,1.0,-0.2746060861425331,1.6795323983994732,True,False,True,1.0
-0.30098831841924056,-0.697602325487397,-1.2888688500157235,-0.6954240234123894,-1.59271713558704,1.0,0.0,1.0,-0.4587599859173573,-1.098303845070968,False,False,False,1.0
-0.051577874023061424,0.6640231263752088,-0.7359431224526563,-0.9282435202873347,-1.2429837338686824,1.0,0.0,1.0,-0.2155954442257386,1.1139314017700392,True,False,False,1.0
0.19783257037311774,-1.4651734872895916,-1.6574860017244348,0.23585396408739168,0.5056832747231058,1.0,0.0,0.0,-1.3612158373000598,-0.41140445730533054,True,False,False,1.0
-0.7166723924128725,0.30614457840778025,-0.1830173948895891,-1.3938825140372253,-0.19378352871360946,1.0,0.0,0.0,0.739766499909952,-1.2635857888004685,False,False,True,1.0
-0.30098831841924056,1.2592823947116043,-1.2888688500157235,-0.9282435202873347,0.5056832747231058,1.0,0.0,0.0,2.0512271452676782,0.2696533648815095,True,False,True,1.0
1.52802160715274,-0.3843079737313993,0.7385254843821895,0.003034467212446404,-1.59271713558704,0.0,0.0,0.0,-0.8311374849095434,-1.610643508481956,True,False,True,1.0
-1.1323564664065044,0.49291621118539436,0.5542169085278338,0.003034467212446404,0.8554166764414635,1.0,1.0,0.0,1.255600904251587,0.5734147749789698,True,False,True,1.0
-0.38412513321796693,-0.8831689799890265,1.107142636090901,1.1671319515871728,-1.2429837338686824,0.0,1.0,0.0,-0.6948025535845354,0.8837049936644978,True,False,False,1.0
-1.1323564664065044,1.1110700667654976,-1.4731774258700792,-0.46260452653744416,1.5548834798781788,1.0,1.0,0.0,0.621745216076363,0.8184169077838223,True,False,True,1.0
-1.2154932812052308,-1.7254487949022668,-0.7359431224526563,0.23585396408739168,0.8554166764414635,1.0,1.0,0.0,-1.4365052769870046,-0.5897440182109662,True,False,True,1.0
0.19783257037311774,-0.8554544796413805,0.36990833267347806,-0.9282435202873347,-1.2429837338686824,1.0,1.0,1.0,-0.9979951620535831,0.13220476302745499,True,False,False,1.0
0.9460639035616552,1.2616923512635734,1.6600683636539681,0.7014929578372823,0.5056832747231058,1.0,1.0,1.0,1.7968709301090813,0.18374798872272544,True,False,True,1.0
0.8629270887629288,0.6230538649917321,-1.2888688500157235,0.23585396408739168,-0.5435169304319671,1.0,0.0,0.0,0.04283047037539595,-1.4749130141510773,True,False,True,1.0
-1.46490372560141,-1.4169743562502073,0.18559975681912233,-0.9282435202873347,0.5056832747231058,1.0,1.0,1.0,-1.0743020266011623,1.6424212758988785,False,False,False,1.0
0.19783257037311774,-1.2771968762359929,-0.7359431224526563,1.1671319515871728,-0.8932503321503247,0.0,1.0,0.0,-0.8820087279412628,1.2774952379763642,False,False,False,1.0
1.6111584219514663,-0.9711323941359029,-1.6574860017244348,0.468673460962337,-1.2429837338686824,1.0,1.0,0.0,-0.6714017817899444,0.8410959270897411,False,False,False,1.0
-0.9660828368090516,-1.6531500983431904,0.9228340602365452,-0.6954240234123894,0.5056832747231058,0.0,1.0,0.0,-1.3897037333978226,-0.9560445421520215,True,False,True,1.0
0.7797902739642024,-1.436254008665961,0.18559975681912233,0.9343124547122276,-1.59271713558704,1.0,0.0,0.0,-1.2930483716375558,1.0544848814681604,False,False,False,1.0
0.03155894077566496,0.3555486877231491,0.18559975681912233,1.1671319515871728,-1.59271713558704,1.0,0.0,0.0,1.1284227966722884,-0.38150938640207377,True,False,False,1.0
-0.46726194801669335,1.3556806567903728,-1.4731774258700792,-0.6954240234123894,-0.5435169304319671,1.0,1.0,1.0,0.7560452976801023,-0.59936542034075,True,False,False,1.0
0.11469575557439135,-0.977157285515826,-0.7359431224526563,0.23585396408739168,1.205150078159821,0.0,0.0,1.0,-0.8525034069828656,-0.17671096963953256,True,False,True,1.0
1.0292007183603815,-1.053070916902856,-1.4731774258700792,0.7014929578372823,1.205150078159821,0.0,0.0,1.0,-0.6907328541419979,1.6506681920101223,False,False,True,1.0
-0.7166723924128725,-1.3458806379671155,0.7385254843821895,1.6327709453370634,-0.19378352871360946,0.0,1.0,1.0,-1.0051171360780238,-0.3117542209611411,False,False,False,1.0
-1.46490372560141,-0.42166230028692214,-0.1830173948895891,1.1671319515871728,-1.59271713558704,1.0,1.0,0.0,-0.027371845008376607,0.9534601591054306,False,False,True,1.0
-1.46490372560141,-1.57723646695616,-1.4731774258700792,0.468673460962337,-0.19378352871360946,0.0,1.0,1.0,-1.254386226933449,0.2222335972418606,True,False,False,1.0
-0.9660828368090516,0.3832631880707951,0.18559975681912233,0.468673460962337,-0.19378352871360946,1.0,1.0,0.0,0.06521381730935275,-1.4017216336637932,True,False,True,1.0
-0.46726194801669335,0.6760729091350546,0.18559975681912233,-1.6267020109121706,-0.8932503321503247,1.0,0.0,1.0,0.7316271010248772,0.9266576817438898,False,True,True,1.0
-1.1323564664065044,1.2002384591883586,-0.9202516983070119,1.1671319515871728,-0.19378352871360946,1.0,1.0,1.0,0.6237800657976318,1.4781701966832834,True,False,False,1.0
-1.6311773551988626,-1.5471120100565448,-1.2888688500157235,-0.2297850296624989,1.205150078159821,0.0,0.0,1.0,-1.3632506870213286,1.3012051217961886,False,False,False,1.0
-0.38412513321796693,0.99659713054696,-1.4731774258700792,1.399951448462118,0.5056832747231058,0.0,0.0,1.0,0.10184111229219066,1.2551598401750803,False,False,False,1.0
0.03155894077566496,0.13744761976993547,0.5542169085278338,1.399951448462118,0.15594987300474816,0.0,1.0,0.0,0.28192531262447734,-0.7698016866397777,True,False,True,1.0
0.7797902739642024,-0.18910149302189308,-0.5516345465983006,-0.46260452653744416,-0.19378352871360946,1.0,1.0,0.0,-0.5818683940541183,-0.08290229887414023,False,True,True,1.0
-1.2986300960039572,-1.1615189617414705,-0.3673259707439448,-1.6267020109121706,-1.59271713558704,1.0,1.0,0.0,-0.8738693290561876,-1.391069367020104,True,False,False,1.0
0.2809693851718441,-1.3772100731427153,1.4757597877996123,0.003034467212446404,0.5056832747231058,1.0,0.0,0.0,-1.3897037333978226,-0.667058856753872,True,False,False,1.0
-0.6335355776141461,0.5350904508448557,-0.9202516983070119,0.003034467212446404,0.15594987300474816,0.0,1.0,0.0,0.9330772234304857,-1.4367710271365772,True,False,True,1.0
0.8629270887629288,-0.0023298602442789395,1.2914512119452566,0.9343124547122276,0.8554166764414635,0.0,1.0,1.0,0.05503956870300872,0.7424765552594569,True,False,True,1.0
0.19783257037311774,-1.182003592433209,0.7385254843821895,-0.46260452653744416,-0.8932503321503247,1.0,1.0,0.0,-1.2055498336229982,1.6221476071254055,True,False,True,1.0
0.6135166443667497,0.4350772539381332,0.7385254843821895,-1.16106301716228,0.5056832747231058,0.0,0.0,1.0,-0.08231278748263367,-1.3037895048427794,True,False,True,1.0
-0.5503987628154198,1.570166789915633,-1.2888688500157235,0.003034467212446404,-1.59271713558704,1.0,0.0,1.0,1.6025427817279134,-1.1835219782204818,True,False,True,1.0
1.4448847923540136,1.3870100919659727,0.36990833267347806,-1.16106301716228,-0.19378352871360946,0.0,1.0,1.0,1.6808844959967617,0.3170731325211584,False,False,True,1.0
-0.7998092072115989,-0.0746285568033553,0.7385254843821895,-1.3938825140372253,-1.2429837338686824,1.0,1.0,0.0,-0.5147183532522487,-0.14922124926872152,False,False,True,1.0
0.4472430147692969,1.042386305034375,0.5542169085278338,0.7014929578372823,-1.2429837338686824,0.0,0.0,1.0,0.6471808375922228,-1.5924315687362938,True,False,False,1.0
0.19783257037311774,0.7531915187980694,1.2914512119452566,0.468673460962337,1.205150078159821,1.0,1.0,0.0,-0.27358866128189857,1.180937595173891,False,True,True,1.0
-1.2986300960039572,0.7857259322496538,-1.1045602741613676,-0.9282435202873347,1.205150078159821,1.0,0.0,1.0,1.3054547224226718,-0.8361206370343589,False,False,True,1.0
-0.8829460220103252,0.23625583840067324,-1.4731774258700792,0.003034467212446404,-1.59271713558704,0.0,1.0,0.0,-0.13318403051435307,-0.8673901939561564,False,False,False,1.0
0.2809693851718441,-1.1735687445013168,0.36990833267347806,-1.16106301716228,-1.2429837338686824,1.0,0.0,1.0,-0.7365169728705453,1.5022237020077431,False,False,False,1.0
-1.049219651607778,-1.0940401782863327,-0.1830173948895891,1.1671319515871728,-0.5435169304319671,0.0,0.0,0.0,-0.7354995480099109,-1.3982854186174418,True,False,True,1.0
1.52802160715274,-0.025224447487986624,-1.6574860017244348,-0.9282435202873347,0.5056832747231058,0.0,0.0,0.0,-0.5371017001862053,-1.237126932943563,True,False,False,1.0
-0.6335355776141461,-1.0000518727595333,0.9228340602365452,0.003034467212446404,0.8554166764414635,1.0,0.0,0.0,-0.9949428874716798,1.4462133967522162,True,False,True,1.0
0.8629270887629288,0.46761166738971754,-0.5516345465983006,-0.9282435202873347,-0.19378352871360946,1.0,1.0,1.0,-0.49843955548209845,-0.5100238291356146,False,False,False,1.0
1.1123375331591079,-1.7290637297302205,-1.4731774258700792,-0.2297850296624989,0.15594987300474816,1.0,1.0,0.0,-1.5250212398621963,-1.5834974096157803,True,False,False,1.0
1.3617479775552872,0.9303233253678065,0.18559975681912233,-0.9282435202873347,-0.8932503321503247,0.0,1.0,0.0,0.35009277828698154,1.3994808721218375,False,False,False,1.0
0.696653459165476,-1.049455982074902,1.6600683636539681,-1.16106301716228,-1.59271713558704,1.0,1.0,1.0,-0.7070116519121481,0.3126060529609015,True,False,True,1.0
-1.2154932812052308,0.99659713054696,0.18559975681912233,0.23585396408739168,-1.59271713558704,1.0,1.0,0.0,1.5191139431558935,-1.0093058753704678,True,False,False,1.0
0.696653459165476,-0.7349566520429198,-0.3673259707439448,1.399951448462118,1.205150078159821,0.0,0.0,1.0,-0.24510076518413576,0.6819991704436728,False,False,True,1.0
0.4472430147692969,1.493048180252618,-0.5516345465983006,0.003034467212446404,0.15594987300474816,0.0,0.0,1.0,0.15576462990581336,-0.4144970508470469,True,False,False,1.0
1.3617479775552872,-0.8482246099854729,0.18559975681912233,1.1671319515871728,1.205150078159821,0.0,1.0,0.0,-0.9939254626110456,-1.3989726616267122,False,False,False,1.0
-0.5503987628154198,1.2146981985001737,0.9228340602365452,-0.9282435202873347,-0.5435169304319671,0.0,1.0,0.0,0.23919346847783324,0.8421267916036466,False,False,True,1.0
0.5303798295680233,-0.777130891702381,1.107142636090901,0.23585396408739168,-0.5435169304319671,1.0,1.0,1.0,-1.1333126685179569,-0.0420113398225591,True,False,True,1.0
-0.38412513321796693,-0.49878090994993707,-1.2888688500157235,0.9343124547122276,1.205150078159821,0.0,1.0,0.0,-1.0173262344056364,0.7682481681070921,False,False,False,1.0
-1.714314169997589,-1.3350358334832542,1.2914512119452566,-1.3938825140372253,-0.5435169304319671,0.0,0.0,1.0,-0.9338973958336168,1.2063655865168907,True,False,False,1.0
-0.5503987628154198,0.3868781228987491,-1.1045602741613676,0.7014929578372823,0.5056832747231058,0.0,0.0,0.0,0.20460102321626367,1.7073657402749194,True,False,False,1.0
0.4472430147692969,-1.2603271803722083,-1.1045602741613676,-1.16106301716228,0.5056832747231058,0.0,0.0,1.0,-0.9420367947186917,0.016060694460778853,True,False,True,1.0
-0.6335355776141461,-0.42166230028692214,-0.5516345465983006,1.399951448462118,1.5548834798781788,0.0,1.0,0.0,-0.28071063530633933,0.2170792746723336,True,False,False,1.0
0.7797902739642024,-0.7915906310141965,1.107142636090901,0.23585396408739168,1.205150078159821,0.0,0.0,0.0,-0.24001364088096375,0.25384677566829317,True,False,True,1.0
1.6111584219514663,1.5653468768116943,-0.5516345465983006,-1.16106301716228,0.8554166764414635,0.0,0.0,0.0,1.7419299876348244,-0.8295918284462914,True,False,False,1.0
1.2786111627565606,-0.6168687809964284,-0.1830173948895891,0.468673460962337,-1.2429837338686824,0.0,0.0,0.0,-0.22882196741398553,-0.7677399576119669,True,False,True,1.0
-1.3817669108026835,-1.5061427486730683,0.7385254843821895,0.468673460962337,-1.2429837338686824,0.0,1.0,1.0,-1.3449370395299096,0.8503737077148897,True,False,False,1.0
-1.049219651607778,0.8544096939807764,-0.7359431224526563,-1.3938825140372253,0.15594987300474816,0.0,0.0,0.0,0.5006716576608706,-0.8948799143269672,True,False,False,1.0
-0.2178515036205142,1.7099442699298473,1.4757597877996123,1.1671319515871728,0.5056832747231058,0.0,0.0,0.0,1.9047179653363269,-0.1323837955416,True,False,False,1.0
1.1954743479578342,-0.624098650652336,1.6600683636539681,0.23585396408739168,1.205150078159821,1.0,0.0,1.0,-0.8352071843520809,-0.3340896187624249,False,False,False,1.0
-0.7166723924128725,0.3856731446227643,0.0012911809647666106,-0.9282435202873347,0.5056832747231058,0.0,1.0,1.0,-0.32649475403488687,-0.7917934629364264,True,False,False,1.0
0.8629270887629288,0.11455303252622778,-0.3673259707439448,-0.46260452653744416,-1.2429837338686824,0.0,1.0,1.0,0.3175351827466811,-0.2138220921401272,True,False,False,1.0
-1.6311773551988626,1.0387713702064214,-0.3673259707439448,0.468673460962337,0.5056832747231058,1.0,1.0,0.0,1.9657634569743903,1.2733717799207425,True,False,True,1.0
-0.1347146888217878,-1.6025410107518367,0.7385254843821895,0.7014929578372823,0.8554166764414635,1.0,0.0,0.0,-1.3133968688502435,1.146231823205742,True,False,False,1.0
1.3617479775552872,-0.38671793028336865,1.6600683636539681,0.23585396408739168,-0.19378352871360946,0.0,0.0,0.0,-0.484195607433217,-0.47909789371845235,True,False,False,1.0
-0.051577874023061424,0.06394394493487451,0.9228340602365452,-0.2297850296624989,-0.8932503321503247,1.0,0.0,1.0,0.8242127633426065,-0.6230753041605744,True,False,False,1.0
-1.3817669108026835,-0.7542363044586736,0.7385254843821895,1.1671319515871728,0.5056832747231058,1.0,1.0,0.0,-0.46791680966306676,1.0197791095000122,True,False,True,1.0
0.19783257037311774,-0.49637095339796766,-0.5516345465983006,0.468673460962337,-0.5435169304319671,0.0,1.0,0.0,-0.028389269869011153,0.9823243654947821,True,False,False,1.0
0.9460639035616552,0.10732316287032029,1.107142636090901,0.9343124547122276,0.5056832747231058,0.0,1.0,1.0,-0.11385295816229976,-0.19767188142227585,True,False,False,1.0
0.2809693851718441,-0.17464175371007767,-1.6574860017244348,-0.9282435202873347,-1.2429837338686824,1.0,0.0,0.0,-0.510648653809711,0.7507234713707,False,False,True,1.0
0.19783257037311774,0.9194785208839451,-0.7359431224526563,1.6327709453370634,0.5056832747231058,1.0,0.0,0.0,-0.14539312884196567,1.4362483731177969,True,False,True,1.0
-0.38412513321796693,0.4386921887660872,0.0012911809647666106,-1.16106301716228,-0.8932503321503247,1.0,0.0,0.0,-0.11181810844103084,0.022933124553481673,True,False,True,1.0
-1.049219651607778,-1.4531237045297456,0.36990833267347806,0.003034467212446404,0.5056832747231058,1.0,1.0,0.0,-1.1221209950509783,-1.0794046623160354,True,False,True,1.0
0.4472430147692969,-0.4325071047707836,-1.4731774258700792,0.7014929578372823,1.205150078159821,0.0,1.0,1.0,-0.9827337891440673,0.6442008049338079,True,False,True,1.0
-0.38412513321796693,-1.5567518362644217,-0.5516345465983006,-0.6954240234123894,-0.8932503321503247,1.0,0.0,0.0,-1.3418847649480063,1.6393286823571622,True,False,True,1.0
-1.3817669108026835,1.1785488502206358,-0.5516345465983006,-1.16106301716228,1.5548834798781788,0.0,1.0,0.0,1.9169270636639393,-0.9113737465494538,True,False,True,1.0
1.6942952367501927,-0.0963181657710784,-1.2888688500157235,-1.16106301716228,0.5056832747231058,0.0,0.0,1.0,-0.24306591546286702,0.17653193712538753,True,False,True,1.0
0.03155894077566496,-0.5650547151290903,0.18559975681912233,-0.2297850296624989,-1.59271713558704,0.0,1.0,1.0,-0.607304015569978,1.4152874613350537,True,False,False,1.0
-0.051577874023061424,-0.5614397803011365,0.36990833267347806,-1.16106301716228,-0.8932503321503247,1.0,0.0,1.0,-0.11080068358039648,1.0434889933198364,True,False,True,1.0
-0.38412513321796693,-1.0362012210390716,-1.6574860017244348,-1.16106301716228,0.15594987300474816,0.0,1.0,0.0,-0.893200401408241,0.2809928745344689,False,False,False,1.0
-0.051577874023061424,1.4111096574856647,0.9228340602365452,1.1671319515871728,1.205150078159821,0.0,0.0,0.0,0.8903453792838416,-1.6291990697322534,False,True,False,1.0
0.696653459165476,1.2002384591883586,-0.1830173948895891,-0.46260452653744416,-0.8932503321503247,1.0,1.0,1.0,1.1162136983446758,-0.8529580907614807,True,False,False,1.0
-0.6335355776141461,-1.5591617928163908,-1.6574860017244348,0.9343124547122276,-0.19378352871360946,0.0,0.0,1.0,-1.3337453660629313,0.06897840617458981,False,False,True,1.0
-1.5480405404001363,1.6195708992310018,1.6600683636539681,0.468673460962337,1.205150078159821,0.0,0.0,1.0,2.093958989414323,-1.4305858400531446,True,False,True,1.0
-1.5480405404001363,1.7039193785499243,-0.9202516983070119,1.6327709453370634,-0.5435169304319671,1.0,1.0,0.0,1.944397534901068,-1.0591309935425623,False,True,False,1.0
1.1954743479578342,0.23505086012468845,1.2914512119452566,1.6327709453370634,0.5056832747231058,1.0,1.0,0.0,0.7000869303452109,0.8565588947983224,True,False,True,1.0
-1.46490372560141,0.8218752805291921,0.9228340602365452,0.468673460962337,-1.2429837338686824,1.0,0.0,0.0,-0.42213269093451933,-0.9357708733785485,False,False,True,1.0
1.3617479775552872,-0.3095993206203537,-0.9202516983070119,1.6327709453370634,-1.2429837338686824,0.0,0.0,1.0,0.022481973162708262,1.59500150825923,True,False,True,1.0
1.2786111627565606,-1.2567122455442545,-0.9202516983070119,0.468673460962337,-0.19378352871360946,0.0,0.0,0.0,-0.8525034069828656,-0.12104428588864033,False,False,True,1.0
-1.5480405404001363,-1.7567782300778665,-0.3673259707439448,-1.3938825140372253,-0.8932503321503247,1.0,1.0,1.0,-1.4731325719698425,0.37617603131840177,True,False,True,1.0
0.696653459165476,-0.5686696499570443,0.0012911809647666106,1.1671319515871728,-1.2429837338686824,1.0,1.0,0.0,-0.6500358597166224,-0.05987965806358629,True,False,True,1.0
1.6111584219514663,1.0086469133068061,1.6600683636539681,1.399951448462118,0.5056832747231058,1.0,1.0,0.0,1.76634818429005,-0.6739312868465747,True,False,True,1.0
-0.051577874023061424,-0.46142658339441417,1.2914512119452566,0.7014929578372823,1.5548834798781788,1.0,0.0,0.0,-0.1962643718736851,1.3417524593431345,True,False,False,1.0
-0.9660828368090516,1.1677040457367744,1.6600683636539681,0.7014929578372823,-1.2429837338686824,0.0,1.0,1.0,1.5343753160654092,1.5551414137215542,True,False,False,1.0
-1.049219651607778,-0.6373534116881666,-0.5516345465983006,0.003034467212446404,-1.59271713558704,0.0,0.0,0.0,-0.7823010915990927,-0.2227562512606407,False,False,True,1.0
1.4448847923540136,0.506170972221225,1.107142636090901,1.1671319515871728,0.5056832747231058,0.0,0.0,1.0,0.7723240954502525,-0.916871690623616,False,False,False,1.0
0.9460639035616552,1.4183395271415724,0.5542169085278338,0.468673460962337,1.5548834798781788,1.0,0.0,0.0,1.386848711273423,0.7995177250288894,True,False,False,1.0
1.3617479775552872,-0.005944795072232897,-1.2888688500157235,0.468673460962337,-1.59271713558704,0.0,0.0,0.0,-0.7527957706406956,-0.7825156823112778,True,False,True,1.0
-0.2178515036205142,1.3508607436864346,-0.7359431224526563,-1.16106301716228,-1.59271713558704,1.0,1.0,0.0,1.9657634569743903,0.03805247075742759,False,False,True,1.0
-0.6335355776141461,-0.15777205784629333,-0.3673259707439448,0.9343124547122276,-0.5435169304319671,0.0,0.0,0.0,-0.6693669320686757,-1.560131147300591,True,False,False,1.0
-0.38412513321796693,1.64005552992274,0.9228340602365452,1.399951448462118,-0.5435169304319671,0.0,0.0,0.0,0.43962616602280763,-0.1688076750329243,False,False,True,1.0
-1.714314169997589,-0.7445964782507968,1.107142636090901,-0.2297850296624989,0.15594987300474816,1.0,0.0,1.0,-0.2857977596095113,1.1410775006362148,True,False,True,1.0
0.3641061999705705,-0.8614793710213037,-0.9202516983070119,0.468673460962337,0.5056832747231058,1.0,1.0,1.0,-0.6764889060931164,1.1802503521646204,True,False,False,1.0
1.3617479775552872,-1.215742984160778,-1.1045602741613676,0.468673460962337,-0.5435169304319671,1.0,1.0,1.0,-1.1872361861315792,-1.5151167301933883,False,False,False,1.0
0.03155894077566496,-1.13259948311784,-0.3673259707439448,-0.46260452653744416,0.15594987300474816,0.0,1.0,0.0,-0.924740572087907,-1.131291509515941,False,True,False,1.0
-0.8829460220103252,-0.13728742715455503,-1.1045602741613676,0.7014929578372823,1.205150078159821,1.0,0.0,1.0,-0.4811433328513139,1.2898656121432293,True,False,False,1.0
1.1123375331591079,0.2820450128880882,1.107142636090901,0.9343124547122276,-1.2429837338686824,0.0,0.0,0.0,1.0948477762713533,-0.8711700305071428,True,False,True,1.0
-0.8829460220103252,-0.5674646716810596,-0.1830173948895891,-1.6267020109121706,-1.59271713558704,0.0,0.0,1.0,-0.3712614479027999,1.2706228078836614,True,False,True,1.0
0.11469575557439135,-0.6253036289283206,0.7385254843821895,0.7014929578372823,0.5056832747231058,1.0,1.0,1.0,-0.5727115703084088,0.38236121840183424,True,False,False,1.0
-1.6311773551988626,-1.7158089686943898,0.18559975681912233,0.468673460962337,-1.59271713558704,1.0,0.0,1.0,-1.4385401267082734,-1.6573760331123346,False,False,False,1.0
-0.30098831841924056,-1.5916962062679751,-1.1045602741613676,0.003034467212446404,0.5056832747231058,1.0,0.0,0.0,-1.3317105163416625,0.25384677566829317,True,False,False,1.0
-1.2154932812052308,1.0472062181383137,0.36990833267347806,0.9343124547122276,0.5056832747231058,0.0,1.0,0.0,1.4224585813956268,-1.6522217105428074,True,False,True,1.0
-0.38412513321796693,-0.0264294257639712,0.36990833267347806,0.9343124547122276,-1.2429837338686824,0.0,0.0,1.0,0.29616926067335886,-1.024768843079049,True,False,True,1.0
0.5303798295680233,-0.4385319961507067,-1.2888688500157235,0.468673460962337,-1.59271713558704,0.0,0.0,1.0,-0.2949545833552208,0.26724801434906353,True,False,True,1.0
-0.6335355776141461,0.613414038783855,-1.2888688500157235,1.6327709453370634,0.8554166764414635,1.0,1.0,1.0,1.2535660545303182,-1.0797482838206705,False,True,True,1.0
-0.051577874023061424,-0.004739816796248102,-0.9202516983070119,-1.6267020109121706,-1.59271713558704,1.0,1.0,0.0,-0.30309398224029593,-0.42377483147219547,False,False,False,1.0
-1.3817669108026835,-1.1651338965694245,0.18559975681912233,-0.2297850296624989,-1.59271713558704,0.0,0.0,1.0,-0.9969777371929488,-0.9642914582632648,True,False,False,1.0
-0.8829460220103252,1.4978680933565565,0.7385254843821895,0.003034467212446404,0.5056832747231058,0.0,1.0,1.0,1.2433918059239741,0.17962453066710388,True,False,True,1.0
-1.1323564664065044,0.41218266669442594,-0.9202516983070119,-1.6267020109121706,-0.8932503321503247,1.0,0.0,1.0,-0.13928857967815947,1.0723531997091875,False,False,False,1.0
1.4448847923540136,0.33385907875542625,1.2914512119452566,0.003034467212446404,-0.8932503321503247,0.0,0.0,1.0,0.359249602032691,-0.32068838008165457,False,False,False,1.0
0.6135166443667497,1.3713453743781725,0.18559975681912233,-0.9282435202873347,-1.2429837338686824,1.0,0.0,1.0,1.0358371343545592,1.2225157972347422,True,False,True,1.0
1.6111584219514663,-0.9012436541287957,1.107142636090901,-0.46260452653744416,-1.2429837338686824,1.0,0.0,1.0,-1.0407270062002274,1.5431146610593243,True,False,True,1.0
0.9460639035616552,-1.3217810724474235,-1.1045602741613676,-0.46260452653744416,-0.19378352871360946,0.0,1.0,1.0,-1.2197937816718798,0.5290876008810375,False,False,False,1.0
-1.049219651607778,-0.03486427369586327,-1.2888688500157235,-0.6954240234123894,1.205150078159821,1.0,0.0,0.0,0.14253810671756606,-0.64953416001748,False,True,True,1.0
0.3641061999705705,-1.1470592224296554,-1.2888688500157235,0.9343124547122276,1.5548834798781788,1.0,1.0,1.0,-0.7243078745429328,1.4963821364289458,False,False,False,1.0
-1.049219651607778,1.2869968950592503,-0.3673259707439448,0.468673460962337,-1.59271713558704,1.0,0.0,1.0,0.42639964283456067,0.8452193851453624,True,False,True,1.0
0.3641061999705705,0.8327200850130535,1.6600683636539681,-0.2297850296624989,0.8554166764414635,1.0,0.0,1.0,0.5830830713722563,-1.6127052375097668,False,False,False,1.0
0.5303798295680233,-0.9663124810319643,-1.4731774258700792,0.003034467212446404,1.5548834798781788,0.0,0.0,1.0,-0.6266350879220314,-1.214447913637644,False,True,True,1.0
0.2809693851718441,-1.7314736862821896,1.2914512119452566,1.399951448462118,1.5548834798781788,0.0,0.0,1.0,-1.4527840747571545,1.6980879596497709,True,False,False,1.0
0.4472430147692969,-0.39394779993927614,-0.1830173948895891,1.6327709453370634,0.15594987300474816,1.0,0.0,0.0,0.20968814751943568,-0.2155401996633028,False,False,True,1.0
-1.2986300960039572,1.336401004374619,-0.3673259707439448,-0.46260452653744416,0.8554166764414635,0.0,1.0,0.0,2.1112552120451076,-1.5453554226012802,True,False,True,1.0
-0.6335355776141461,-1.062710743110733,-0.5516345465983006,0.003034467212446404,-0.19378352871360946,0.0,0.0,1.0,-0.6917502790026323,-1.350522029473158,False,False,False,1.0
0.19783257037311774,1.4123146357616492,-0.7359431224526563,0.9343124547122276,0.15594987300474816,1.0,0.0,1.0,1.0979000508532568,-1.6821167814460645,True,False,False,1.0
-1.46490372560141,1.306276547475004,1.6600683636539681,-0.6954240234123894,0.15594987300474816,0.0,1.0,0.0,1.6239087038012356,1.0871289244084985,False,False,False,1.0
1.2786111627565606,1.0255166091705907,0.5542169085278338,0.7014929578372823,-1.2429837338686824,1.0,0.0,1.0,1.0338022846332904,0.31604226800725294,True,False,True,1.0
0.19783257037311774,-1.5145775966049606,1.4757597877996123,1.399951448462118,-0.19378352871360946,0.0,1.0,1.0,-1.1902884607134825,-1.0237379785651433,True,False,True,1.0
-0.38412513321796693,0.14588246770182775,0.9228340602365452,-0.6954240234123894,-0.19378352871360946,0.0,1.0,0.0,0.2809078877638428,-0.9611988647215486,False,False,True,1.0
-1.46490372560141,-0.8132802399819193,1.2914512119452566,0.468673460962337,-1.2429837338686824,0.0,1.0,1.0,-0.9868034885866049,-0.9587935141891026,False,True,False,1.0
-0.30098831841924056,1.1580642195288973,1.2914512119452566,0.9343124547122276,1.5548834798781788,0.0,1.0,1.0,0.3531450528688845,-0.2182891717003841,True,False,True,1.0
0.2809693851718441,-1.2205628972647165,-1.6574860017244348,-0.9282435202873347,-0.5435169304319671,1.0,0.0,0.0,-0.9186360229241007,-0.7003901427034801,False,False,False,1.0
-1.6311773551988626,-0.30116447268846147,-0.3673259707439448,-1.16106301716228,0.8554166764414635,0.0,0.0,0.0,-0.3936447948367565,1.6365797103200812,False,False,True,1.0
-1.5480405404001363,-1.0374061993150563,-0.7359431224526563,0.23585396408739168,0.8554166764414635,0.0,1.0,1.0,-0.5635547465626993,1.3826434183947156,True,False,False,1.0
1.6111584219514663,0.07358377114275116,-1.1045602741613676,0.23585396408739168,1.5548834798781788,1.0,1.0,0.0,0.5902050453966972,-0.2770484489929924,True,False,False,1.0
-0.7998092072115989,-1.1169347655300401,-0.5516345465983006,1.6327709453370634,-0.8932503321503247,1.0,0.0,0.0,-0.8352071843520809,-1.27973599951832,True,False,True,1.0
-0.7998092072115989,1.4629237233530028,-0.5516345465983006,0.7014929578372823,0.15594987300474816,0.0,0.0,0.0,2.164161304798096,0.5476431621313346,True,False,True,1.0
1.4448847923540136,-0.18307660164196995,1.107142636090901,-0.46260452653744416,0.5056832747231058,1.0,1.0,1.0,0.5230550045948275,-0.039262367785478064,True,False,False,1.0
0.6135166443667497,-1.473608335221484,0.9228340602365452,1.1671319515871728,1.5548834798781788,0.0,0.0,1.0,-1.1902884607134825,-0.6821782029578178,True,False,True,1.0
0.5303798295680233,1.2098782853962353,-0.5516345465983006,-1.16106301716228,0.8554166764414635,0.0,1.0,0.0,0.6939823811814047,-1.4195899519048205,False,False,True,1.0
-1.6311773551988626,0.09527338011047405,-0.7359431224526563,-1.16106301716228,-0.8932503321503247,0.0,1.0,0.0,-0.09248703608897751,0.3270381561555773,False,False,True,1.0
-0.6335355776141461,-0.5313153234015214,1.6600683636539681,-1.6267020109121706,1.5548834798781788,1.0,0.0,0.0,-0.7243078745429328,0.8551844087797816,False,False,False,1.0
1.2786111627565606,-0.019199556108063502,-1.6574860017244348,1.6327709453370634,0.8554166764414635,0.0,0.0,0.0,0.2147752718226077,-1.5113368936424016,True,False,False,1.0
1.0292007183603815,0.2808400346121034,0.0012911809647666106,-0.6954240234123894,-1.59271713558704,1.0,0.0,1.0,-0.578816119472215,0.8950445033174573,True,False,False,1.0
-1.1323564664065044,-1.7278587514542358,0.7385254843821895,0.003034467212446404,-0.5435169304319671,1.0,0.0,1.0,-1.4090348057498758,-0.9309601723136566,False,True,False,1.0
-0.38412513321796693,0.33867899185936456,1.4757597877996123,0.23585396408739168,-0.8932503321503247,1.0,1.0,0.0,1.0846735276650097,1.6998060671729465,True,False,True,1.0
-0.051577874023061424,0.6531783218913473,-0.5516345465983006,-0.46260452653744416,-0.8932503321503247,1.0,1.0,0.0,0.9676696686920548,0.14835497374530635,False,True,False,1.0
0.11469575557439135,-0.18910149302189308,0.0012911809647666106,-0.9282435202873347,-0.8932503321503247,0.0,1.0,1.0,-0.44756831245037904,1.6279891727042028,True,False,False,1.0
1.1954743479578342,1.0688958271060365,0.18559975681912233,-1.16106301716228,1.205150078159821,0.0,0.0,0.0,1.9423626851797988,0.9187543871372816,False,False,False,1.0
1.2786111627565606,0.12539783701008922,0.9228340602365452,-1.6267020109121706,0.5056832747231058,0.0,0.0,0.0,0.14559038129946933,1.6441393834220541,True,False,False,1.0
-0.051577874023061424,0.5013510591172866,-0.1830173948895891,-0.6954240234123894,-0.8932503321503247,0.0,0.0,1.0,1.397022959879767,0.16759777800487408,False,True,True,1.0
-0.9660828368090516,-1.0217414817272563,0.18559975681912233,-1.3938825140372253,-0.19378352871360946,1.0,0.0,1.0,-0.8962526759901442,0.4318427150692938,False,False,True,1.0
0.5303798295680233,0.23023094702075014,1.107142636090901,-1.3938825140372253,0.15594987300474816,1.0,0.0,0.0,-0.5004744052033672,-1.706513908275159,True,False,True,1.0
0.9460639035616552,0.589314473264163,0.5542169085278338,1.6327709453370634,-1.2429837338686824,1.0,1.0,1.0,1.2291478578750927,1.6554788930750142,True,False,False,1.0
1.6111584219514663,0.24348570805658074,1.6600683636539681,-0.46260452653744416,0.5056832747231058,0.0,1.0,0.0,0.5922398951179658,-0.3065998983916141,False,False,False,1.0
0.6135166443667497,1.606316138195171,0.7385254843821895,0.9343124547122276,-0.5435169304319671,1.0,0.0,1.0,0.645145987870954,0.9912585246152954,True,False,True,1.0
-0.051577874023061424,1.3014566343710656,-0.9202516983070119,0.003034467212446404,1.205150078159821,0.0,0.0,1.0,0.49863680793960197,-0.17190026857464064,True,False,True,1.0
-0.7998092072115989,1.1556542629769282,0.0012911809647666106,0.9343124547122276,1.205150078159821,1.0,1.0,0.0,1.9901816536296157,1.3682113152000404,False,True,True,1.0
-0.30098831841924056,1.2725371557474348,-0.1830173948895891,1.6327709453370634,0.15594987300474816,0.0,1.0,0.0,2.018669549727378,-0.7041699792544667,False,True,True,1.0
0.696653459165476,0.42905236255821005,0.7385254843821895,0.9343124547122276,1.205150078159821,1.0,0.0,1.0,0.7336619507461459,-1.151221556784779,True,False,True,1.0
-0.8829460220103252,-1.0000518727595333,-0.7359431224526563,-0.46260452653744416,1.205150078159821,1.0,0.0,1.0,-0.5228577521373238,0.6716905253046187,True,False,False,1.0
0.9460639035616552,-0.42527723511487586,0.18559975681912233,-1.6267020109121706,-0.5435169304319671,0.0,1.0,0.0,-0.31326823084663974,-0.9000342368964943,False,False,True,1.0
0.4472430147692969,-0.11921275301478587,-0.9202516983070119,-0.6954240234123894,1.5548834798781788,0.0,0.0,1.0,-0.7955276147873398,-1.353271001510239,False,True,False,1.0
-0.6335355776141461,-0.6494031944480129,-1.2888688500157235,1.399951448462118,1.5548834798781788,1.0,0.0,1.0,-0.4882653068757546,-1.5164912162119286,True,False,False,1.0
0.4472430147692969,-0.11680279646281672,1.6600683636539681,1.6327709453370634,0.15594987300474816,0.0,1.0,1.0,-0.11487038302293412,1.4194109193906754,True,False,False,1.0
-0.30098831841924056,0.543525298776748,-1.4731774258700792,0.7014929578372823,1.205150078159821,0.0,0.0,1.0,0.3979117467367977,-0.2419990555202084,False,False,False,1.0
-0.1347146888217878,1.3532707002384037,-1.2888688500157235,0.468673460962337,1.5548834798781788,1.0,0.0,1.0,0.2890472866489181,0.3236019411092259,True,False,True,1.0
0.3641061999705705,0.43146231911017924,-1.4731774258700792,1.399951448462118,0.5056832747231058,0.0,1.0,1.0,0.7000869303452109,1.128363504964715,True,False,True,1.0
0.03155894077566496,1.3231462433387886,0.36990833267347806,-0.46260452653744416,-0.8932503321503247,1.0,0.0,1.0,2.3208447333357918,-0.9928120431479811,True,False,True,1.0
1.1123375331591079,0.6375136043035471,-0.1830173948895891,0.468673460962337,0.5056832747231058,0.0,0.0,1.0,1.5364101657866782,1.3685549367046752,False,True,True,1.0
0.5303798295680233,-1.7387035559380972,-0.9202516983070119,1.399951448462118,-0.8932503321503247,0.0,0.0,1.0,-1.4700802973879394,-1.2690837328746307,True,False,True,1.0
0.03155894077566496,1.40990467920968,-0.9202516983070119,1.6327709453370634,0.15594987300474816,0.0,1.0,1.0,1.137579620417998,0.32463280562313135,True,False,True,1.0
-0.051577874023061424,0.5772646905043167,-1.4731774258700792,-0.2297850296624989,0.5056832747231058,1.0,1.0,1.0,1.114178848623407,1.216674231655945,False,True,True,1.0
1.1954743479578342,0.5483452118806864,1.6600683636539681,-0.9282435202873347,-0.5435169304319671,1.0,1.0,1.0,1.0734818541980315,-1.6480982524871859,False,False,False,1.0
-1.714314169997589,-1.0386111775910407,1.6600683636539681,0.23585396408739168,-1.2429837338686824,1.0,1.0,0.0,-1.1740096629433323,0.9376535698922145,True,False,True,1.0
-1.1323564664065044,-0.5819244109928748,-0.1830173948895891,-0.6954240234123894,-0.5435169304319671,0.0,1.0,1.0,-0.9572981676282075,1.110495186723688,True,False,True,1.0
0.3641061999705705,0.47363655876964067,-0.7359431224526563,0.003034467212446404,-1.59271713558704,1.0,1.0,1.0,1.009384087978065,-0.5907748827248717,False,False,True,1.0
-1.5480405404001363,-0.84219971860555,0.5542169085278338,-1.3938825140372253,0.8554166764414635,0.0,0.0,0.0,-0.8891307019657035,-0.9797544259718459,True,False,False,1.0
1.1954743479578342,1.466538658180957,-0.1830173948895891,0.7014929578372823,-0.19378352871360946,0.0,1.0,0.0,-0.16268935147275027,-0.755369583445102,False,False,True,1.0
0.2809693851718441,-1.1735687445013168,-0.9202516983070119,1.399951448462118,-1.59271713558704,1.0,0.0,0.0,-0.8189283865819308,0.9936638751477416,True,False,True,1.0
0.6135166443667497,0.4338722756621488,-0.9202516983070119,1.399951448462118,1.5548834798781788,0.0,0.0,0.0,0.95953026980698,1.6279891727042028,True,False,True,1.0
-1.46490372560141,0.7290919532783774,1.2914512119452566,-0.9282435202873347,-0.8932503321503247,1.0,1.0,0.0,1.4885911973368617,-0.47634892168137133,True,False,True,1.0
-1.714314169997589,0.7122222574145929,-0.9202516983070119,0.9343124547122276,-0.19378352871360946,0.0,0.0,1.0,0.09064943882521245,-0.052663606466248396,False,False,True,1.0
-1.3817669108026835,-0.6506081727239975,0.7385254843821895,-1.3938825140372253,-1.2429837338686824,0.0,1.0,1.0,-1.0336050321757866,-0.4911246463806822,False,True,True,1.0
-0.5503987628154198,-1.2603271803722083,-0.9202516983070119,-1.6267020109121706,-1.59271713558704,1.0,0.0,1.0,-1.2818566981705775,1.6736908328206759,True,False,False,0.0
0.4472430147692969,0.7266819967264082,-0.9202516983070119,-0.6954240234123894,-1.59271713558704,0.0,1.0,1.0,-0.4557077113354542,-0.7186020824491424,False,True,True,1.0
1.1123375331591079,-0.7626711523905658,0.7385254843821895,-0.2297850296624989,0.15594987300474816,1.0,0.0,1.0,-0.23390909171715754,-0.7320033211299127,True,False,False,1.0
0.7797902739642024,1.282176981955312,0.0012911809647666106,-0.2297850296624989,1.205150078159821,0.0,1.0,0.0,-0.12300978190800924,-0.6237625471698448,True,False,False,1.0
-1.1323564664065044,-0.21802097164552367,-0.9202516983070119,0.9343124547122276,1.5548834798781788,1.0,1.0,0.0,0.12117218464424417,-1.1814602491926707,True,False,True,1.0
-0.38412513321796693,0.0036950311356439658,-0.1830173948895891,-0.46260452653744416,1.205150078159821,1.0,0.0,0.0,-0.3498955258294777,-0.4282419110324523,True,False,False,1.0
-0.1347146888217878,1.6219808557829711,-1.6574860017244348,1.6327709453370634,1.205150078159821,0.0,1.0,0.0,1.7439648373560936,1.5331496374249056,False,True,True,1.0
-0.6335355776141461,-1.2711719848560699,0.0012911809647666106,1.6327709453370634,0.8554166764414635,0.0,0.0,1.0,-0.9104966240390258,-0.44061228519931717,False,False,False,1.0
0.5303798295680233,0.9014038467441762,0.9228340602365452,-1.3938825140372253,-0.8932503321503247,1.0,0.0,0.0,0.8699968820711539,0.49403820740825327,False,False,False,1.0
-0.5503987628154198,-1.114524808978071,0.18559975681912233,1.6327709453370634,0.15594987300474816,1.0,1.0,1.0,-1.146539191706204,-0.0801533268370592,True,False,False,1.0
-0.6335355776141461,-1.1530841138095784,1.4757597877996123,-0.9282435202873347,-0.19378352871360946,1.0,0.0,0.0,-0.740586672313083,-1.186614571762198,True,False,True,1.0
-1.46490372560141,-0.9699274158599182,0.5542169085278338,0.468673460962337,1.205150078159821,1.0,1.0,0.0,-0.874886753916822,1.2867730186015127,True,False,False,1.0
0.5303798295680233,0.1482924242537969,-1.6574860017244348,0.468673460962337,-1.59271713558704,1.0,0.0,0.0,-0.4943698560395608,0.9438387569756467,True,False,True,1.0
0.5303798295680233,0.4206175146263178,-0.9202516983070119,1.1671319515871728,-0.19378352871360946,1.0,1.0,0.0,0.668546759665545,1.2273264982996341,True,False,False,1.0
0.11469575557439135,0.7592164101779926,-0.9202516983070119,0.9343124547122276,-0.8932503321503247,1.0,1.0,0.0,-0.22271741825017916,0.8393778195665655,False,False,False,1.0
-0.38412513321796693,-0.3987677130432147,1.6600683636539681,1.399951448462118,-1.59271713558704,0.0,0.0,0.0,-0.09757416039214953,-1.6652793277189428,True,False,False,1.0
-1.714314169997589,0.008514944239582505,0.7385254843821895,1.1671319515871728,-0.5435169304319671,0.0,1.0,0.0,0.2737859137394024,-0.372231605776925,True,False,True,1.0
1.1954743479578342,-0.3144192337242921,1.2914512119452566,-1.3938825140372253,-1.2429837338686824,1.0,0.0,0.0,-0.051790041663601946,-1.0739067182418733,False,True,False,1.0
-0.051577874023061424,0.6989674963787622,0.0012911809647666106,1.1671319515871728,-1.59271713558704,0.0,0.0,0.0,1.0928129265500848,1.1599766833911476,True,False,False,1.0
1.2786111627565606,-0.5493899975412905,-1.6574860017244348,-0.6954240234123894,1.205150078159821,0.0,1.0,0.0,-0.2603621380936516,-1.598273134315091,False,True,True,1.0
-1.5480405404001363,0.6989674963787622,0.0012911809647666106,0.23585396408739168,1.5548834798781788,1.0,1.0,0.0,0.2788730380425741,0.924595952716079,True,False,False,1.0
1.52802160715274,1.5147377892203409,1.107142636090901,0.23585396408739168,-0.8932503321503247,1.0,1.0,0.0,0.19340934974928548,0.8520918152380653,True,False,False,1.0
-1.049219651607778,-0.6759127165196741,1.4757597877996123,0.468673460962337,-1.2429837338686824,0.0,0.0,1.0,-0.32547732917425254,-1.537108506490037,True,False,False,1.0
-1.3817669108026835,1.208673307120251,0.9228340602365452,1.1671319515871728,0.8554166764414635,1.0,0.0,1.0,1.6259435535225044,0.3126060529609015,True,False,False,1.0
-0.30098831841924056,0.666433082927178,-0.9202516983070119,-1.6267020109121706,0.15594987300474816,0.0,0.0,0.0,-0.284780334748877,-0.17568010512562712,True,False,False,1.0
0.2809693851718441,1.4954581368045872,-1.6574860017244348,0.23585396408739168,0.15594987300474816,0.0,1.0,0.0,9.862622875183437e-05,-1.3086002059076713,False,False,True,1.0
1.3617479775552872,1.661745138890463,-1.1045602741613676,1.6327709453370634,0.8554166764414635,0.0,1.0,1.0,0.36433672633586267,-0.4722254636257498,False,False,False,1.0
-1.3817669108026835,1.54847718094791,-0.7359431224526563,1.6327709453370634,1.205150078159821,1.0,1.0,0.0,2.3940993233014676,-0.566377755895777,True,False,False,1.0
-0.6335355776141461,-0.36623329959163015,1.2914512119452566,0.468673460962337,1.205150078159821,0.0,0.0,1.0,-0.4882653068757546,-0.9732256173837783,False,False,True,1.0
-1.1323564664065044,1.278562047127358,0.5542169085278338,-1.3938825140372253,0.5056832747231058,0.0,1.0,1.0,1.485538922754959,1.2273264982996341,True,False,False,1.0
-0.9660828368090516,-1.0084867206914256,0.18559975681912233,-0.6954240234123894,-0.5435169304319671,0.0,1.0,0.0,-1.2197937816718798,1.2180487176744856,True,False,True,1.0
0.8629270887629288,-1.2952715503757621,0.18559975681912233,1.6327709453370634,1.205150078159821,0.0,1.0,1.0,-1.2187763568112453,1.4352175086038914,True,False,False,1.0
1.0292007183603815,0.26999523012824195,-0.1830173948895891,0.468673460962337,-1.2429837338686824,0.0,1.0,0.0,-0.20745604534066348,1.0964067050336472,True,False,False,1.0
0.19783257037311774,0.006104987687613342,1.2914512119452566,-1.3938825140372253,0.15594987300474816,1.0,0.0,0.0,-0.4262023903770568,1.4568656633959054,False,False,True,1.0
-1.2986300960039572,1.4797934192167874,-0.9202516983070119,-1.6267020109121706,0.8554166764414635,0.0,0.0,0.0,1.9789899801626376,-1.1374766965993732,False,False,False,1.0
-0.30098831841924056,-0.4059975826991222,-0.7359431224526563,1.1671319515871728,-0.19378352871360946,0.0,0.0,0.0,-0.4831781825725826,0.51121928264001,False,False,False,1.0
1.3617479775552872,0.42423244945427174,0.0012911809647666106,-1.3938825140372253,-0.8932503321503247,1.0,0.0,0.0,0.8771188560955946,1.3551536980239047,False,False,True,1.0
-1.049219651607778,-1.5422920969526064,0.0012911809647666106,-0.6954240234123894,-0.8932503321503247,0.0,0.0,0.0,-1.1821490618284072,-1.5687216849164693,True,False,True,1.0
-0.30098831841924056,-0.8891938713689497,1.6600683636539681,0.9343124547122276,-0.19378352871360946,0.0,0.0,1.0,-0.465881959941798,0.03530349872034656,True,False,False,1.0
-1.049219651607778,0.15311233735773522,-0.1830173948895891,-1.6267020109121706,0.8554166764414635,0.0,0.0,1.0,0.2259669452895859,0.4064147237262936,True,False,True,1.0
-1.714314169997589,-1.5049377703970837,1.2914512119452566,-0.2297850296624989,0.5056832747231058,0.0,1.0,1.0,-1.2635430506791585,0.1459496232128604,True,False,False,1.0
-1.049219651607778,0.8194653239772229,-1.6574860017244348,0.7014929578372823,-1.59271713558704,0.0,0.0,0.0,0.8058991158511871,0.1562582683519144,False,False,False,1.0
-1.46490372560141,-0.49034606201804476,-0.1830173948895891,0.003034467212446404,-1.59271713558704,0.0,0.0,0.0,-0.25324016406921085,1.4087586527469862,False,False,False,1.0
0.11469575557439135,1.0761256967619441,0.5542169085278338,-0.46260452653744416,0.15594987300474816,0.0,0.0,1.0,-0.16167192661211588,1.5537669277030135,False,False,False,1.0
0.03155894077566496,1.2279529595360046,0.36990833267347806,0.7014929578372823,-0.19378352871360946,0.0,1.0,0.0,-0.034493819032817355,0.8764889420671602,True,False,False,1.0
1.6942952367501927,0.9279133688158373,1.6600683636539681,-1.3938825140372253,-1.2429837338686824,0.0,1.0,1.0,0.7133134535334579,-1.383166072413496,False,False,True,1.0
-0.8829460220103252,1.437619179557326,0.0012911809647666106,1.6327709453370634,0.15594987300474816,1.0,0.0,1.0,0.5708739730446436,0.5497048911591454,False,True,True,1.0
1.2786111627565606,1.1110700667654976,1.107142636090901,-0.46260452653744416,1.5548834798781788,1.0,1.0,1.0,1.9037005404756926,1.3548100765192699,True,False,False,1.0
0.8629270887629288,-0.03847920852381723,-1.6574860017244348,-1.16106301716228,1.205150078159821,0.0,1.0,1.0,0.11099793603790015,-0.5684394849235879,True,False,False,1.0
-0.7166723924128725,-0.9819771986197643,-0.1830173948895891,1.6327709453370634,-1.2429837338686824,0.0,0.0,1.0,-0.5605024719807961,0.6256452436835104,False,True,True,1.0
-0.38412513321796693,1.364115504722265,-0.1830173948895891,-0.46260452653744416,0.15594987300474816,1.0,1.0,0.0,0.8262476130638752,0.10883850071226574,True,False,False,1.0
0.8629270887629288,-0.7843607613582888,1.6600683636539681,-0.46260452653744416,-0.8932503321503247,1.0,0.0,0.0,-0.4852130322938513,-1.6965488846407402,False,False,False,1.0
0.7797902739642024,0.7447566708661771,1.6600683636539681,-1.6267020109121706,0.5056832747231058,1.0,1.0,0.0,0.5505254758319559,-0.9701330238420621,True,False,False,1.0
0.19783257037311774,0.29891470875187276,-0.1830173948895891,-1.3938825140372253,1.205150078159821,0.0,1.0,1.0,1.0755167039193003,0.465517622523537,True,False,True,1.0
-0.8829460220103252,-0.5831293892688595,0.5542169085278338,1.6327709453370634,-1.2429837338686824,0.0,0.0,1.0,-0.2013514961768571,-0.4859703238111552,False,True,True,1.0
1.4448847923540136,0.10732316287032029,1.107142636090901,0.7014929578372823,0.5056832747231058,1.0,1.0,0.0,-0.22475226797144807,0.4775443751857668,False,True,False,1.0
1.6942952367501927,0.016949792171474787,0.18559975681912233,0.9343124547122276,-0.5435169304319671,1.0,0.0,0.0,-0.5676244460052369,-0.21004225558914075,True,False,True,1.0
-1.46490372560141,1.280972003679327,0.5542169085278338,0.7014929578372823,1.205150078159821,0.0,0.0,0.0,1.9973036276540566,-0.765334607079521,False,False,False,1.0
-0.7166723924128725,-0.010764708176171221,1.107142636090901,0.7014929578372823,-1.2429837338686824,1.0,1.0,1.0,0.3795980992453787,1.5967196157824055,False,False,False,1.0
-1.6311773551988626,0.48327638497751774,-0.3673259707439448,0.7014929578372823,-0.8932503321503247,0.0,1.0,1.0,1.403127509043573,-1.6333225277878751,True,False,True,1.0
1.6942952367501927,0.7363218229342849,0.0012911809647666106,0.003034467212446404,0.8554166764414635,0.0,0.0,1.0,1.3715873383639072,-1.347773057436077,True,False,False,1.0
-0.7166723924128725,0.09768333666244322,0.5542169085278338,0.7014929578372823,-0.19378352871360946,1.0,0.0,1.0,0.9056067521933573,1.0342112126946874,False,False,False,1.0
1.0292007183603815,-0.9289581544764417,0.9228340602365452,-1.6267020109121706,1.5548834798781788,0.0,1.0,0.0,-0.9369496704155197,1.0019107912589846,True,False,True,1.0
0.2809693851718441,0.8206703022532073,-0.5516345465983006,0.7014929578372823,-0.8932503321503247,1.0,0.0,1.0,0.7611324219832744,-1.4797237152159692,True,False,False,1.0
0.5303798295680233,1.1725239588407126,1.107142636090901,-0.6954240234123894,-1.2429837338686824,0.0,0.0,1.0,2.0176521248667436,1.6242093361532164,True,False,False,1.0
-0.8829460220103252,0.9797274346831754,-1.2888688500157235,-0.2297850296624989,-1.2429837338686824,0.0,0.0,1.0,0.0692835167518902,-0.9931556646526162,False,True,True,1.0
-0.9660828368090516,0.8013906498374536,-1.6574860017244348,1.6327709453370634,0.5056832747231058,1.0,0.0,1.0,-0.3427735518050371,0.13838995011088742,False,False,True,1.0
0.6135166443667497,0.14588246770182775,0.0012911809647666106,-1.6267020109121706,-0.19378352871360946,0.0,1.0,1.0,0.6787210082718886,-1.3268121456533335,False,False,False,1.0
-1.2154932812052308,-0.9735423506878721,-0.9202516983070119,-1.6267020109121706,-1.2429837338686824,0.0,0.0,1.0,-0.602216891266806,0.0603878685587114,True,False,False,1.0
1.1954743479578342,-0.27465495061680006,0.9228340602365452,-1.16106301716228,-1.59271713558704,0.0,1.0,0.0,-0.8555556815647687,0.1665669134909686,False,False,False,1.0
0.696653459165476,1.3701403961021883,0.9228340602365452,-1.6267020109121706,-0.19378352871360946,1.0,1.0,0.0,2.338140955966576,-1.378698992853239,True,False,True,1.0
-1.2986300960039572,0.22059112081287305,0.5542169085278338,1.399951448462118,-0.8932503321503247,1.0,1.0,0.0,0.6481982624528573,1.618367770574419,True,False,False,1.0
-1.5480405404001363,0.5278605811889479,0.7385254843821895,-1.3938825140372253,0.15594987300474816,0.0,0.0,1.0,1.0165060620025055,1.2795569670041747,True,False,False,1.0
-1.2154932812052308,1.0050319784788522,-1.4731774258700792,0.23585396408739168,-1.2429837338686824,0.0,1.0,1.0,1.2230433087112864,0.8156679357467408,True,False,False,1.0
1.3617479775552872,-0.36020840821170724,-1.4731774258700792,1.399951448462118,-0.5435169304319671,0.0,1.0,1.0,0.222914670707683,0.5620752653260104,False,False,True,1.0
-1.46490372560141,1.2122882419482044,1.4757597877996123,0.7014929578372823,-0.8932503321503247,1.0,1.0,0.0,-0.237978791159695,1.3465631604080264,True,False,True,1.0
0.696653459165476,0.8351300415650227,-1.4731774258700792,-1.3938825140372253,-0.19378352871360946,1.0,1.0,1.0,1.8457073234195325,-0.031015451674234727,True,False,False,1.0
1.0292007183603815,1.3737553309301418,0.5542169085278338,-0.2297850296624989,1.5548834798781788,0.0,0.0,0.0,0.20561844807689822,0.7039909467403215,False,False,True,1.0
1.1954743479578342,0.43748721049010236,0.7385254843821895,-1.6267020109121706,0.15594987300474816,0.0,1.0,1.0,-0.3834705462304125,-1.4759438786649828,True,False,False,1.0
-0.38412513321796693,-0.9169083717165954,1.4757597877996123,0.468673460962337,0.8554166764414635,0.0,1.0,1.0,-0.9104966240390258,-1.0337030021995623,True,False,False,1.0
-0.1347146888217878,0.04707424907108995,1.4757597877996123,0.9343124547122276,-1.59271713558704,1.0,0.0,1.0,0.18221767628230726,-0.4598550894588849,False,True,True,1.0
-1.5480405404001363,-0.3120092771723229,0.36990833267347806,0.468673460962337,0.15594987300474816,0.0,1.0,1.0,-0.7416040971737173,0.5789127190531319,False,False,True,1.0
-1.714314169997589,1.171318980564728,0.7385254843821895,0.7014929578372823,0.8554166764414635,0.0,1.0,1.0,0.5881701956754284,0.997443711698728,False,True,True,1.0
-1.46490372560141,-1.3410607248631772,1.2914512119452566,-1.3938825140372253,-0.19378352871360946,1.0,1.0,1.0,-1.2157240822293423,1.4599582569376213,False,False,True,1.0
-1.5480405404001363,-1.583261358336083,-1.2888688500157235,0.003034467212446404,-0.19378352871360946,1.0,0.0,0.0,-1.463975748224133,1.2630631347816885,True,False,False,1.0
0.03155894077566496,0.6483584087874086,0.0012911809647666106,1.6327709453370634,-1.59271713558704,0.0,1.0,0.0,0.3938420472942602,1.7138945488629869,False,False,False,1.0
0.19783257037311774,-0.26381014613293857,0.9228340602365452,-0.9282435202873347,1.5548834798781788,0.0,1.0,1.0,0.11303278575916888,0.7620629810236599,False,False,False,1.0
1.1954743479578342,1.1303497191812513,0.18559975681912233,1.6327709453370634,0.15594987300474816,0.0,1.0,1.0,0.5505254758319559,-1.2178841286839952,True,False,False,1.0
-0.6335355776141461,0.9303233253678065,-0.5516345465983006,1.399951448462118,-0.8932503321503247,1.0,1.0,1.0,1.473329824427346,-0.7701453081444128,True,False,False,1.0
-0.9660828368090516,-0.8060503703260117,0.9228340602365452,0.23585396408739168,1.205150078159821,0.0,0.0,1.0,-0.6591926834623318,0.10505866416127925,True,False,False,1.0
-0.7166723924128725,1.4183395271415724,-0.1830173948895891,-0.2297850296624989,-0.8932503321503247,0.0,1.0,0.0,1.4896086221974962,-1.4457051862570907,True,False,True,1.0
-0.1347146888217878,-0.22404586302544657,1.4757597877996123,-1.6267020109121706,0.8554166764414635,0.0,1.0,1.0,0.3653541511964972,0.9455568644988223,True,False,False,1.0
-0.8829460220103252,-1.6579700114471287,-0.1830173948895891,1.399951448462118,-0.5435169304319671,1.0,1.0,1.0,-1.3530764384149847,0.0731018642302116,False,False,True,1.0
-1.5480405404001363,-1.4699934003935302,0.0012911809647666106,-0.46260452653744416,-0.19378352871360946,0.0,1.0,0.0,-1.3215362677353186,-0.06709570966092418,False,False,True,1.0
1.2786111627565606,-0.8024354354980578,-0.5516345465983006,0.9343124547122276,0.8554166764414635,0.0,1.0,1.0,-0.5198054775554205,-1.1426310191689006,True,False,True,1.0
1.52802160715274,-0.9626975462040106,0.7385254843821895,-1.3938825140372253,-0.8932503321503247,1.0,1.0,1.0,-0.5035266797852704,-0.01795783449809946,False,False,True,1.0
-1.049219651607778,0.9941871739949908,-1.6574860017244348,-1.16106301716228,-0.5435169304319671,1.0,1.0,1.0,-0.3519303755507466,-0.14028709014820803,True,False,True,1.0
-0.8829460220103252,-1.3181661376194695,-0.1830173948895891,-1.3938825140372253,1.205150078159821,0.0,0.0,0.0,-1.0224133587088085,-0.6780547449021963,False,False,True,1.0
-1.2986300960039572,1.125529806077313,0.5542169085278338,-1.3938825140372253,-0.19378352871360946,1.0,0.0,0.0,0.9035719024720885,-0.7165403534213315,False,False,True,1.0
-1.5480405404001363,1.6099310730231249,-1.4731774258700792,-0.2297850296624989,-0.19378352871360946,0.0,0.0,1.0,2.467353913267144,0.807764641140133,True,False,True,1.0
-0.1347146888217878,-1.3302159203793158,-1.1045602741613676,0.7014929578372823,1.5548834798781788,1.0,1.0,1.0,-1.0091868355205613,-1.3151290144957388,False,False,False,1.0
1.1123375331591079,1.5761916812955556,-0.1830173948895891,0.9343124547122276,-0.5435169304319671,0.0,1.0,0.0,1.444841928329583,-0.4220567239490199,False,True,False,1.0
0.11469575557439135,-1.3482905945190846,0.9228340602365452,-0.6954240234123894,0.5056832747231058,0.0,1.0,0.0,-1.2289506054175892,-0.6962666846478585,True,False,True,1.0
0.5303798295680233,-0.3421337340719381,-0.9202516983070119,0.003034467212446404,-0.8932503321503247,0.0,1.0,0.0,0.14355553157820058,0.5813180695855781,True,False,True,1.0
0.9460639035616552,0.6206439084397626,-1.2888688500157235,1.1671319515871728,0.15594987300474816,1.0,0.0,1.0,1.2403395313420713,1.4939767858965,False,False,True,1.0
-0.46726194801669335,1.3713453743781725,-0.1830173948895891,0.9343124547122276,-1.59271713558704,0.0,1.0,0.0,1.072464429337397,0.048017494391846514,True,False,False,1.0
-1.5480405404001363,1.566551855087679,-0.1830173948895891,-0.9282435202873347,-0.8932503321503247,1.0,1.0,0.0,1.4377199543051424,1.6104644759678113,True,False,False,1.0
-1.3817669108026835,0.2965047521999036,-1.4731774258700792,0.7014929578372823,0.15594987300474816,1.0,0.0,1.0,0.44166101574407635,-0.11554634181447827,False,True,False,1.0
-1.2154932812052308,0.6290787563716548,0.36990833267347806,0.003034467212446404,-1.59271713558704,0.0,0.0,0.0,0.6186929414944597,0.36449290016080704,False,True,True,1.0
1.0292007183603815,-0.4795012575341833,-1.1045602741613676,0.468673460962337,1.205150078159821,0.0,1.0,0.0,-0.7619525943864051,-0.35367604452662765,True,False,True,1.0
-0.7998092072115989,-0.2541703199250617,-0.1830173948895891,0.003034467212446404,0.5056832747231058,0.0,1.0,1.0,-0.2888500341914144,-0.8141288607377102,True,False,True,1.0
-0.7998092072115989,-0.33008395131209206,0.9228340602365452,-0.6954240234123894,-0.5435169304319671,1.0,1.0,0.0,-0.6958199784451697,0.7184230499349973,True,False,True,1.0
-0.2178515036205142,-0.16982184060613933,-0.5516345465983006,-1.3938825140372253,-1.2429837338686824,0.0,0.0,1.0,0.23715861875656413,-0.7694580651351426,False,False,False,1.0
-0.9660828368090516,-0.4397369744266913,-1.1045602741613676,-0.6954240234123894,-1.2429837338686824,1.0,1.0,1.0,-0.3946622196973909,-0.9512338410871296,True,False,False,1.0
-1.1323564664065044,0.5013510591172866,0.18559975681912233,0.23585396408739168,0.5056832747231058,1.0,1.0,0.0,1.261705453415393,-0.5811534805950878,True,False,False,1.0
-1.049219651607778,-0.9385979806843184,-0.1830173948895891,0.468673460962337,-0.5435169304319671,0.0,0.0,0.0,-0.5432062493500115,1.4637380934886077,True,False,False,1.0
0.3641061999705705,-1.080785417250502,0.5542169085278338,-1.16106301716228,-1.59271713558704,1.0,0.0,0.0,-1.0010474366354862,0.29817394976622574,False,False,False,1.0
-0.7998092072115989,-1.3049113765836389,0.9228340602365452,-1.16106301716228,-0.19378352871360946,0.0,0.0,1.0,-0.9206708726453696,-0.6326967062903583,False,False,True,1.0
-1.1323564664065044,0.7772910843177615,-0.9202516983070119,-0.6954240234123894,-0.8932503321503247,1.0,1.0,0.0,0.003150900810654934,0.47101556659769933,True,False,True,1.0
0.2809693851718441,-0.7337516737669353,-0.9202516983070119,1.1671319515871728,-0.8932503321503247,0.0,1.0,1.0,-0.21356059450446968,-1.2285363953276847,True,False,True,1.0
1.4448847923540136,-0.780745826530335,-0.1830173948895891,-1.16106301716228,0.8554166764414635,1.0,0.0,1.0,-0.7466912214768892,0.4906019923619021,False,False,True,1.0
-1.46490372560141,0.6242588432677165,1.2914512119452566,1.1671319515871728,-0.5435169304319671,0.0,1.0,1.0,0.5820656465116218,0.1511039457823874,False,True,False,1.0
0.3641061999705705,-0.8373798055016114,-0.7359431224526563,0.23585396408739168,-1.2429837338686824,0.0,0.0,1.0,-1.0824414254862373,0.6517604780357809,True,False,False,1.0
-0.38412513321796693,1.0339514571024826,0.0012911809647666106,1.6327709453370634,0.5056832747231058,0.0,1.0,0.0,1.0714470044767628,-1.6048019429031588,False,False,False,1.0
1.4448847923540136,-0.49878090994993707,0.0012911809647666106,-0.2297850296624989,-0.19378352871360946,0.0,1.0,0.0,-0.5299797261617646,0.47376453863478035,True,False,True,1.0
0.19783257037311774,-1.7579832083538511,1.2914512119452566,-0.9282435202873347,-0.8932503321503247,1.0,0.0,0.0,-1.4660105979454017,0.39095175601771265,False,False,True,1.0
-1.46490372560141,0.11214307597425861,-1.1045602741613676,1.1671319515871728,-1.59271713558704,1.0,1.0,0.0,-0.4577425610567229,0.9149745505862952,False,False,False,1.0
0.11469575557439135,1.1797538284966202,-0.9202516983070119,-1.3938825140372253,-1.2429837338686824,1.0,0.0,0.0,0.5952921696998691,0.27446406594640144,True,False,False,1.0
-0.2178515036205142,1.2351828291919122,1.2914512119452566,-0.6954240234123894,1.5548834798781788,0.0,0.0,0.0,1.7348080136103838,1.1616947909143231,False,False,False,1.0
0.5303798295680233,0.9086337164000836,0.7385254843821895,-0.46260452653744416,0.15594987300474816,0.0,0.0,1.0,0.7794460694746933,-0.4547007668893577,True,False,True,1.0
-0.5503987628154198,-1.0398161558670256,1.2914512119452566,0.23585396408739168,0.15594987300474816,1.0,1.0,1.0,-0.7680571435502114,0.951742051582255,False,False,False,1.0
-1.049219651607778,-0.01678959955609434,-1.2888688500157235,-1.6267020109121706,1.205150078159821,1.0,1.0,0.0,-0.30716368168283337,-0.008336432368315851,True,False,True,1.0
-1.714314169997589,-1.338650768311208,1.107142636090901,-0.6954240234123894,-0.8932503321503247,0.0,1.0,0.0,-1.1455217668455693,-1.0123984689121839,True,False,False,1.0
1.1123375331591079,-1.4205892910781612,0.36990833267347806,0.7014929578372823,-1.2429837338686824,1.0,0.0,0.0,-1.2299680302782237,0.17859366615319844,True,False,True,1.0
-1.5480405404001363,-0.14210734025849334,-1.6574860017244348,-1.3938825140372253,1.5548834798781788,0.0,1.0,0.0,-0.06806883943375218,-0.6969539276571288,False,True,False,1.0
1.52802160715274,1.4617187450770182,1.107142636090901,-0.6954240234123894,-0.19378352871360946,1.0,1.0,1.0,1.4896086221974962,-1.6048019429031588,False,True,True,1.0
-1.5480405404001363,-0.8132802399819193,1.6600683636539681,-1.3938825140372253,0.5056832747231058,0.0,0.0,1.0,-0.5564327725382586,-0.6251370331883853,True,False,True,1.0
0.11469575557439135,0.5736497556763632,-1.2888688500157235,-1.3938825140372253,1.205150078159821,1.0,0.0,0.0,0.14762523102073807,1.602561181361203,True,False,True,1.0
0.2809693851718441,0.561599972916517,-1.2888688500157235,-1.3938825140372253,-1.2429837338686824,0.0,0.0,0.0,0.3002389601158963,0.10162244911492785,True,False,False,1.0
-0.6335355776141461,-1.6688148159309901,-0.9202516983070119,0.468673460962337,1.5548834798781788,1.0,0.0,0.0,-1.4181916294955854,1.304984958347175,False,False,False,1.0
0.3641061999705705,-0.004739816796248102,-0.9202516983070119,-1.16106301716228,-0.8932503321503247,1.0,0.0,1.0,-0.5126835035309799,0.9888531740828497,False,False,True,1.0
0.3641061999705705,-0.8626843492972882,0.36990833267347806,1.6327709453370634,-0.5435169304319671,1.0,0.0,0.0,-0.5462585239319148,0.7850856218342136,False,False,False,1.0
-0.38412513321796693,-1.6856845117947747,0.9228340602365452,-0.2297850296624989,1.205150078159821,0.0,1.0,0.0,-1.4212439040774887,0.2899270336549824,True,False,True,1.0
-1.46490372560141,-1.157904026913517,0.9228340602365452,-1.16106301716228,-0.19378352871360946,0.0,0.0,0.0,-0.893200401408241,-1.3948492035710907,True,False,True,1.0
1.4448847923540136,-1.2326126800245625,1.4757597877996123,1.1671319515871728,0.5056832747231058,1.0,0.0,0.0,-1.144504341984935,-1.145723612710617,True,False,False,1.0
-0.7998092072115989,-0.18307660164196995,-0.1830173948895891,-0.9282435202873347,0.5056832747231058,1.0,0.0,1.0,-0.4689342345237011,-0.9594807571983729,False,False,True,1.0
1.0292007183603815,-1.2494823758883469,0.0012911809647666106,0.003034467212446404,0.8554166764414635,0.0,0.0,1.0,-1.1394172176817632,-1.4103121712796716,True,False,True,1.0
1.1123375331591079,0.006104987687613342,-0.7359431224526563,-1.16106301716228,-1.59271713558704,1.0,1.0,0.0,0.2239320955683172,-1.2491536856057928,True,False,False,1.0
0.03155894077566496,1.22674798126002,1.107142636090901,-1.3938825140372253,-0.19378352871360946,1.0,0.0,1.0,1.127405371811654,-1.4900323603550232,True,False,True,1.0
-0.051577874023061424,1.413519614037634,0.0012911809647666106,-1.6267020109121706,0.15594987300474816,0.0,1.0,0.0,0.5240724294554616,-1.2477791995872523,False,True,False,1.0
0.696653459165476,-1.126574591737917,-0.7359431224526563,1.399951448462118,1.205150078159821,0.0,1.0,0.0,-1.1353475182392254,0.3033282723357527,False,False,True,1.0
0.8629270887629288,1.3424258957545423,0.18559975681912233,-0.9282435202873347,-0.5435169304319671,0.0,0.0,1.0,0.964617394110152,-1.6790241879043482,True,False,True,1.0
-1.1323564664065044,1.666565051994401,-0.7359431224526563,0.003034467212446404,1.5548834798781788,0.0,0.0,1.0,1.7246337650040404,0.5067522030797534,False,False,False,1.0
1.4448847923540136,-1.6784546421388669,-1.2888688500157235,1.6327709453370634,-0.19378352871360946,0.0,0.0,0.0,-1.4466795255933484,1.3874541194596075,False,False,False,1.0
-0.7998092072115989,1.4785884409408028,1.4757597877996123,-0.6954240234123894,-0.19378352871360946,0.0,1.0,1.0,1.049063657542806,1.5496434696473917,True,False,False,1.0
-1.5480405404001363,1.199033480912374,1.4757597877996123,0.468673460962337,-0.19378352871360946,1.0,1.0,0.0,0.30125638497653084,-0.5347645774693446,True,False,False,1.0
-0.6335355776141461,0.9737025433032522,-1.4731774258700792,0.7014929578372823,0.8554166764414635,0.0,1.0,1.0,1.2077819358017707,-1.12854253747886,True,False,False,1.0
0.3641061999705705,0.7134272356905776,-0.5516345465983006,-1.3938825140372253,-0.5435169304319671,1.0,1.0,1.0,0.927990099127314,-0.1341019030647756,False,False,True,1.0
1.6111584219514663,0.8736893463965302,1.2914512119452566,-0.6954240234123894,-1.59271713558704,1.0,0.0,1.0,-0.07620823831882728,1.183686567210972,True,False,False,1.0
1.4448847923540136,0.3579586442751183,1.107142636090901,-0.2297850296624989,0.15594987300474816,0.0,0.0,0.0,0.05300471898173998,-1.388320394983023,True,False,False,1.0
1.4448847923540136,-1.356725442450977,-0.5516345465983006,0.9343124547122276,0.5056832747231058,0.0,1.0,0.0,-1.0590406536916463,-0.7113860308518045,False,False,True,1.0
-0.6335355776141461,1.2219280681560816,0.9228340602365452,-1.3938825140372253,0.5056832747231058,0.0,1.0,0.0,2.2018060246415683,0.530805708404213,True,False,False,1.0
-0.6335355776141461,-0.6674778685877818,-0.1830173948895891,-1.6267020109121706,-0.8932503321503247,0.0,0.0,0.0,-0.9410193698580573,-1.5412319645456587,True,False,False,1.0
0.8629270887629288,-0.2710400157888463,-1.4731774258700792,0.9343124547122276,0.15594987300474816,0.0,1.0,0.0,0.36433672633586267,-0.8264992349045752,True,False,False,1.0
-1.3817669108026835,-1.2868367024438698,1.107142636090901,-0.46260452653744416,1.5548834798781788,1.0,1.0,1.0,-1.1913058855741168,-0.09699078056418095,True,False,True,1.0
-0.051577874023061424,0.7134272356905776,0.0012911809647666106,1.6327709453370634,-0.5435169304319671,1.0,0.0,1.0,0.7275574015823393,-0.9766618324301296,False,False,False,1.0
1.6942952367501927,1.3327860695466651,-0.7359431224526563,1.399951448462118,-0.5435169304319671,0.0,1.0,0.0,-0.002953648353151446,-1.234721582411117,False,True,False,1.0
-1.5480405404001363,1.4111096574856647,-0.1830173948895891,-0.6954240234123894,1.5548834798781788,1.0,0.0,1.0,0.3806155241060129,0.05042284492429248,True,False,True,1.0
-0.7998092072115989,-0.16379694922621624,0.7385254843821895,-1.16106301716228,1.205150078159821,0.0,1.0,1.0,-0.8250329357457372,-1.6625303556818618,False,False,True,1.0
-1.46490372560141,-0.6542231075519512,0.5542169085278338,-0.9282435202873347,1.5548834798781788,0.0,1.0,0.0,-0.18914239784924433,-1.3951928250757257,False,False,False,1.0
-0.30098831841924056,-1.5350622272966987,0.36990833267347806,1.6327709453370634,-0.5435169304319671,1.0,0.0,1.0,-1.3052574699651684,0.19955457793594172,True,False,True,1.0
1.1123375331591079,-0.07221860025138614,-0.9202516983070119,1.1671319515871728,0.5056832747231058,0.0,0.0,1.0,0.10285853715282485,-0.9814725334950216,False,False,False,1.0
0.5303798295680233,-1.6748397073109131,-0.3673259707439448,-1.16106301716228,-0.19378352871360946,1.0,1.0,1.0,-1.4690628725273047,0.0067829138356303095,True,False,False,1.0
0.9460639035616552,-1.1313945048418554,-1.4731774258700792,1.399951448462118,-0.8932503321503247,1.0,0.0,1.0,-0.7995973142298773,0.4036657516892126,True,False,True,1.0
-1.6311773551988626,-0.375873125799507,-1.6574860017244348,1.6327709453370634,0.15594987300474816,1.0,1.0,1.0,0.09675398798901864,0.00025410524756255517,False,False,False,1.0
-0.5503987628154198,0.1603422070136427,-0.1830173948895891,-1.16106301716228,1.5548834798781788,1.0,0.0,0.0,0.9778439172983989,-1.3986290401220771,False,False,False,1.0
-1.46490372560141,-0.5746945413369672,1.6600683636539681,-0.2297850296624989,-0.5435169304319671,0.0,0.0,0.0,0.04079562065412722,0.15831999737972527,False,True,True,1.0
1.0292007183603815,-0.04811903473169409,1.6600683636539681,-1.16106301716228,1.5548834798781788,0.0,0.0,0.0,-0.3427735518050371,-1.640882200889848,True,False,True,1.0
1.6942952367501927,0.33867899185936456,1.2914512119452566,-0.9282435202873347,1.5548834798781788,0.0,1.0,1.0,0.9524082957825392,0.14766773073603598,False,True,False,1.0
-1.2154932812052308,-0.3686432561435995,0.18559975681912233,0.468673460962337,-0.5435169304319671,0.0,1.0,1.0,-0.24306591546286702,1.0263079180880796,True,False,True,1.0
0.3641061999705705,1.3761652874821113,1.6600683636539681,-1.16106301716228,0.5056832747231058,1.0,0.0,0.0,0.9727567929952269,-0.16812043202365415,False,False,False,1.0
0.2809693851718441,0.9387581732996988,0.7385254843821895,0.23585396408739168,1.205150078159821,0.0,1.0,0.0,0.8008119915480155,1.6998060671729465,True,False,False,1.0
-0.2178515036205142,-0.4457618658066142,-0.7359431224526563,0.003034467212446404,0.8554166764414635,0.0,1.0,1.0,-0.27562351100316745,-0.02964096565569421,True,False,False,1.0
-1.46490372560141,0.33506405703141107,0.18559975681912233,0.003034467212446404,1.205150078159821,1.0,1.0,0.0,0.3399185296806375,1.199493156424188,True,False,False,1.0
0.6135166443667497,0.18685172908530437,-0.7359431224526563,-0.6954240234123894,-0.5435169304319671,1.0,0.0,0.0,0.13643355755375985,1.014624786930485,False,False,True,1.0
0.8629270887629288,-1.5700065973002524,-0.7359431224526563,-0.9282435202873347,-1.59271713558704,1.0,1.0,1.0,-1.3835991842340163,1.5121887256421622,True,False,True,1.0
-1.2986300960039572,0.7061973660346698,-0.1830173948895891,0.468673460962337,0.15594987300474816,1.0,1.0,0.0,-0.3753311473453374,-1.136102210580833,True,False,False,1.0
1.0292007183603815,1.5858315075034328,0.36990833267347806,0.9343124547122276,1.205150078159821,0.0,1.0,1.0,2.6830479837216337,-0.11932617836546475,True,False,True,1.0
0.696653459165476,0.4218224929023026,1.2914512119452566,1.6327709453370634,-1.59271713558704,0.0,0.0,1.0,0.545438351528784,-1.4999973839894423,False,False,True,1.0
-0.7166723924128725,1.4809983974927718,-0.9202516983070119,1.399951448462118,0.8554166764414635,0.0,1.0,1.0,1.888439167566177,-0.7364704006901694,False,True,False,1.0
0.7797902739642024,1.4605137668010337,-1.6574860017244348,0.7014929578372823,1.5548834798781788,0.0,1.0,1.0,1.9372755608766272,0.01984053101176533,True,False,False,1.0
1.3617479775552872,-1.583261358336083,0.18559975681912233,-0.46260452653744416,0.15594987300474816,0.0,0.0,1.0,-1.2767695738674056,1.4276578355019185,True,False,False,1.0
0.696653459165476,-0.060168817491540114,0.18559975681912233,0.7014929578372823,1.205150078159821,1.0,0.0,0.0,0.4681140621205706,-0.6804600954346423,True,False,True,1.0
-0.7166723924128725,-1.0265613948311947,-0.3673259707439448,0.9343124547122276,0.5056832747231058,0.0,0.0,0.0,-0.5391365499074741,0.6431699404199025,True,False,False,1.0
-1.46490372560141,-0.5216754971936445,-1.6574860017244348,0.468673460962337,-1.2429837338686824,1.0,0.0,0.0,-0.06298171513058035,-0.7777049812463858,True,False,True,1.0
-0.38412513321796693,1.5316074850841255,-0.7359431224526563,-0.9282435202873347,-0.5435169304319671,0.0,0.0,1.0,2.6972919317705153,1.0940013545012015,True,False,True,1.0
0.03155894077566496,-0.5650547151290903,-0.5516345465983006,1.6327709453370634,-1.59271713558704,1.0,1.0,0.0,-0.19728179673431945,-1.4402072421829284,False,False,False,1.0
1.6942952367501927,1.1652940891848051,-1.2888688500157235,-0.6954240234123894,0.8554166764414635,1.0,1.0,1.0,1.7409125627741904,1.0283696471158905,True,False,False,1.0
-1.6311773551988626,0.9158635860559915,1.6600683636539681,-0.6954240234123894,1.5548834798781788,0.0,0.0,0.0,0.7082263292302862,0.8675547829466466,True,False,True,1.0
0.2809693851718441,0.7531915187980694,-0.1830173948895891,1.399951448462118,0.8554166764414635,1.0,1.0,0.0,1.6188215794980636,-0.8405877165946158,False,False,True,1.0
-0.9660828368090516,0.4157976015223795,-0.9202516983070119,-0.9282435202873347,0.15594987300474816,0.0,1.0,1.0,0.2788730380425741,0.7947070239639975,False,False,True,1.0
0.4472430147692969,0.15070238080576606,-0.1830173948895891,1.1671319515871728,-0.8932503321503247,0.0,0.0,1.0,-0.6602101083229662,1.445526153742946,True,False,False,1.0
-0.30098831841924056,-0.4180473654589684,0.18559975681912233,0.468673460962337,0.5056832747231058,0.0,0.0,0.0,-0.38245312136977816,-1.0395445677783597,True,False,True,1.0
1.3617479775552872,0.36036860082708744,1.6600683636539681,-0.9282435202873347,-0.8932503321503247,0.0,1.0,0.0,-0.374313722484703,-1.4810982012345097,True,False,True,1.0
-0.1347146888217878,-1.5663916624722987,-1.6574860017244348,0.9343124547122276,0.15594987300474816,0.0,1.0,1.0,-1.3683378113245006,-0.19183031584347848,True,False,False,1.0
-0.1347146888217878,-0.7036272168673201,-1.4731774258700792,0.9343124547122276,-1.59271713558704,0.0,0.0,1.0,-0.4241675406557881,-1.010336739884373,True,False,False,1.0
-1.5480405404001363,-0.43371208304676817,-1.6574860017244348,0.003034467212446404,0.8554166764414635,1.0,1.0,1.0,0.20460102321626367,-1.250184550119698,True,False,True,1.0
0.4472430147692969,-0.5433651061613674,1.107142636090901,-0.46260452653744416,0.5056832747231058,0.0,1.0,1.0,0.05300471898173998,1.1225219393859176,False,False,True,1.0
0.8629270887629288,-1.2350226365765318,-1.4731774258700792,-0.6954240234123894,0.8554166764414635,1.0,0.0,0.0,-0.89523525112951,0.25968834124709056,True,False,False,1.0
-0.6335355776141461,0.1482924242537969,-0.7359431224526563,-0.9282435202873347,-0.8932503321503247,1.0,0.0,1.0,-0.7273601491248358,-1.522332781790726,False,False,False,1.0
0.4472430147692969,-1.491683009361253,-0.5516345465983006,1.1671319515871728,1.5548834798781788,1.0,1.0,1.0,-1.3439196146692751,1.3616825066119722,False,False,True,1.0
-1.3817669108026835,1.7111492482058317,1.107142636090901,0.23585396408739168,0.15594987300474816,1.0,0.0,1.0,1.4835040730336897,-0.4945608614270336,True,False,True,1.0
-0.7998092072115989,1.3135064171309114,1.6600683636539681,0.003034467212446404,-1.2429837338686824,0.0,0.0,0.0,0.48439285989072045,1.098468434061458,False,False,True,1.0
-0.2178515036205142,1.5918563988833558,0.0012911809647666106,0.9343124547122276,1.5548834798781788,0.0,1.0,1.0,1.6554488744809022,-0.59936542034075,True,False,True,1.0
-1.6311773551988626,-0.12523764439470877,0.18559975681912233,0.23585396408739168,-1.59271713558704,1.0,1.0,1.0,0.6156406669125568,0.7837111358156733,False,True,True,1.0
-1.1323564664065044,-1.104884982770194,1.4757597877996123,-1.3938825140372253,0.8554166764414635,1.0,1.0,1.0,-0.6591926834623318,-0.4492028228151956,False,False,False,1.0
-0.7166723924128725,0.006104987687613342,0.36990833267347806,0.003034467212446404,1.5548834798781788,0.0,0.0,0.0,0.05910926814554618,-1.5721578999628207,False,False,False,1.0
-0.38412513321796693,-1.7109890555904512,1.4757597877996123,-1.6267020109121706,0.15594987300474816,1.0,0.0,1.0,-1.4965333437644335,-0.8206576693257779,False,False,True,1.0
0.696653459165476,-0.09149825266713986,1.2914512119452566,0.7014929578372823,1.205150078159821,0.0,0.0,0.0,-0.3153030805679085,0.9111947140353087,True,False,True,1.0
0.5303798295680233,-0.36261836476367637,0.0012911809647666106,-0.9282435202873347,1.205150078159821,1.0,1.0,1.0,0.22800179501085466,-0.13719449660649194,False,True,False,1.0
1.1123375331591079,1.1411945236651126,0.7385254843821895,1.399951448462118,1.205150078159821,0.0,0.0,1.0,0.015359999138267695,-0.37979127887889796,True,False,True,1.0
-1.46490372560141,-1.3832349645226385,-0.5516345465983006,-0.46260452653744416,-0.8932503321503247,1.0,1.0,0.0,-1.1923233104347513,-0.6031452568917365,True,False,False,1.0
1.6111584219514663,1.1363746105611743,-1.6574860017244348,-0.6954240234123894,0.5056832747231058,1.0,1.0,1.0,1.8263762510674793,-0.42446207448146583,True,False,True,1.0
-1.1323564664065044,0.506170972221225,1.4757597877996123,-0.46260452653744416,-0.5435169304319671,0.0,1.0,0.0,0.372476125220938,1.1527606317938095,True,False,False,1.0
-0.9660828368090516,-0.41684238718298383,0.7385254843821895,-1.16106301716228,-0.8932503321503247,0.0,0.0,1.0,-0.5869555183572902,-1.5103060291284964,True,False,True,1.0
-0.7998092072115989,1.5038929847364795,0.7385254843821895,0.468673460962337,1.205150078159821,0.0,1.0,0.0,1.3949881101584982,-1.4192463304001852,True,False,True,1.0
-1.1323564664065044,-1.503732792121099,1.6600683636539681,-0.2297850296624989,1.205150078159821,0.0,0.0,1.0,-1.2930483716375558,-1.2285363953276847,False,False,False,1.0
-0.9660828368090516,-0.027634404039955783,1.4757597877996123,1.1671319515871728,1.5548834798781788,1.0,0.0,0.0,0.4681140621205706,0.20230354997302274,False,False,True,1.0
-1.1323564664065044,-1.537472183848668,-1.1045602741613676,1.399951448462118,-0.8932503321503247,1.0,1.0,1.0,-1.170957388361429,1.2170178531605802,True,False,False,1.0
-1.3817669108026835,0.6929426049988391,0.18559975681912233,1.1671319515871728,0.8554166764414635,1.0,1.0,0.0,-0.036528668754086085,-1.660468626654051,True,False,True,1.0
1.6111584219514663,0.46038179773381005,0.7385254843821895,-1.6267020109121706,1.5548834798781788,1.0,0.0,0.0,1.3420820174055101,0.6277069727113213,False,False,True,1.0
-1.6311773551988626,-1.1916434186410858,-1.4731774258700792,0.468673460962337,0.8554166764414635,0.0,0.0,1.0,-0.8687822047530158,1.013250300911944,True,False,True,1.0
1.0292007183603815,0.48327638497751774,-0.9202516983070119,-0.9282435202873347,1.5548834798781788,1.0,0.0,0.0,0.8058991158511871,1.4836681407574461,True,False,False,1.0
-0.2178515036205142,0.1699820332215198,1.4757597877996123,1.399951448462118,1.205150078159821,0.0,0.0,1.0,0.7021217800664796,0.7380094756992003,True,False,True,1.0
0.696653459165476,1.2556674598836506,1.4757597877996123,0.7014929578372823,-1.59271713558704,0.0,1.0,0.0,2.046140020964507,-0.7667090930980615,True,False,False,1.0
-1.714314169997589,0.6905326484468699,0.7385254843821895,0.7014929578372823,-0.19378352871360946,1.0,1.0,0.0,-0.3336167280593276,-1.6687155427652942,False,False,False,1.0
0.9460639035616552,1.2496425685037276,0.7385254843821895,0.23585396408739168,0.8554166764414635,0.0,1.0,0.0,1.4702775498454428,-0.009023675377585987,True,False,False,1.0
1.6942952367501927,1.5436572678439713,-1.1045602741613676,1.1671319515871728,-0.19378352871360946,1.0,1.0,1.0,1.0317674349120216,0.7380094756992003,True,False,True,1.0
-0.2178515036205142,1.143604480217082,0.5542169085278338,-0.2297850296624989,0.15594987300474816,0.0,1.0,1.0,1.0246454608875808,0.2957685992337798,False,False,False,1.0
1.1123375331591079,-1.543497075228591,-0.5516345465983006,0.7014929578372823,1.5548834798781788,0.0,1.0,1.0,-1.3378150655054688,-1.4147792508399284,True,False,True,1.0
-0.30098831841924056,1.5532970940518485,0.18559975681912233,1.399951448462118,1.5548834798781788,0.0,1.0,0.0,0.1323638581112224,-1.5412319645456587,False,False,True,1.0
1.3617479775552872,0.8218752805291921,0.5542169085278338,-1.6267020109121706,-1.59271713558704,0.0,1.0,0.0,1.528270766901603,-0.029297344151059144,False,False,True,1.0
-1.46490372560141,-1.2506873541643317,0.5542169085278338,0.9343124547122276,-0.5435169304319671,0.0,0.0,0.0,-0.8087541379755868,0.591626714724632,False,False,False,1.0
0.3641061999705705,-1.0434310906949793,1.107142636090901,-1.3938825140372253,0.5056832747231058,0.0,1.0,0.0,-0.8759041787774566,1.6719727252975003,False,True,False,1.0
0.696653459165476,-0.01558462128010976,0.9228340602365452,-0.6954240234123894,-1.59271713558704,0.0,1.0,1.0,-0.17388102493972865,-1.6614994911679564,False,False,False,1.0
1.1123375331591079,-1.463968509013607,-0.7359431224526563,0.468673460962337,0.15594987300474816,1.0,1.0,0.0,-1.2879612473343838,-1.1811166276880356,False,False,True,1.0
-0.8829460220103252,-1.623025641443575,0.9228340602365452,0.7014929578372823,-0.19378352871360946,0.0,1.0,1.0,-1.3439196146692751,0.8108572346818488,True,False,False,1.0
-1.2986300960039572,-0.651813150999982,-0.1830173948895891,0.003034467212446404,-0.8932503321503247,1.0,0.0,1.0,-0.18914239784924433,0.6448880479430781,False,False,True,1.0
-1.2154932812052308,-0.9205233065445494,1.6600683636539681,-1.16106301716228,-0.19378352871360946,1.0,0.0,1.0,-0.7283775739854702,-0.6811473384439125,True,False,True,1.0
1.6942952367501927,0.515810798429102,0.7385254843821895,-0.9282435202873347,-1.2429837338686824,1.0,0.0,0.0,-0.18202042382480377,0.6679106887536322,False,True,False,1.0
-0.5503987628154198,-1.7471384038699895,-1.6574860017244348,-1.16106301716228,-0.8932503321503247,0.0,1.0,0.0,-1.5321432138866369,1.2496618961009183,True,False,False,0.0
1.0292007183603815,-0.23971058061324654,-0.7359431224526563,0.003034467212446404,0.15594987300474816,0.0,1.0,0.0,0.2870124369276494,0.9173799011187413,True,False,True,1.0
0.4472430147692969,0.644743473959455,-0.5516345465983006,-0.46260452653744416,0.8554166764414635,1.0,0.0,1.0,0.5586648747170309,-1.1773367911370491,False,True,False,1.0
-0.38412513321796693,1.3653204829982495,0.0012911809647666106,0.9343124547122276,1.205150078159821,1.0,1.0,1.0,1.4367025294445082,0.3741143022905909,False,False,False,1.0
0.5303798295680233,-0.35056858200383034,-0.5516345465983006,-0.9282435202873347,-0.8932503321503247,1.0,1.0,1.0,0.28396016234574606,0.22876240582992835,False,False,True,1.0
-1.2154932812052308,-1.130189526565871,1.6600683636539681,0.23585396408739168,0.8554166764414635,1.0,1.0,1.0,-1.1373823679604944,-0.12826033748597823,False,True,True,1.0
0.11469575557439135,-1.7688280128377125,-1.6574860017244348,0.7014929578372823,-0.8932503321503247,1.0,1.0,0.0,-1.4700802973879394,1.1252709114229986,True,False,True,1.0
1.1123375331591079,0.29409479564793445,-1.2888688500157235,-1.16106301716228,1.205150078159821,1.0,0.0,0.0,0.8516832345797349,-1.4759438786649828,True,False,False,1.0
1.2786111627565606,0.1976965335691658,-0.3673259707439448,-0.2297850296624989,-0.8932503321503247,0.0,1.0,0.0,-0.28783260933078003,-1.4199335734094556,False,False,True,1.0
1.6942952367501927,1.7075343133778782,-1.1045602741613676,0.7014929578372823,-0.19378352871360946,0.0,1.0,0.0,1.6025427817279134,-0.7137913813842505,True,False,False,1.0
0.6135166443667497,1.7099442699298473,-0.1830173948895891,1.399951448462118,1.205150078159821,0.0,1.0,0.0,2.4409008668906496,-1.2226948297488873,True,False,True,1.0
-0.051577874023061424,1.6569252257865246,0.9228340602365452,0.468673460962337,0.5056832747231058,0.0,0.0,0.0,2.3249144327783293,-1.446736050770996,False,False,True,1.0
-1.1323564664065044,-0.1794616668140162,0.18559975681912233,0.7014929578372823,0.8554166764414635,0.0,0.0,0.0,0.2982041103946276,-1.423713409960442,True,False,False,1.0
-0.7166723924128725,-0.7506213696307198,-1.6574860017244348,-1.6267020109121706,-0.5435169304319671,0.0,1.0,1.0,-0.3091985314041023,-1.3673594832002796,False,True,False,1.0
0.5303798295680233,-0.753031326182689,0.5542169085278338,-0.2297850296624989,-0.8932503321503247,0.0,0.0,0.0,-0.9288102715304447,-0.2894188231598573,True,False,False,1.0
-1.2986300960039572,-1.6218206631675904,0.7385254843821895,0.9343124547122276,1.5548834798781788,0.0,0.0,1.0,-1.3093271694077058,1.357559048556351,True,False,False,1.0
1.2786111627565606,1.288201873335235,-1.4731774258700792,0.003034467212446404,-0.5435169304319671,0.0,1.0,1.0,-0.1321666056537187,-0.9711638883559675,False,True,True,1.0
0.6135166443667497,-0.027634404039955783,-0.1830173948895891,-1.3938825140372253,1.205150078159821,1.0,0.0,0.0,0.4091034202037759,1.4781701966832834,False,False,True,1.0
-0.2178515036205142,1.2098782853962353,1.107142636090901,-0.2297850296624989,-1.2429837338686824,0.0,0.0,0.0,1.7877141063633724,1.080600115820431,True,False,True,1.0
-1.1323564664065044,-0.6409683465161206,1.6600683636539681,0.23585396408739168,1.5548834798781788,1.0,1.0,1.0,-0.05280746652423631,0.04251955031768445,True,False,True,1.0
-0.38412513321796693,0.6845077570669469,-0.3673259707439448,0.7014929578372823,-0.19378352871360946,1.0,1.0,0.0,0.6888952568782326,-1.3570508380612256,True,False,False,1.0
-0.7166723924128725,-1.0265613948311947,1.107142636090901,-1.3938825140372253,-0.8932503321503247,1.0,0.0,1.0,-0.6948025535845354,-1.3192524725513606,False,False,True,1.0
0.696653459165476,0.3422939266873185,0.18559975681912233,0.7014929578372823,0.15594987300474816,0.0,0.0,1.0,0.20154874863436076,1.0654807696164852,False,False,True,1.0
-1.46490372560141,1.5304025068081408,-0.9202516983070119,-0.9282435202873347,-1.59271713558704,0.0,0.0,0.0,1.1355447706967292,-0.013490754937842846,True,False,True,1.0
-1.714314169997589,0.8580246288087303,0.9228340602365452,1.399951448462118,-0.19378352871360946,1.0,0.0,0.0,0.3297442810742935,-1.0594746150471974,True,False,False,1.0
-0.38412513321796693,1.1110700667654976,0.0012911809647666106,-0.9282435202873347,1.5548834798781788,1.0,0.0,1.0,2.0552968447102167,-0.9941865291665216,True,False,True,1.0
-0.9660828368090516,-1.7242438166262821,-0.5516345465983006,-0.46260452653744416,-1.59271713558704,0.0,0.0,1.0,-1.4649931730847674,-1.6941435341082942,True,False,True,1.0
-0.8829460220103252,-1.2530973107163008,-0.5516345465983006,-1.3938825140372253,0.15594987300474816,0.0,0.0,0.0,-0.8626776555892095,0.3459373389105097,True,False,True,1.0
-0.38412513321796693,0.6326936911996087,1.4757597877996123,-1.3938825140372253,-1.59271713558704,0.0,0.0,1.0,1.0114189376993339,-1.6388204718620372,True,False,False,1.0
1.1123375331591079,0.9881622826150677,1.4757597877996123,-1.16106301716228,-0.19378352871360946,1.0,0.0,1.0,-0.08943476150707441,-1.5828101666065102,True,False,True,1.0
-0.46726194801669335,0.016949792171474787,1.2914512119452566,-1.3938825140372253,0.15594987300474816,0.0,0.0,1.0,-0.11792265760483722,1.1620384124189584,True,False,True,1.0
0.8629270887629288,-1.4543286828057302,0.5542169085278338,0.003034467212446404,1.5548834798781788,0.0,1.0,0.0,-1.126190694493516,-0.6983284136756693,True,False,True,1.0
-0.7998092072115989,0.5290655594649326,-1.2888688500157235,1.399951448462118,-0.8932503321503247,0.0,1.0,1.0,-0.49030015659702336,-1.5336722914436853,True,False,True,1.0
0.3641061999705705,-0.022814490936017246,1.107142636090901,-0.2297850296624989,0.5056832747231058,0.0,0.0,1.0,0.7377316501886834,-0.7299415921021019,True,False,True,1.0
-0.6335355776141461,0.5820846036082551,-0.7359431224526563,0.9343124547122276,-1.59271713558704,0.0,0.0,0.0,0.6197103663550942,1.4496496117985673,True,False,False,1.0
-0.6335355776141461,-0.29272962475656916,0.5542169085278338,-1.16106301716228,1.205150078159821,1.0,0.0,0.0,-0.8942178262688756,-0.04785290540135647,True,False,True,1.0
-1.714314169997589,0.3736233618629185,0.5542169085278338,-1.6267020109121706,0.15594987300474816,0.0,0.0,1.0,0.19035707516738254,-1.466322476535199,False,False,True,1.0
-0.2178515036205142,0.17721190287742727,0.9228340602365452,1.6327709453370634,-0.8932503321503247,0.0,0.0,0.0,0.6013967188636753,-1.1525960428033195,True,False,False,1.0
1.0292007183603815,0.9761124998552219,-1.4731774258700792,-1.16106301716228,1.205150078159821,1.0,0.0,1.0,0.23817604361719868,-0.37154436276765485,False,False,True,1.0
-0.7166723924128725,-0.4662464964983525,-0.5516345465983006,1.1671319515871728,1.205150078159821,0.0,1.0,0.0,0.1577994796270821,-1.2543080081753197,False,False,True,1.0
0.6135166443667497,-1.7435234690420358,0.18559975681912233,1.399951448462118,-1.2429837338686824,1.0,1.0,0.0,-1.5178992658377555,1.275089887443918,True,False,False,1.0
1.52802160715274,-0.17102681888212393,-1.1045602741613676,1.399951448462118,-0.8932503321503247,1.0,1.0,1.0,-0.5299797261617646,-0.4248056959861009,True,False,True,1.0
-1.6311773551988626,-0.6385583899641515,-0.3673259707439448,0.468673460962337,1.5548834798781788,1.0,0.0,1.0,-0.3631220490177248,-0.42171310244438454,True,False,True,1.0
-0.7166723924128725,1.4544888754211107,-0.7359431224526563,0.9343124547122276,1.205150078159821,1.0,0.0,0.0,0.2951518358127243,0.03221090517863021,True,False,True,1.0
0.7797902739642024,1.618365920955017,-1.1045602741613676,-1.6267020109121706,0.8554166764414635,0.0,1.0,1.0,1.5811768596545912,1.15344787480308,True,False,True,1.0
1.6942952367501927,1.3520657219624188,-0.5516345465983006,0.468673460962337,1.205150078159821,1.0,0.0,0.0,2.092941564553689,1.4671743085349593,True,False,False,1.0
1.2786111627565606,0.4459220584219946,-0.1830173948895891,0.23585396408739168,-1.59271713558704,0.0,0.0,1.0,-0.1189400824654716,-1.7058266652658889,False,True,False,1.0
-1.46490372560141,-0.8711191972291805,0.7385254843821895,0.468673460962337,0.8554166764414635,0.0,1.0,0.0,-1.0193610841269054,-1.1237318364139681,False,False,False,1.0
0.19783257037311774,-0.9590826113760568,0.18559975681912233,0.9343124547122276,0.15594987300474816,1.0,0.0,0.0,-0.675471481232482,1.1613511694096879,True,False,True,1.0
0.6135166443667497,1.143604480217082,-0.9202516983070119,1.399951448462118,-0.19378352871360946,1.0,1.0,0.0,0.7245051270004363,-0.20488793301961375,False,True,False,1.0
0.11469575557439135,-0.6759127165196741,-1.2888688500157235,1.6327709453370634,0.15594987300474816,1.0,1.0,0.0,-0.7680571435502114,-0.5931802332573176,False,True,True,1.0
-0.2178515036205142,1.312301438854927,-0.7359431224526563,0.003034467212446404,1.5548834798781788,0.0,0.0,1.0,0.16797372823342577,0.8142934497282005,True,False,False,1.0
1.1954743479578342,-1.1783886576052551,1.107142636090901,0.468673460962337,-0.5435169304319671,0.0,0.0,1.0,-0.9705246908164546,-1.3388388983155635,False,False,True,1.0
0.3641061999705705,-0.1517471664663702,1.107142636090901,-0.6954240234123894,1.5548834798781788,1.0,1.0,0.0,0.4091034202037759,1.0445198578337418,True,False,True,1.0
0.3641061999705705,-0.8928088061969034,1.6600683636539681,-1.3938825140372253,1.205150078159821,1.0,1.0,0.0,-0.9786640897015296,1.0754457932509038,True,False,True,1.0
-1.2154932812052308,-1.0518659386268716,1.6600683636539681,-1.16106301716228,-1.2429837338686824,0.0,1.0,0.0,-1.149591466288107,-0.7935115704596021,False,False,True,1.0
0.2809693851718441,-1.5941061628199447,-1.2888688500157235,1.6327709453370634,1.5548834798781788,0.0,0.0,1.0,-1.3703726610457692,-1.383509693918131,False,False,True,1.0
-0.2178515036205142,1.2351828291919122,0.9228340602365452,-1.3938825140372253,-0.8932503321503247,0.0,0.0,1.0,1.1406318949999013,-0.3760114423279115,False,False,True,1.0
0.6135166443667497,-0.45540169201449104,1.4757597877996123,-1.3938825140372253,1.5548834798781788,0.0,0.0,1.0,-0.38754024567295015,-0.11554634181447827,True,False,True,1.0
-0.7166723924128725,-0.5180605623656908,0.18559975681912233,0.9343124547122276,-1.2429837338686824,0.0,0.0,1.0,-0.11487038302293412,-0.2770484489929924,False,False,True,1.0
0.6135166443667497,-0.10836794853092444,-1.4731774258700792,0.003034467212446404,-0.8932503321503247,1.0,0.0,0.0,-0.32649475403488687,-1.2862648081063874,False,True,True,1.0
-0.1347146888217878,0.35675366599913394,-1.4731774258700792,0.23585396408739168,-1.2429837338686824,1.0,1.0,0.0,-0.20033407131622272,-0.31037973494260057,True,False,True,1.0
-1.049219651607778,-1.2711719848560699,0.9228340602365452,-0.9282435202873347,-1.2429837338686824,1.0,0.0,0.0,-1.230985455138858,-1.449141401303442,True,False,True,1.0
1.52802160715274,0.839949954668961,-0.1830173948895891,0.003034467212446404,0.8554166764414635,1.0,0.0,1.0,-0.32242505459234927,-0.3938797605689387,True,False,True,1.0
1.2786111627565606,-1.6374853807553904,1.4757597877996123,1.399951448462118,1.5548834798781788,0.0,0.0,0.0,-1.4273484532412948,-0.7199765684676829,True,False,True,1.0
1.6942952367501927,-1.7652130780097588,1.4757597877996123,-1.16106301716228,-1.2429837338686824,1.0,1.0,1.0,-1.5056901675101428,-1.4883142528318476,True,False,False,1.0
0.03155894077566496,-0.5614397803011365,-0.5516345465983006,1.6327709453370634,-0.19378352871360946,1.0,1.0,1.0,-0.32242505459234927,1.2458820595499316,True,False,False,1.0
-0.9660828368090516,-0.587949302372798,-0.1830173948895891,0.7014929578372823,-1.59271713558704,1.0,1.0,1.0,-0.44248118814720705,1.5077216460819052,False,False,False,1.0
-1.049219651607778,0.006104987687613342,1.6600683636539681,-0.2297850296624989,1.5548834798781788,0.0,1.0,1.0,0.1374509824143944,-1.0697832601862516,False,False,False,1.0
-0.1347146888217878,-1.2976815069277312,0.5542169085278338,0.003034467212446404,-1.2429837338686824,1.0,0.0,0.0,-0.9969777371929488,-0.7914498414317913,True,False,False,1.0
-0.38412513321796693,-0.37948806062746093,-1.2888688500157235,0.468673460962337,-0.19378352871360946,0.0,1.0,1.0,-0.2725712364212642,-1.231628988869401,False,True,True,1.0
0.4472430147692969,-0.6686828468637667,1.2914512119452566,-0.2297850296624989,1.205150078159821,0.0,0.0,0.0,-0.2583272883723829,-0.5275485258720067,True,False,True,1.0
1.1123375331591079,1.1942135678084356,1.107142636090901,-0.6954240234123894,1.5548834798781788,1.0,1.0,0.0,1.6055950563098167,0.1961183628895903,True,False,False,1.0
0.696653459165476,-0.09029327439115528,-1.4731774258700792,1.399951448462118,-1.59271713558704,0.0,0.0,0.0,-0.43942891356530395,-1.5810920590833344,False,False,True,1.0
-0.5503987628154198,1.3315810912706807,-1.6574860017244348,0.9343124547122276,0.5056832747231058,1.0,0.0,1.0,0.6349717392646099,-1.1302606450020356,False,False,True,1.0
-0.7166723924128725,-0.3553884951077687,-1.2888688500157235,1.399951448462118,0.15594987300474816,1.0,1.0,0.0,-0.4913175814576577,-1.0663470451399004,True,False,True,1.0
1.52802160715274,-1.5736215321282063,-1.2888688500157235,1.399951448462118,-1.59271713558704,0.0,1.0,1.0,-1.230985455138858,-0.37566782082327643,False,False,True,1.0
1.3617479775552872,1.3315810912706807,1.6600683636539681,-0.6954240234123894,-0.5435169304319671,0.0,0.0,1.0,1.4570510266571959,-0.029297344151059144,True,False,True,1.0
-1.049219651607778,-1.4434838783218686,-0.7359431224526563,-0.6954240234123894,-0.5435169304319671,1.0,1.0,1.0,-1.034622457036421,-0.5402625215435066,True,False,False,1.0
-0.30098831841924056,-1.3699802034868076,1.4757597877996123,-0.9282435202873347,1.205150078159821,1.0,1.0,0.0,-1.0468315553640337,1.378176338834459,False,False,True,1.0
1.1954743479578342,0.9182735426079607,-1.2888688500157235,0.003034467212446404,0.5056832747231058,1.0,1.0,0.0,0.11405021061980343,-1.0010589592592243,True,False,True,1.0
0.9460639035616552,0.5375004073968249,0.0012911809647666106,1.6327709453370634,1.205150078159821,0.0,0.0,0.0,1.321733520192822,-0.20832414806596516,False,False,False,1.0
-1.2986300960039572,1.0098518915827905,-0.1830173948895891,-0.6954240234123894,0.8554166764414635,1.0,0.0,1.0,-0.22576969283208242,-0.3986904616338306,True,False,False,1.0
-0.9660828368090516,1.4773834626648183,0.36990833267347806,0.468673460962337,-1.59271713558704,1.0,1.0,1.0,-0.16268935147275027,0.8335362539877682,True,False,True,1.0
-0.7166723924128725,-1.515782574880945,-0.7359431224526563,0.23585396408739168,1.5548834798781788,1.0,1.0,1.0,-1.317466568292781,1.405322437700635,True,False,True,1.0
-1.46490372560141,0.1880567073612887,-0.9202516983070119,-1.16106301716228,1.205150078159821,0.0,0.0,0.0,0.7306096761642425,-1.623013882648821,True,False,False,1.0
-1.2154932812052308,0.6555882784433165,1.4757597877996123,-1.3938825140372253,0.15594987300474816,0.0,0.0,0.0,0.5311944034799024,1.5791949190460135,True,False,False,1.0
-1.46490372560141,0.6604081915472548,-1.6574860017244348,0.9343124547122276,-0.5435169304319671,0.0,1.0,0.0,0.199513898913092,-1.0233943570605082,False,True,True,1.0
0.9460639035616552,-1.7664180562857432,1.107142636090901,-1.3938825140372253,1.205150078159821,1.0,1.0,0.0,-1.5443523122142495,1.5840056201109054,False,False,True,1.0
-1.3817669108026835,-0.1517471664663702,-1.6574860017244348,0.003034467212446404,0.15594987300474816,1.0,0.0,1.0,-0.10266128469532136,1.5991249663148517,False,False,True,1.0
-1.049219651607778,0.7640363232819309,-1.2888688500157235,0.7014929578372823,-1.59271713558704,1.0,1.0,1.0,-0.1443757039813313,0.7428201767640922,False,False,False,1.0
-0.7166723924128725,1.7087392916538626,0.36990833267347806,-1.6267020109121706,0.8554166764414635,1.0,0.0,1.0,2.7369715013352565,0.8538099227612409,True,False,False,1.0
-1.1323564664065044,-1.6242306197195597,1.107142636090901,-1.3938825140372253,0.8554166764414635,1.0,0.0,0.0,-1.3093271694077058,-1.0041515528009406,True,False,False,1.0
0.2809693851718441,-0.3469536471758766,0.0012911809647666106,-1.6267020109121706,-0.19378352871360946,1.0,1.0,1.0,-0.7131162010759543,1.701524174696122,False,False,True,1.0
-0.9660828368090516,-0.5361352365054597,-1.4731774258700792,0.003034467212446404,-1.2429837338686824,0.0,1.0,0.0,-0.14030600453879383,-1.6113307514912263,False,True,False,1.0
0.6135166443667497,1.256872438159635,1.4757597877996123,-1.3938825140372253,1.205150078159821,0.0,0.0,0.0,0.6227626409369975,0.11742903832814414,True,False,False,1.0
0.9460639035616552,1.2195181116041125,-0.3673259707439448,-0.2297850296624989,1.5548834798781788,0.0,1.0,0.0,1.213886484965577,0.5706658029418887,True,False,False,1.0
0.7797902739642024,-0.23248071095733885,0.9228340602365452,0.468673460962337,0.8554166764414635,1.0,1.0,1.0,-0.5798335443328496,0.7469436348197135,False,False,True,1.0
-0.1347146888217878,-1.2892466589958391,0.0012911809647666106,0.468673460962337,1.5548834798781788,0.0,1.0,0.0,-1.073284601740528,-0.9433305464805215,False,False,True,1.0
-1.3817669108026835,-0.6048189982365824,0.0012911809647666106,-1.16106301716228,1.205150078159821,1.0,0.0,0.0,-0.7375343977311797,-0.2626163457983166,True,False,True,1.0
0.2809693851718441,1.2448226553997888,1.4757597877996123,1.399951448462118,0.8554166764414635,0.0,1.0,1.0,0.5718913979052781,-0.4715382206164794,False,True,True,1.0
0.6135166443667497,0.22179609908885786,-0.9202516983070119,-0.46260452653744416,-1.59271713558704,0.0,1.0,0.0,-0.4343417892621319,1.0620445545701336,True,False,False,1.0
0.6135166443667497,-0.06739868714744782,0.7385254843821895,1.1671319515871728,-0.19378352871360946,1.0,1.0,1.0,-0.602216891266806,1.4857298697852563,True,False,False,1.0
-1.1323564664065044,0.07960866252267429,1.4757597877996123,-1.3938825140372253,1.5548834798781788,1.0,1.0,0.0,0.7875854683597682,-0.17671096963953256,True,False,True,1.0
-0.7998092072115989,-0.7084471299712587,0.18559975681912233,-1.16106301716228,-0.5435169304319671,1.0,1.0,1.0,-0.1810029989641694,0.29679946374768523,False,True,True,1.0
0.11469575557439135,0.5423203205007633,-0.3673259707439448,-0.6954240234123894,-1.2429837338686824,1.0,1.0,0.0,-0.23289166685652318,0.38511019043891526,False,False,True,1.0
0.5303798295680233,0.03622944458722851,-0.3673259707439448,-0.6954240234123894,-0.5435169304319671,1.0,1.0,1.0,-0.3753311473453374,-1.6048019429031588,True,False,False,1.0
-0.46726194801669335,-1.7097840773144668,0.9228340602365452,-0.6954240234123894,-0.8932503321503247,0.0,1.0,1.0,-1.4680454476666704,-0.6313222202718178,True,False,False,1.0
0.03155894077566496,-1.3025014200316698,-1.1045602741613676,-0.6954240234123894,-0.19378352871360946,1.0,0.0,1.0,-0.924740572087907,1.5761023255042976,False,False,True,1.0
-0.2178515036205142,1.53281246336011,-1.1045602741613676,0.468673460962337,-0.5435169304319671,0.0,1.0,1.0,2.1834923771501495,-1.0591309935425623,False,False,True,1.0
0.11469575557439135,-1.644715250411298,-0.3673259707439448,-0.2297850296624989,-0.19378352871360946,1.0,0.0,1.0,-1.3764772102095755,-0.3347768617716953,True,False,False,1.0
1.1123375331591079,-0.9301631327524262,0.9228340602365452,1.6327709453370634,-0.8932503321503247,1.0,0.0,1.0,-0.41195844232817547,1.3902030914966885,True,False,False,1.0
1.0292007183603815,-0.06498873059547844,0.36990833267347806,0.23585396408739168,-0.19378352871360946,1.0,1.0,1.0,0.5637519990202029,1.0792256298018903,True,False,False,1.0
0.2809693851718441,0.5965443429200705,-0.7359431224526563,0.468673460962337,0.8554166764414635,1.0,1.0,1.0,1.485538922754959,-0.8027893510847508,False,False,False,1.0
0.9460639035616552,1.5099178761164027,-1.4731774258700792,-1.3938825140372253,0.15594987300474816,1.0,0.0,1.0,2.61488051805913,0.26862250036760404,True,False,True,1.0
-0.30098831841924056,-0.6024090416846132,-1.2888688500157235,-0.6954240234123894,1.5548834798781788,0.0,0.0,0.0,-0.015162746680764026,-0.6137975235354258,True,False,True,1.0
0.7797902739642024,1.6930745740660629,0.5542169085278338,0.23585396408739168,1.5548834798781788,1.0,1.0,0.0,0.10591081173472813,0.16931588552804966,True,False,False,1.0
1.2786111627565606,-1.2615321586481931,-0.9202516983070119,0.7014929578372823,0.5056832747231058,0.0,1.0,1.0,-1.029535332733249,-0.450233687329101,True,False,False,1.0
-0.2178515036205142,-1.3085263114115928,0.7385254843821895,0.468673460962337,-0.5435169304319671,1.0,0.0,0.0,-0.9766292399802609,0.06073149006334671,False,True,True,1.0
1.6942952367501927,0.2471006428845347,1.6600683636539681,1.1671319515871728,-1.2429837338686824,0.0,1.0,1.0,-0.47300393396623874,1.5681990308976894,True,False,True,1.0
1.2786111627565606,1.121914871249359,-0.7359431224526563,0.003034467212446404,-0.5435169304319671,1.0,0.0,1.0,0.804881690990553,-1.5013718700079828,False,False,False,1.0
-1.2986300960039572,-1.2398425496804704,0.5542169085278338,0.23585396408739168,1.205150078159821,0.0,0.0,1.0,-1.164852839197623,1.1094643222097826,False,False,True,1.0
-0.9660828368090516,1.4207494836935415,1.107142636090901,-1.6267020109121706,1.205150078159821,1.0,0.0,1.0,0.08759716424330917,0.7407584477362813,True,False,False,1.0
1.2786111627565606,-1.460353574185653,0.5542169085278338,0.7014929578372823,1.5548834798781788,1.0,0.0,0.0,-1.0773543011830653,-0.7419683447643317,True,False,True,1.0
0.19783257037311774,0.5254506246369787,0.36990833267347806,-0.9282435202873347,-0.5435169304319671,0.0,0.0,1.0,0.7753763700321558,-0.894192671317697,False,False,False,1.0
-0.46726194801669335,-0.43491706132275276,0.7385254843821895,0.23585396408739168,-1.2429837338686824,1.0,0.0,0.0,-0.10164385983468699,-0.07465538276289714,True,False,False,1.0
-0.7998092072115989,0.7748811277657923,-0.7359431224526563,-0.46260452653744416,-1.59271713558704,1.0,1.0,1.0,0.17000857795469448,-0.8615486283773591,False,False,False,1.0
-0.7998092072115989,-0.48793610546607563,0.9228340602365452,0.468673460962337,1.5548834798781788,1.0,0.0,1.0,-0.4546902864748198,0.2679352573583337,False,False,False,1.0
0.3641061999705705,-0.6204837158243823,0.7385254843821895,-1.3938825140372253,-0.5435169304319671,0.0,0.0,0.0,-0.18914239784924433,1.592939779231419,False,False,True,1.0
-0.051577874023061424,1.5581170071557868,-1.6574860017244348,0.003034467212446404,-1.2429837338686824,1.0,1.0,1.0,2.611828243477227,0.4005731581474965,True,False,True,1.0
-0.46726194801669335,0.7845209539736694,0.9228340602365452,1.1671319515871728,-0.5435169304319671,1.0,0.0,1.0,-0.2980068579371239,-0.9914375571294405,False,False,True,1.0
-1.2986300960039572,-1.0386111775910407,1.107142636090901,-0.6954240234123894,-1.59271713558704,0.0,0.0,0.0,-1.068197477437356,-1.6927690480897537,False,False,True,1.0
0.696653459165476,0.13985757632190463,1.107142636090901,0.9343124547122276,0.15594987300474816,1.0,0.0,0.0,0.13948583213566312,-1.4412381066968338,True,False,False,1.0
0.696653459165476,-0.45058177891055273,0.7385254843821895,0.7014929578372823,0.5056832747231058,0.0,1.0,1.0,-0.9847686388653362,1.6541044070564734,False,True,False,1.0
1.6942952367501927,-0.23248071095733885,-1.2888688500157235,1.399951448462118,-0.8932503321503247,1.0,0.0,1.0,-0.6744540563718476,-0.3306534037160735,True,False,False,1.0
1.2786111627565606,-1.5567518362644217,1.2914512119452566,0.9343124547122276,-0.19378352871360946,1.0,1.0,1.0,-1.4141219300530479,-1.3567072165565903,False,False,True,1.0
0.9460639035616552,-0.6361484334121821,-0.5516345465983006,0.23585396408739168,-0.8932503321503247,1.0,1.0,0.0,-0.26748411211809237,1.0915960039687551,True,False,False,1.0
-1.049219651607778,1.634030638542817,-0.5516345465983006,-0.9282435202873347,1.205150078159821,0.0,1.0,0.0,1.7521042362411685,0.6517604780357809,False,False,True,1.0
1.4448847923540136,-0.8988336975768265,-0.9202516983070119,0.9343124547122276,1.5548834798781788,1.0,0.0,0.0,-1.0437792807821304,1.6506681920101223,False,True,True,1.0
1.2786111627565606,1.6207758775069863,1.4757597877996123,1.6327709453370634,-1.59271713558704,0.0,1.0,0.0,1.2057470860805022,-0.36535917568422244,True,False,False,1.0
1.52802160715274,-0.5252904320215983,0.9228340602365452,-0.9282435202873347,-0.5435169304319671,1.0,0.0,0.0,0.09573656312838447,-0.9560445421520215,True,False,False,1.0
0.4472430147692969,-0.46383653994638335,0.5542169085278338,-1.3938825140372253,0.5056832747231058,0.0,1.0,1.0,-0.4689342345237011,1.4125384892979727,True,False,False,1.0
0.696653459165476,0.37000842703496456,0.5542169085278338,0.468673460962337,1.5548834798781788,1.0,0.0,1.0,-0.5543979228169899,-0.6278860052254664,True,False,False,1.0
-0.1347146888217878,-1.5061427486730683,1.2914512119452566,0.9343124547122276,0.5056832747231058,0.0,1.0,1.0,-1.2584559263759865,1.1524170102891746,False,True,False,1.0
0.19783257037311774,1.615955964403048,1.107142636090901,0.7014929578372823,1.205150078159821,1.0,0.0,1.0,0.6492156873134914,0.0775689437904682,True,False,False,1.0
1.6111584219514663,1.055641066070206,-0.9202516983070119,0.7014929578372823,1.5548834798781788,1.0,1.0,0.0,0.3745109749422067,-0.0938981870224646,False,False,True,1.0
-1.049219651607778,0.7688562363858692,-0.7359431224526563,0.003034467212446404,-1.59271713558704,0.0,0.0,0.0,1.5008002956644746,0.6356102673179296,False,True,False,1.0
-1.5480405404001363,0.2097463163290116,0.18559975681912233,-0.6954240234123894,1.5548834798781788,1.0,0.0,0.0,0.9473211714793672,-0.12619860845816758,True,False,True,1.0
1.6111584219514663,-0.679527651347628,-0.7359431224526563,-0.2297850296624989,0.15594987300474816,1.0,0.0,1.0,-0.9145663234815633,1.3104829024213371,True,False,False,1.0
-0.46726194801669335,-0.6168687809964284,1.2914512119452566,1.399951448462118,0.8554166764414635,0.0,1.0,1.0,-0.963402716792014,1.4345302655946213,False,False,False,1.0
0.19783257037311774,0.6567932567193008,-1.2888688500157235,1.6327709453370634,0.8554166764414635,0.0,1.0,1.0,0.8313347373670469,-1.6594377621401455,False,True,False,1.0
1.0292007183603815,0.6760729091350546,-1.6574860017244348,-0.46260452653744416,0.5056832747231058,0.0,1.0,1.0,1.0653424553129562,0.18649696075980646,False,True,True,1.0
1.1954743479578342,-0.7144720213511816,0.36990833267347806,-0.2297850296624989,1.205150078159821,1.0,0.0,1.0,-0.6591926834623318,0.701929217712511,False,False,False,1.0
0.2809693851718441,-1.3145512027915158,0.5542169085278338,1.399951448462118,0.5056832747231058,0.0,1.0,1.0,-1.0702323271586247,-0.3883818164947764,False,False,False,1.0
1.1954743479578342,-0.7120620647992124,1.2914512119452566,-0.2297850296624989,-0.8932503321503247,1.0,0.0,0.0,-1.0020648614961205,1.189184511285134,True,False,False,1.0
1.4448847923540136,1.0761256967619441,-0.3673259707439448,0.7014929578372823,0.15594987300474816,1.0,1.0,1.0,0.43250419199836687,1.3341927862411616,False,False,True,1.0
1.2786111627565606,0.10732316287032029,-0.3673259707439448,0.23585396408739168,1.205150078159821,0.0,0.0,0.0,-0.2349265165777919,-0.46878924857939835,True,False,True,1.0
0.7797902739642024,-0.9855921334477181,-0.7359431224526563,0.23585396408739168,0.8554166764414635,1.0,1.0,1.0,-0.4557077113354542,-1.6755879728579968,True,False,True,1.0
-0.7166723924128725,-1.2326126800245625,-1.2888688500157235,-1.6267020109121706,0.5056832747231058,0.0,0.0,1.0,-1.2014801341804608,1.5207792632580406,False,False,True,1.0
-0.7998092072115989,0.057919053554951395,1.107142636090901,-0.46260452653744416,0.15594987300474816,1.0,0.0,1.0,-0.347860676108209,-0.1859887502646811,True,False,True,1.0
1.6942952367501927,0.3459088615152725,1.107142636090901,-1.3938825140372253,0.5056832747231058,1.0,1.0,1.0,1.1925205628922548,-1.2780178919951442,False,False,False,1.0
0.8629270887629288,-0.1854865581939391,-0.1830173948895891,1.6327709453370634,1.5548834798781788,1.0,1.0,0.0,-0.730412423706739,-0.7433428307828722,False,True,False,1.0
0.19783257037311774,-0.13487747060258565,-0.1830173948895891,-0.6954240234123894,0.15594987300474816,0.0,1.0,1.0,0.15881690448771627,-0.05094549894307257,True,False,True,1.0
1.2786111627565606,0.8773042812244841,0.9228340602365452,-1.6267020109121706,-0.19378352871360946,0.0,1.0,0.0,0.3918071975729915,-0.11451547730057282,False,False,False,1.0
-0.38412513321796693,1.40990467920968,-0.1830173948895891,-0.46260452653744416,-0.8932503321503247,0.0,1.0,1.0,0.5861353459541593,-0.6048633644149124,True,False,False,1.0
-1.6311773551988626,-0.14813223163841646,0.36990833267347806,-0.9282435202873347,-0.19378352871360946,1.0,1.0,0.0,-0.1779507243822661,0.5184353342373482,False,False,False,1.0
-1.5480405404001363,-1.3639553121068846,0.9228340602365452,-1.16106301716228,1.205150078159821,0.0,0.0,0.0,-1.3825817593733818,0.02396398906738712,False,False,False,1.0
-0.9660828368090516,-1.460353574185653,1.6600683636539681,-0.6954240234123894,0.8554166764414635,1.0,0.0,1.0,-1.3703726610457692,0.9730465848696336,False,True,True,1.0
0.2809693851718441,-1.433844052113992,1.107142636090901,-1.16106301716228,-0.19378352871360946,1.0,0.0,1.0,-1.317466568292781,0.7651555745653758,True,False,False,1.0
-0.6335355776141461,-1.6073609238557751,0.18559975681912233,0.7014929578372823,-0.5435169304319671,0.0,1.0,1.0,-1.4100522306105105,-0.48287773026943887,True,False,True,1.0
-0.6335355776141461,-0.04329912162775555,0.0012911809647666106,-0.6954240234123894,0.15594987300474816,0.0,1.0,1.0,-0.8148586871393931,1.6458574909452304,True,False,False,1.0
0.19783257037311774,-1.0410211341430098,0.0012911809647666106,-1.6267020109121706,-1.2429837338686824,0.0,1.0,0.0,-0.6500358597166224,1.4740467386276621,True,False,True,0.0
1.6111584219514663,0.4688166456657023,0.7385254843821895,-1.3938825140372253,1.205150078159821,0.0,0.0,0.0,0.2615768154117897,-0.6014271493685609,True,False,True,1.0
0.2809693851718441,0.515810798429102,0.5542169085278338,-1.16106301716228,-0.19378352871360946,0.0,0.0,0.0,1.3359774682417036,0.5040032310426724,True,False,True,1.0
0.11469575557439135,0.012129879067536247,-1.1045602741613676,-1.6267020109121706,0.5056832747231058,0.0,0.0,0.0,-0.3814356965091438,-0.44095590670395224,True,False,True,1.0
1.52802160715274,0.5700348208484093,-0.9202516983070119,1.1671319515871728,-0.19378352871360946,0.0,1.0,0.0,-0.07010368915502091,0.16450518446315773,True,False,True,1.0
0.03155894077566496,1.4677436364569412,-0.3673259707439448,0.003034467212446404,-1.2429837338686824,0.0,0.0,1.0,2.233346195321235,1.2740590229300126,False,False,True,1.0
-0.9660828368090516,-1.2000782665729781,-0.3673259707439448,0.468673460962337,-0.5435169304319671,1.0,1.0,1.0,-1.1902884607134825,-1.5312669409112396,True,False,False,1.0
-1.46490372560141,1.2098782853962353,-0.1830173948895891,-0.6954240234123894,-1.59271713558704,1.0,1.0,0.0,0.2992215352552621,-0.38150938640207377,False,False,False,1.0
-1.2154932812052308,0.8568196505327456,-1.1045602741613676,-1.6267020109121706,-1.59271713558704,0.0,1.0,0.0,0.9758090675771302,1.395701035570851,False,False,True,1.0
1.1954743479578342,-0.5493899975412905,1.2914512119452566,1.6327709453370634,1.5548834798781788,1.0,1.0,1.0,-0.2552750137904796,0.015029829946873404,False,False,True,1.0
1.1123375331591079,1.2375927857438813,-0.7359431224526563,-1.6267020109121706,-0.19378352871360946,1.0,1.0,0.0,1.0348197094939244,-0.8055383231218318,True,False,True,1.0
0.9460639035616552,0.7965707367335152,-0.9202516983070119,-0.6954240234123894,-1.59271713558704,0.0,0.0,0.0,1.1925205628922548,-0.3100361134379653,True,False,False,1.0
1.6111584219514663,-0.2071761671616622,-1.6574860017244348,0.003034467212446404,-1.2429837338686824,0.0,1.0,1.0,-0.5472759487925491,-1.4927813323921042,False,False,False,1.0
0.3641061999705705,-0.7494163913547353,1.6600683636539681,0.7014929578372823,1.5548834798781788,1.0,1.0,0.0,-1.031570182454518,1.0472688298708228,True,False,True,1.0
1.1123375331591079,-0.12885257922266274,-0.9202516983070119,-1.3938825140372253,-0.19378352871360946,1.0,1.0,0.0,-0.7436389468949861,-1.1426310191689006,False,False,False,1.0
-0.8829460220103252,0.5411153422247784,1.4757597877996123,-1.16106301716228,1.205150078159821,0.0,0.0,1.0,0.43250419199836687,0.8259765808857953,False,False,False,1.0
-0.30098831841924056,-0.2854997551006615,0.18559975681912233,-0.6954240234123894,-0.19378352871360946,1.0,1.0,0.0,-0.22882196741398553,1.640703168375703,True,False,True,1.0
0.4472430147692969,-0.5192655406416754,0.9228340602365452,0.7014929578372823,0.8554166764414635,1.0,0.0,0.0,-0.7212555999610294,-1.141600154654995,True,False,False,1.0
-1.3817669108026835,0.43748721049010236,1.6600683636539681,0.468673460962337,0.8554166764414635,1.0,0.0,1.0,0.9890355907653772,-1.5161475947072935,True,False,True,1.0
0.8629270887629288,0.45556188462987174,0.18559975681912233,-0.6954240234123894,-1.2429837338686824,1.0,0.0,0.0,1.0154886371418714,-1.0876515784272787,True,False,False,1.0
1.6111584219514663,1.312301438854927,0.0012911809647666106,0.9343124547122276,-0.5435169304319671,0.0,0.0,0.0,-0.20033407131622272,0.2102068445796308,False,False,True,1.0
0.696653459165476,1.0966103274536825,0.9228340602365452,1.399951448462118,1.205150078159821,1.0,0.0,1.0,1.0022621139536245,-1.2512154146336034,True,False,True,1.0
1.6942952367501927,-1.5820563800600986,-1.6574860017244348,1.399951448462118,1.5548834798781788,1.0,0.0,0.0,-1.3652855367425973,-0.9663531872910757,True,False,True,1.0
-1.049219651607778,0.6977625181027775,1.6600683636539681,-1.16106301716228,-0.19378352871360946,1.0,0.0,0.0,0.7896203180810369,-1.3793862358625095,True,False,True,1.0
0.9460639035616552,-0.3734631692475378,-0.7359431224526563,0.468673460962337,0.8554166764414635,0.0,1.0,0.0,-0.7599177446651363,0.8644621894049301,True,False,False,1.0
0.6135166443667497,-0.24814542854513882,0.36990833267347806,1.1671319515871728,-1.2429837338686824,0.0,0.0,1.0,0.18730480058547927,0.6816555489390379,False,False,False,1.0
1.0292007183603815,-0.6807326296236127,1.2914512119452566,-0.6954240234123894,-0.8932503321503247,1.0,0.0,1.0,-0.17082875035782538,0.8977934753545384,True,False,True,1.0
-0.38412513321796693,-0.6216886941003669,-0.5516345465983006,0.7014929578372823,-0.5435169304319671,1.0,0.0,1.0,-0.7945101899267054,-0.21107312010304619,True,False,True,1.0
0.11469575557439135,-0.8000254789460888,-0.7359431224526563,-1.16106301716228,1.5548834798781788,1.0,0.0,0.0,-0.7955276147873398,-1.4171846013723746,True,False,False,1.0
0.19783257037311774,0.7628313450059461,0.18559975681912233,1.6327709453370634,-0.19378352871360946,1.0,1.0,0.0,0.7743589451715213,1.0647935266072146,False,True,False,1.0
-1.46490372560141,0.23505086012468845,0.0012911809647666106,0.468673460962337,1.205150078159821,1.0,0.0,1.0,0.5383163775043431,0.8806124001227815,True,False,False,1.0
0.8629270887629288,1.54847718094791,-0.3673259707439448,0.23585396408739168,1.205150078159821,0.0,1.0,0.0,0.9330772234304857,-1.4536084808636986,True,False,True,1.0
-0.8829460220103252,-0.3336988861400458,1.2914512119452566,1.1671319515871728,0.8554166764414635,1.0,0.0,1.0,-0.7019245276089762,0.4851040482877398,False,False,True,1.0
-0.30098831841924056,-0.5554148889212134,0.0012911809647666106,1.1671319515871728,-0.8932503321503247,1.0,1.0,0.0,-0.9054094997358538,0.6064024394239431,False,False,True,1.0
-0.7166723924128725,-0.9385979806843184,-0.3673259707439448,1.1671319515871728,0.8554166764414635,0.0,1.0,1.0,-0.507596379227808,0.12533233293475216,False,False,True,1.0
-1.1323564664065044,-1.7567782300778665,0.0012911809647666106,-0.2297850296624989,0.8554166764414635,1.0,1.0,0.0,-1.4375227018476389,-0.04510393336427544,True,False,False,1.0
-1.1323564664065044,-0.5156506058137214,-0.3673259707439448,1.1671319515871728,1.205150078159821,1.0,1.0,1.0,-0.7222730248216638,-0.11623358482374865,True,False,False,1.0
-1.2986300960039572,-0.5698746282330288,-0.3673259707439448,0.003034467212446404,-0.19378352871360946,0.0,0.0,1.0,-0.9125314737602945,-0.9787235614579406,True,False,False,1.0
-0.38412513321796693,-1.013306633795364,-0.3673259707439448,1.6327709453370634,0.5056832747231058,0.0,1.0,1.0,-0.9552633179069389,0.3356286937714557,True,False,True,1.0
-0.38412513321796693,-1.0386111775910407,1.4757597877996123,-0.2297850296624989,-0.8932503321503247,0.0,0.0,0.0,-0.971542115677089,0.5572645642611185,False,False,False,1.0
-0.1347146888217878,0.613414038783855,-0.7359431224526563,0.7014929578372823,-1.59271713558704,0.0,1.0,0.0,1.2759494014642747,-0.7182584609445072,False,False,False,1.0
-0.7166723924128725,-1.032586286211118,0.9228340602365452,0.468673460962337,-0.19378352871360946,1.0,1.0,1.0,-1.0458141305033992,0.08547223839707647,True,False,False,1.0
0.4472430147692969,0.14949740252978128,1.4757597877996123,-1.3938825140372253,-0.19378352871360946,1.0,1.0,1.0,0.8750840063743259,-1.145723612710617,False,False,False,1.0
-0.7166723924128725,1.1026352188336053,-1.1045602741613676,0.468673460962337,0.8554166764414635,0.0,1.0,1.0,1.538445015507947,1.3393471088106887,False,False,False,1.0
-1.6311773551988626,-1.0265613948311947,0.18559975681912233,0.9343124547122276,-0.19378352871360946,1.0,1.0,1.0,-0.5360842753255708,0.6249580006742402,True,False,True,1.0
1.1123375331591079,1.6171609426790328,1.107142636090901,1.6327709453370634,1.205150078159821,1.0,0.0,1.0,0.6186929414944597,-1.4955303044291852,False,True,True,1.0
-1.1323564664065044,-1.433844052113992,-1.2888688500157235,-0.2297850296624989,1.205150078159821,1.0,0.0,1.0,-1.282874123031212,-1.3494911649592525,True,False,False,1.0
1.1954743479578342,0.8146454108732846,-0.3673259707439448,-1.3938825140372253,-0.8932503321503247,0.0,0.0,1.0,-0.3173379302891774,-0.17121302556537027,True,False,False,1.0
-0.30098831841924056,-0.6530181292759666,-1.6574860017244348,1.399951448462118,-0.5435169304319671,0.0,0.0,1.0,-0.5503282233744522,0.6307995662530376,True,False,False,1.0
0.03155894077566496,-0.5301103451255368,1.107142636090901,0.468673460962337,-0.19378352871360946,1.0,0.0,1.0,-0.31937278001044617,-1.6127052375097668,True,False,False,1.0
0.6135166443667497,-0.23971058061324654,0.9228340602365452,1.399951448462118,-0.8932503321503247,1.0,1.0,0.0,0.4365738914409043,-1.5790303300555237,False,True,False,1.0
-0.7166723924128725,-0.7325466954909507,1.4757597877996123,1.399951448462118,1.205150078159821,0.0,1.0,0.0,-0.46995165938433564,0.45623984189838845,False,False,False,1.0
-0.7998092072115989,-0.06378375231949386,0.5542169085278338,1.6327709453370634,0.8554166764414635,1.0,0.0,1.0,0.3551799025901532,-0.5464477086269391,True,False,False,1.0
-0.1347146888217878,0.617028973611809,0.36990833267347806,0.003034467212446404,-1.2429837338686824,0.0,1.0,1.0,0.3511102031476157,-0.462947683000601,True,False,True,1.0
-0.9660828368090516,1.6484903778546323,1.2914512119452566,-0.6954240234123894,-1.2429837338686824,0.0,0.0,1.0,2.861097334332652,0.757252279958768,True,False,False,1.0
1.1954743479578342,1.1833687633245742,-1.2888688500157235,-1.6267020109121706,-1.2429837338686824,1.0,0.0,1.0,0.8374392865308534,1.395701035570851,False,False,False,1.0
-0.2178515036205142,-0.16620690577818562,0.0012911809647666106,1.399951448462118,-1.59271713558704,0.0,1.0,1.0,-0.4628296853598949,0.38545381194355033,True,False,False,1.0
-0.38412513321796693,0.6519733436153625,-0.5516345465983006,0.23585396408739168,-0.19378352871360946,1.0,1.0,0.0,1.4407722288870457,-1.0715013677094274,False,True,True,1.0
-1.1323564664065044,-1.3266009855513619,0.9228340602365452,-0.2297850296624989,1.5548834798781788,0.0,1.0,0.0,-1.2269157556963204,1.067542498644296,True,False,False,1.0
0.19783257037311774,-1.476018291773453,0.18559975681912233,0.9343124547122276,0.15594987300474816,1.0,0.0,1.0,-1.2320028799994924,0.7283880735694164,True,False,True,1.0
-0.46726194801669335,0.307349556683765,-0.9202516983070119,1.1671319515871728,-0.8932503321503247,1.0,0.0,1.0,-0.33158187833805874,0.6397337253735513,True,False,True,1.0
0.5303798295680233,-1.2567122455442545,0.18559975681912233,-1.3938825140372253,-0.5435169304319671,1.0,1.0,1.0,-0.8535208318435,0.030492797655454634,False,False,True,1.0
-0.8829460220103252,0.3013246653038419,-0.5516345465983006,0.9343124547122276,0.8554166764414635,0.0,0.0,1.0,0.24122831819910195,-1.4474232937802662,False,False,True,1.0
-1.2986300960039572,0.9640627170953756,0.5542169085278338,-0.9282435202873347,0.8554166764414635,0.0,1.0,1.0,0.1832351011429418,1.3895158484874184,True,False,True,1.0
-1.2986300960039572,-0.8000254789460888,-1.1045602741613676,1.399951448462118,0.15594987300474816,0.0,0.0,1.0,-1.086511124928775,-0.3732624702908305,True,False,False,1.0
0.6135166443667497,-1.4892730528092837,1.6600683636539681,1.6327709453370634,0.15594987300474816,1.0,0.0,1.0,-1.3947908577009946,0.4789188612043073,False,False,False,1.0
1.3617479775552872,-0.6192787375483977,-1.6574860017244348,-1.6267020109121706,0.8554166764414635,0.0,0.0,0.0,-0.2776583607244362,0.42531390648122624,False,False,False,1.0
-0.051577874023061424,1.413519614037634,-0.3673259707439448,-0.9282435202873347,-0.19378352871360946,1.0,0.0,0.0,1.926083887409649,-0.5550382462428175,False,False,True,1.0
-0.9660828368090516,1.0761256967619441,-1.6574860017244348,0.003034467212446404,0.8554166764414635,1.0,0.0,1.0,-0.2349265165777919,-1.0725322322233328,True,False,False,1.0
-0.9660828368090516,-0.765081108942535,1.107142636090901,-0.46260452653744416,-0.5435169304319671,1.0,0.0,0.0,-0.2868151844701457,0.5613880223167402,True,False,False,1.0
0.696653459165476,-1.16392891829344,1.2914512119452566,0.468673460962337,-0.19378352871360946,1.0,1.0,0.0,-0.6836108801175571,0.15831999737972527,False,False,True,1.0
-1.5480405404001363,1.634030638542817,0.36990833267347806,0.468673460962337,0.8554166764414635,1.0,0.0,0.0,1.0755167039193003,0.016404315965414164,True,False,True,1.0
-0.7998092072115989,-0.13487747060258565,0.9228340602365452,0.9343124547122276,-1.2429837338686824,0.0,0.0,1.0,0.13846840727502857,-0.3450855069107493,True,False,True,1.0
1.4448847923540136,0.7784960625937463,0.18559975681912233,-0.2297850296624989,-1.59271713558704,0.0,0.0,1.0,0.8425264108340255,-1.6573760331123346,True,False,True,1.0
-1.1323564664065044,1.5689618116396482,-1.4731774258700792,-1.6267020109121706,-0.19378352871360946,0.0,0.0,0.0,1.7073375423732557,0.5345855449551996,True,False,True,1.0
0.03155894077566496,-1.3494955727950695,1.6600683636539681,1.6327709453370634,1.5548834798781788,1.0,0.0,0.0,-1.2340377297207612,0.10162244911492785,False,False,True,1.0
-1.6311773551988626,-0.2758599288927846,-1.2888688500157235,-0.9282435202873347,1.205150078159821,1.0,1.0,0.0,-0.0670514145731178,-0.7509025038848451,True,False,False,1.0
-0.7166723924128725,-0.31803416855224603,-0.5516345465983006,1.6327709453370634,0.8554166764414635,0.0,0.0,1.0,-0.2634144126755547,0.39748056460578013,False,False,False,1.0
1.6942952367501927,-0.11077790508289359,-0.9202516983070119,0.003034467212446404,-1.59271713558704,1.0,1.0,0.0,-0.2186477188076417,-1.1869581932668332,True,False,False,1.0
0.3641061999705705,-0.2083811454376468,1.6600683636539681,0.468673460962337,1.5548834798781788,0.0,1.0,0.0,0.2595419656905209,-0.6182646030956825,True,False,False,1.0
-1.714314169997589,-1.406129551766346,-0.3673259707439448,0.7014929578372823,0.5056832747231058,1.0,0.0,0.0,-1.0356398818970556,0.9434951354710114,True,False,False,1.0
0.9460639035616552,-0.6626579554838435,-0.3673259707439448,0.23585396408739168,-0.19378352871360946,0.0,0.0,0.0,-0.11792265760483722,-0.9099992605309133,False,False,True,1.0
-1.049219651607778,0.3471138397912569,1.107142636090901,1.1671319515871728,-0.5435169304319671,1.0,0.0,0.0,-0.2206825685289104,1.116336752302485,True,False,True,1.0
-0.9660828368090516,-1.1687488313973784,-1.2888688500157235,-0.9282435202873347,-0.8932503321503247,0.0,0.0,0.0,-1.1088944718627314,0.1840916102273605,True,False,True,1.0
0.6135166443667497,0.013334857343520828,1.107142636090901,-0.6954240234123894,-0.19378352871360946,1.0,1.0,1.0,0.019429698580805344,-1.511680515147037,False,False,False,1.0
1.4448847923540136,1.358090613342342,1.4757597877996123,1.6327709453370634,-1.59271713558704,0.0,0.0,0.0,0.42741706769519483,1.6836558564550952,True,False,False,1.0
-1.46490372560141,1.7075343133778782,-0.5516345465983006,-1.16106301716228,0.8554166764414635,1.0,0.0,0.0,2.8397314122593293,1.3761146098066481,True,False,False,1.0
-1.049219651607778,0.49050625463342523,-0.7359431224526563,0.468673460962337,0.5056832747231058,0.0,0.0,0.0,0.2351237690352954,-1.0031206882870352,False,False,True,1.0
0.3641061999705705,-1.5820563800600986,-1.6574860017244348,0.9343124547122276,-0.5435169304319671,0.0,0.0,1.0,-1.4069999560286073,0.2517850466404823,False,False,False,1.0
-0.8829460220103252,1.0893804577977746,0.9228340602365452,-1.3938825140372253,0.15594987300474816,1.0,0.0,1.0,0.2686987894362304,-1.1852400857436576,False,False,False,1.0
1.3617479775552872,0.29409479564793445,1.107142636090901,-1.6267020109121706,0.5056832747231058,0.0,1.0,0.0,-0.46079483563862617,0.8771761850764304,True,False,False,1.0
0.03155894077566496,-1.077170482422548,-1.1045602741613676,-0.46260452653744416,0.8554166764414635,0.0,0.0,0.0,-0.6429138856921816,0.5077830675936589,True,False,True,1.0
0.4472430147692969,1.6533102909585706,0.18559975681912233,-1.3938825140372253,0.8554166764414635,1.0,1.0,1.0,0.13134643325058784,1.4802319257110943,True,False,False,1.0
0.7797902739642024,-1.2808118110639468,0.5542169085278338,-0.9282435202873347,0.8554166764414635,1.0,0.0,0.0,-1.3195014180140499,-0.6364765428413448,False,True,True,1.0
0.2809693851718441,1.2159031767761583,0.36990833267347806,0.003034467212446404,0.8554166764414635,1.0,1.0,1.0,0.5210201548735587,-0.19767188142227585,True,False,False,1.0
1.4448847923540136,1.1182999364214055,1.2914512119452566,1.399951448462118,1.205150078159821,1.0,0.0,1.0,-0.04772034222106448,1.3915775775152293,False,False,False,1.0
-0.2178515036205142,1.4279793533494494,1.4757597877996123,-1.3938825140372253,1.205150078159821,0.0,0.0,1.0,2.3900296238589305,0.38682829796209084,True,False,False,1.0
1.3617479775552872,-0.9904120465516566,0.36990833267347806,0.003034467212446404,-1.2429837338686824,1.0,0.0,1.0,-1.2218286313931486,-0.23237765339042454,False,True,False,1.0
-1.6311773551988626,-0.8964237410248571,-0.7359431224526563,0.7014929578372823,-0.5435169304319671,0.0,1.0,0.0,-0.9277928466698102,0.6297687017391321,False,False,False,1.0
1.4448847923540136,-1.4422789000458842,-0.7359431224526563,-0.2297850296624989,1.205150078159821,1.0,1.0,0.0,-1.0539535293884745,1.5035981880262839,False,False,True,1.0
0.5303798295680233,-1.104884982770194,0.0012911809647666106,-0.6954240234123894,-0.8932503321503247,1.0,0.0,0.0,-0.7222730248216638,-1.4041269841962392,True,False,True,1.0
0.696653459165476,-1.7435234690420358,-0.3673259707439448,-1.16106301716228,0.8554166764414635,0.0,0.0,1.0,-1.4375227018476389,-1.0914314149782651,False,False,False,1.0
-0.8829460220103252,-1.4446888565978533,1.2914512119452566,1.1671319515871728,1.205150078159821,0.0,1.0,0.0,-1.270665024703599,-0.5244559323302903,False,False,False,1.0
-1.714314169997589,0.7580114319020078,0.0012911809647666106,1.1671319515871728,-0.5435169304319671,1.0,1.0,0.0,-0.10469613441659027,-1.6594377621401455,True,False,False,1.0
-1.2986300960039572,1.4436440709372491,-0.1830173948895891,-0.46260452653744416,0.5056832747231058,0.0,1.0,1.0,0.6756687336899857,0.19233852633860382,False,False,False,1.0
-0.7166723924128725,0.6242588432677165,1.6600683636539681,0.9343124547122276,-0.8932503321503247,1.0,0.0,1.0,0.3846852235485507,1.5262772073322028,True,False,True,1.0
0.3641061999705705,1.3809852005860497,1.107142636090901,-0.9282435202873347,1.5548834798781788,0.0,1.0,1.0,1.8955611415906177,0.08925207494806296,False,False,False,1.0
0.03155894077566496,-0.8168951748098731,1.107142636090901,0.468673460962337,-0.5435169304319671,0.0,1.0,1.0,-1.1038073475595593,-0.8453984176595076,True,False,True,1.0
-1.5480405404001363,-0.2842947768246769,-1.1045602741613676,0.003034467212446404,0.8554166764414635,1.0,1.0,0.0,-0.013127896959495292,0.6761576048648759,True,False,True,1.0
0.5303798295680233,-0.45058177891055273,-1.2888688500157235,-0.6954240234123894,0.5056832747231058,1.0,0.0,1.0,-0.24001364088096375,0.7854292433388489,False,False,False,1.0
0.6135166443667497,0.19287662046522747,-0.9202516983070119,-0.9282435202873347,-0.5435169304319671,0.0,1.0,0.0,0.17306085253659778,1.159289440381877,False,False,True,1.0
-1.049219651607778,0.5037610156692558,-0.5516345465983006,0.468673460962337,0.5056832747231058,0.0,0.0,0.0,-0.25120531434794213,0.34525009590123934,True,False,False,1.0
-0.6335355776141461,-0.8879888930929649,-0.1830173948895891,0.003034467212446404,1.205150078159821,1.0,1.0,0.0,-0.4719865091056044,-1.650847224524267,True,False,False,1.0
-1.3817669108026835,-1.773647925941651,-1.4731774258700792,-1.3938825140372253,-1.2429837338686824,0.0,1.0,1.0,-1.5006030432069708,-0.3732624702908305,False,False,True,1.0
-0.1347146888217878,0.8507947591528224,0.0012911809647666106,-1.16106301716228,0.5056832747231058,0.0,1.0,1.0,1.0297325851907528,0.5789127190531319,False,False,False,1.0
-0.38412513321796693,-1.4266141824580842,1.4757597877996123,-0.2297850296624989,-1.59271713558704,1.0,1.0,0.0,-1.317466568292781,0.41328715381899644,True,False,False,1.0
-0.2178515036205142,-1.515782574880945,-1.6574860017244348,-0.9282435202873347,0.5056832747231058,1.0,1.0,0.0,-1.362233262160694,1.6489500844869462,True,False,False,1.0
-1.2154932812052308,0.8327200850130535,-1.4731774258700792,-1.6267020109121706,-0.19378352871360946,1.0,0.0,0.0,1.8243414013462103,-0.37154436276765485,True,False,False,1.0
-1.714314169997589,0.11455303252622778,0.5542169085278338,-1.3938825140372253,0.15594987300474816,0.0,0.0,1.0,0.1832351011429418,1.1273326404508095,True,False,True,1.0
-0.5503987628154198,1.6316206819908476,1.2914512119452566,0.7014929578372823,-0.8932503321503247,1.0,1.0,1.0,1.1416493198605353,-0.3550505305451682,True,False,False,1.0
1.1123375331591079,-1.7700329911136972,-0.9202516983070119,-1.16106301716228,-1.2429837338686824,0.0,1.0,1.0,-1.5250212398621963,1.453773069854189,True,False,False,0.0
1.4448847923540136,0.07840368424668949,-1.6574860017244348,-0.2297850296624989,1.205150078159821,1.0,0.0,0.0,-0.2919023087733177,1.1775013801275394,True,False,False,1.0
-0.30098831841924056,0.3278341873755031,-1.4731774258700792,-1.16106301716228,-0.8932503321503247,1.0,1.0,0.0,0.051987294121105435,0.8850794796830387,False,False,True,1.0
0.03155894077566496,-1.3398557465871923,0.18559975681912233,-1.16106301716228,-0.8932503321503247,1.0,0.0,1.0,-1.0356398818970556,0.276182173469577,False,False,True,1.0
-1.3817669108026835,1.2978416995431117,1.107142636090901,-0.2297850296624989,0.15594987300474816,0.0,1.0,0.0,1.4875737724762277,-0.7265053770557506,True,False,True,1.0
1.6111584219514663,0.2061313815010581,-0.7359431224526563,-1.3938825140372253,0.5056832747231058,1.0,0.0,0.0,-0.1443757039813313,1.5266208288368381,True,False,False,1.0
0.3641061999705705,-1.2928615938237928,0.36990833267347806,-0.2297850296624989,1.205150078159821,0.0,1.0,1.0,-1.1536611657306444,-1.681429538436794,False,True,False,1.0
0.11469575557439135,1.3797802223100648,-1.2888688500157235,0.468673460962337,-1.2429837338686824,0.0,1.0,1.0,1.6859716202999335,-1.07837379780213,False,False,False,1.0
-0.38412513321796693,1.666565051994401,1.6600683636539681,0.468673460962337,0.5056832747231058,0.0,1.0,0.0,1.8955611415906177,-0.12104428588864033,True,False,False,1.0
-0.6335355776141461,0.2772250997841499,1.6600683636539681,1.399951448462118,1.5548834798781788,1.0,1.0,1.0,-0.16167192661211588,0.528056736367132,False,False,True,1.0
-0.5503987628154198,0.7170421705185311,-0.5516345465983006,-0.2297850296624989,-1.59271713558704,1.0,0.0,0.0,0.10692823659536267,1.2128943951049584,True,False,False,1.0
0.696653459165476,1.3725503526541574,-0.3673259707439448,0.7014929578372823,-1.59271713558704,0.0,0.0,1.0,1.208799360662405,0.10849487920763067,True,False,True,1.0
-1.2986300960039572,1.229157937811989,1.6600683636539681,-1.6267020109121706,-1.59271713558704,1.0,0.0,1.0,2.095993839135592,-0.5258304183488308,True,False,False,1.0
1.3617479775552872,-0.7397765651468584,1.107142636090901,-0.2297850296624989,1.205150078159821,0.0,0.0,1.0,-0.8118064125574901,0.053859059970643886,False,True,False,1.0
0.6135166443667497,-1.231407701748578,-0.1830173948895891,-1.16106301716228,-0.8932503321503247,0.0,1.0,1.0,-1.2086021082049014,-0.8646412219190753,True,False,False,1.0
1.3617479775552872,1.520762680600264,-1.6574860017244348,-1.16106301716228,-0.5435169304319671,1.0,1.0,1.0,2.1834923771501495,-0.710011544833264,False,False,False,1.0
1.2786111627565606,0.37603331841488763,-1.2888688500157235,0.9343124547122276,0.15594987300474816,0.0,0.0,0.0,0.054022143842374526,1.6582278651120952,False,False,False,1.0
0.11469575557439135,1.6749998999262934,-1.1045602741613676,1.399951448462118,-0.5435169304319671,0.0,1.0,0.0,2.304565935565641,0.06485494811896826,True,False,False,1.0
1.52802160715274,-1.3820299862466539,0.36990833267347806,-0.46260452653744416,1.5548834798781788,1.0,0.0,1.0,-1.3551112881362535,0.502972366528767,False,False,True,1.0
-1.714314169997589,1.437619179557326,-0.9202516983070119,0.7014929578372823,-1.59271713558704,1.0,1.0,1.0,0.39485947215489436,-1.5089315431099557,False,False,False,1.0
0.6135166443667497,-1.513372618328976,0.0012911809647666106,0.468673460962337,-0.5435169304319671,0.0,0.0,1.0,-1.3205188428746841,-0.5976473128175744,False,True,False,1.0
0.3641061999705705,1.4436440709372491,-0.5516345465983006,-0.6954240234123894,0.5056832747231058,1.0,0.0,0.0,-0.07824308804009603,1.2589396767260668,True,False,True,1.0
0.11469575557439135,1.1026352188336053,1.2914512119452566,0.003034467212446404,-0.19378352871360946,0.0,1.0,1.0,1.0917955016894505,-0.11760807084228916,True,False,True,1.0
1.3617479775552872,1.1845737416005584,-1.4731774258700792,0.23585396408739168,-0.8932503321503247,1.0,1.0,1.0,1.496730596221937,0.5397398675247264,False,False,True,1.0
0.4472430147692969,0.42423244945427174,0.9228340602365452,-1.16106301716228,-0.8932503321503247,0.0,0.0,1.0,0.43352161685900104,-1.64569290195474,False,False,False,1.0
-0.6335355776141461,1.6002912468152481,1.6600683636539681,-1.6267020109121706,-0.8932503321503247,0.0,0.0,1.0,1.5577760878600002,-1.554633203226429,True,False,False,1.0
-1.3817669108026835,-1.5061427486730683,-1.1045602741613676,0.7014929578372823,1.205150078159821,1.0,0.0,0.0,-1.2055498336229982,-1.141600154654995,True,False,False,1.0
-1.1323564664065044,0.3169893828916417,1.2914512119452566,-1.6267020109121706,-1.59271713558704,0.0,0.0,0.0,0.9931052902079146,-1.373201048779077,False,True,True,1.0
0.6135166443667497,0.4820714067015329,1.6600683636539681,0.7014929578372823,-1.2429837338686824,1.0,1.0,1.0,-0.174898449800363,-0.6904251190690612,True,False,True,1.0
0.2809693851718441,-0.01558462128010976,-1.6574860017244348,-0.2297850296624989,0.8554166764414635,1.0,1.0,0.0,0.7061914795090174,-1.6975797491546456,True,False,False,1.0
-0.46726194801669335,0.23384588184870408,0.9228340602365452,-0.6954240234123894,1.205150078159821,0.0,1.0,1.0,-0.1525151028664064,0.6101822759749297,True,False,False,1.0
-0.8829460220103252,-1.3374457900352232,-0.3673259707439448,-0.2297850296624989,0.8554166764414635,0.0,0.0,0.0,-1.2147066573687078,-0.042354961327194164,True,False,True,1.0
-0.1347146888217878,-1.215742984160778,0.7385254843821895,-1.16106301716228,1.205150078159821,1.0,0.0,0.0,-0.7782313921565552,1.1493244167474583,True,False,False,1.0
-1.2986300960039572,1.02792656572256,-0.9202516983070119,-1.3938825140372253,-1.2429837338686824,0.0,1.0,0.0,-0.33666900264123073,-0.7385321297179802,True,False,False,1.0
-0.30098831841924056,-1.3482905945190846,-1.1045602741613676,0.23585396408739168,-0.19378352871360946,1.0,1.0,1.0,-0.968489841095186,-0.13307103855087016,True,False,True,1.0
-1.2986300960039572,-1.5145775966049606,-0.5516345465983006,-1.3938825140372253,-1.59271713558704,0.0,0.0,0.0,-1.4426098261508107,-1.600334863342902,True,False,False,1.0
0.03155894077566496,0.6724579743071006,-1.1045602741613676,0.9343124547122276,0.15594987300474816,0.0,0.0,0.0,-0.4007667688611971,0.7242646155137946,False,True,True,1.0
-1.5480405404001363,1.1448094584930666,-1.2888688500157235,1.399951448462118,-1.2429837338686824,1.0,1.0,0.0,0.7072089043696517,0.6088077899563888,True,False,False,1.0
1.4448847923540136,0.36398353565504143,-1.6574860017244348,1.6327709453370634,-1.59271713558704,1.0,0.0,1.0,0.7377316501886834,-0.4516081733476416,False,False,False,1.0
-1.049219651607778,0.06996883631479721,0.5542169085278338,-1.6267020109121706,-1.59271713558704,1.0,1.0,0.0,0.6624422105017385,1.0919396254733904,True,False,False,1.0
-1.1323564664065044,-0.43612203959873735,-1.4731774258700792,-1.16106301716228,-0.19378352871360946,0.0,0.0,0.0,-0.38754024567295015,1.1153058877885795,False,False,True,1.0
0.2809693851718441,1.6786148347542473,-0.1830173948895891,1.6327709453370634,0.8554166764414635,0.0,1.0,0.0,0.0438478952360305,-0.543698736589858,True,False,True,1.0
-1.3817669108026835,-0.3770781040754918,-1.6574860017244348,-0.46260452653744416,-0.19378352871360946,0.0,0.0,0.0,-0.0843476372039024,1.3977627645986619,True,False,True,1.0
0.5303798295680233,-0.6024090416846132,-0.1830173948895891,-0.2297850296624989,-0.19378352871360946,1.0,1.0,0.0,-0.9115140488996599,-0.3780731713557224,True,False,False,1.0
1.4448847923540136,0.6110040822318858,-0.9202516983070119,-1.16106301716228,-0.19378352871360946,1.0,0.0,0.0,-0.2176302939470073,0.5675732094001724,True,False,False,1.0
-1.714314169997589,1.584626529227448,-0.7359431224526563,0.23585396408739168,-1.2429837338686824,0.0,1.0,1.0,0.15169493046327553,-1.4240570314650771,False,False,True,1.0
-1.1323564664065044,-0.5746945413369672,0.7385254843821895,-1.6267020109121706,0.5056832747231058,1.0,0.0,0.0,-0.8453814329584248,1.5259335858275673,False,True,False,1.0
0.7797902739642024,-0.8976287193008418,-0.7359431224526563,-1.6267020109121706,-0.8932503321503247,1.0,1.0,1.0,-0.8636950804498439,-0.642318108420142,False,False,False,1.0
-0.2178515036205142,0.02538464010336707,-0.1830173948895891,1.6327709453370634,-0.8932503321503247,1.0,1.0,1.0,0.2575071159692522,-0.879073325113751,True,False,True,1.0
-0.9660828368090516,1.5147377892203409,1.2914512119452566,-0.9282435202873347,1.5548834798781788,1.0,1.0,0.0,0.09573656312838447,1.564419194346703,True,False,True,1.0
0.2809693851718441,-1.2506873541643317,-0.1830173948895891,0.23585396408739168,-1.59271713558704,0.0,1.0,0.0,-1.2431945534664708,-0.3038509263545328,True,False,True,1.0
1.3617479775552872,-1.1374193962217785,0.36990833267347806,0.9343124547122276,-1.2429837338686824,0.0,1.0,1.0,-0.9115140488996599,0.9431515139663765,True,False,True,1.0
0.8629270887629288,0.4206175146263178,1.4757597877996123,1.399951448462118,1.205150078159821,0.0,0.0,0.0,0.10896308631663142,0.5555464567379429,False,False,False,1.0
-1.2986300960039572,-1.3037063983076542,-1.1045602741613676,0.468673460962337,1.5548834798781788,1.0,1.0,1.0,-1.2401422788845675,0.1689722640234146,False,False,True,1.0
-0.051577874023061424,-0.5156506058137214,0.5542169085278338,-0.6954240234123894,-0.8932503321503247,1.0,0.0,1.0,-0.08536506206453677,1.0699478491767418,True,False,True,1.0
-0.2178515036205142,0.9098386946760684,1.4757597877996123,-0.46260452653744416,0.15594987300474816,1.0,1.0,0.0,1.4712949747060773,1.1548223608216204,False,False,True,1.0
0.03155894077566496,1.2628973295395582,1.2914512119452566,0.468673460962337,-1.2429837338686824,0.0,1.0,1.0,0.19137450002801673,0.6119003834981053,True,False,False,1.0
-0.2178515036205142,1.4858183105967102,1.6600683636539681,0.7014929578372823,-0.5435169304319671,1.0,1.0,0.0,0.9544431455038079,1.375427366797378,False,True,True,1.0
1.1123375331591079,-1.525422401088822,-0.3673259707439448,-1.16106301716228,0.8554166764414635,0.0,0.0,1.0,-1.3083097445470717,1.1823120811924313,True,False,True,1.0
-0.5503987628154198,1.6231858340589553,1.107142636090901,1.399951448462118,0.8554166764414635,1.0,0.0,1.0,2.356454603457995,0.6304559447484023,True,False,True,1.0
-0.38412513321796693,-0.5831293892688595,-1.6574860017244348,-1.6267020109121706,-0.8932503321503247,0.0,1.0,1.0,-0.5869555183572902,-0.31347232848431666,False,True,False,1.0
1.1123375331591079,0.6700480177551315,-0.3673259707439448,0.9343124547122276,-1.59271713558704,1.0,0.0,1.0,0.1496600807420068,-0.2907933091783978,True,False,False,1.0
1.6942952367501927,0.19167164218924268,0.7385254843821895,0.468673460962337,-1.2429837338686824,0.0,0.0,0.0,-0.2176302939470073,-0.43786331316223615,True,False,False,1.0
-1.6311773551988626,-0.11198288335887817,-0.5516345465983006,-0.46260452653744416,-0.19378352871360946,1.0,0.0,1.0,0.12015475978360962,-1.4810982012345097,True,False,False,1.0
1.1954743479578342,-0.22163590647347742,1.107142636090901,-0.9282435202873347,-0.19378352871360946,0.0,1.0,1.0,0.23919346847783324,-1.4721640421139963,False,False,False,1.0
1.3617479775552872,0.6459484522354394,0.36990833267347806,0.003034467212446404,0.5056832747231058,0.0,1.0,0.0,-0.4373940638440352,-1.3869459089644824,False,True,False,1.0
0.03155894077566496,-0.6843475644515664,0.0012911809647666106,-0.46260452653744416,0.15594987300474816,0.0,1.0,1.0,-0.6093388652912468,0.6232398931510647,True,False,False,1.0
-1.714314169997589,-0.24935040682112342,-1.2888688500157235,1.1671319515871728,-1.59271713558704,1.0,1.0,1.0,0.2737859137394024,0.16038172640753617,True,False,True,1.0
1.1954743479578342,-1.4217942693541457,0.9228340602365452,1.1671319515871728,0.8554166764414635,0.0,0.0,0.0,-1.1638354143369882,-1.0739067182418733,False,True,True,1.0
0.03155894077566496,-0.3469536471758766,0.7385254843821895,1.1671319515871728,0.15594987300474816,1.0,1.0,0.0,0.2259669452895859,1.0043161417914308,False,False,True,1.0
0.3641061999705705,0.5218356898090247,-0.3673259707439448,1.1671319515871728,-0.19378352871360946,0.0,0.0,0.0,1.331907768799166,-0.30934887042869513,True,False,False,1.0
-1.2154932812052308,-1.4266141824580842,1.2914512119452566,-1.16106301716228,-0.8932503321503247,0.0,0.0,1.0,-1.2788044235886742,-0.4918118893899526,False,True,True,1.0
0.03155894077566496,-1.7387035559380972,1.2914512119452566,-1.3938825140372253,0.8554166764414635,1.0,1.0,0.0,-1.4181916294955854,1.1039663781356202,False,True,False,1.0
-0.46726194801669335,0.31337444806368814,-1.6574860017244348,-0.46260452653744416,0.8554166764414635,0.0,1.0,0.0,0.462009512956764,1.0342112126946874,False,False,True,1.0
-1.714314169997589,0.8025956281134383,-1.4731774258700792,1.6327709453370634,1.205150078159821,1.0,0.0,0.0,0.485410284751355,-1.65840689762624,True,False,True,1.0
-0.051577874023061424,-0.7156769996271661,-0.1830173948895891,-0.6954240234123894,-1.59271713558704,0.0,0.0,1.0,-0.8240155108851026,-1.1244190794232383,False,False,True,1.0
1.1123375331591079,1.526787571980187,-0.5516345465983006,-1.3938825140372253,-1.59271713558704,0.0,0.0,0.0,0.5810482216509877,-0.12104428588864033,True,False,True,1.0
-1.049219651607778,0.6182339518877934,-1.4731774258700792,1.6327709453370634,0.15594987300474816,1.0,1.0,1.0,-0.3804182716485094,1.153791496307715,True,False,False,1.0
1.1123375331591079,0.168777054945535,-1.2888688500157235,0.9343124547122276,1.205150078159821,1.0,1.0,1.0,0.7896203180810369,1.3166680895047698,False,False,False,1.0
-1.1323564664065044,-1.7676230345617279,0.9228340602365452,-0.46260452653744416,1.5548834798781788,0.0,1.0,1.0,-1.5423174624929807,1.2273264982996341,True,False,False,1.0
0.4472430147692969,-0.15777205784629333,1.4757597877996123,1.399951448462118,0.8554166764414635,1.0,0.0,1.0,0.1750957022578665,0.018466044993224816,True,False,True,1.0
1.0292007183603815,-1.2121280493328241,-1.2888688500157235,0.468673460962337,-0.8932503321503247,0.0,0.0,0.0,-0.948141343882498,0.8644621894049301,True,False,True,1.0
-1.46490372560141,0.5555750815365939,1.4757597877996123,-0.2297850296624989,1.205150078159821,0.0,0.0,1.0,0.8557529340222724,1.4448389107336752,True,False,True,1.0
1.1123375331591079,-0.19874131922976992,1.107142636090901,0.7014929578372823,-0.5435169304319671,0.0,1.0,1.0,-0.08638248692517113,1.598437723305581,True,False,True,1.0
-0.38412513321796693,-1.3760050948667306,0.18559975681912233,-0.9282435202873347,1.205150078159821,0.0,0.0,0.0,-1.2950832213588246,-0.5595053258030743,True,False,False,1.0
-1.46490372560141,-1.1253696134619324,1.4757597877996123,-1.3938825140372253,0.15594987300474816,0.0,0.0,1.0,-0.6530881342985254,-0.6261678977022908,False,True,False,1.0
-0.5503987628154198,-1.3181661376194695,0.5542169085278338,-0.2297850296624989,-0.8932503321503247,1.0,1.0,0.0,-1.2136892325080733,-0.33718221230414125,False,False,True,1.0
-0.30098831841924056,0.46520171083774836,0.9228340602365452,-0.46260452653744416,-1.2429837338686824,1.0,1.0,0.0,-0.198299221594954,-1.3697648337327255,True,False,False,1.0
1.1954743479578342,-1.0084867206914256,-1.6574860017244348,1.399951448462118,-0.8932503321503247,1.0,1.0,1.0,-1.1801142121071386,-1.1244190794232383,True,False,False,1.0
-1.2154932812052308,0.5254506246369787,0.5542169085278338,-0.6954240234123894,-1.2429837338686824,0.0,1.0,1.0,0.18120025142167306,1.4204417839045809,False,False,False,1.0
1.4448847923540136,-1.463968509013607,-0.5516345465983006,-0.9282435202873347,0.15594987300474816,1.0,0.0,0.0,-1.1719748132220635,0.06657305564214384,True,False,False,1.0
0.19783257037311774,0.9857523260630985,1.2914512119452566,0.7014929578372823,0.5056832747231058,0.0,1.0,0.0,0.951390870921905,1.2400404939711343,False,True,True,1.0
0.03155894077566496,1.3412209174785574,0.18559975681912233,0.468673460962337,-1.2429837338686824,0.0,0.0,0.0,1.7073375423732557,0.2803056315251988,True,False,True,1.0
0.19783257037311774,-0.532520301677506,0.36990833267347806,0.7014929578372823,-0.5435169304319671,0.0,0.0,1.0,-0.26748411211809237,0.13083027700891448,True,False,False,1.0
1.52802160715274,1.1701140022887435,-0.3673259707439448,0.468673460962337,-0.5435169304319671,1.0,0.0,0.0,2.1458476573066765,-1.4412381066968338,False,False,True,1.0
-0.7998092072115989,-0.6349434551361975,0.18559975681912233,-1.6267020109121706,1.5548834798781788,0.0,0.0,1.0,-1.0020648614961205,0.6909333295641864,False,True,True,1.0
1.0292007183603815,-0.025224447487986624,0.7385254843821895,1.399951448462118,0.5056832747231058,1.0,1.0,1.0,-0.7823010915990927,-1.700672342696362,True,False,True,1.0
-1.2986300960039572,-0.6494031944480129,-0.5516345465983006,-1.16106301716228,-0.8932503321503247,1.0,1.0,1.0,-0.4974221306214641,-0.16777681051901908,False,False,True,1.0
0.19783257037311774,0.0928634235585049,-0.3673259707439448,-1.16106301716228,1.205150078159821,0.0,1.0,0.0,-0.1921946724311476,1.7053040112471085,True,False,False,1.0
0.19783257037311774,0.05550909700298224,1.4757597877996123,-0.2297850296624989,1.205150078159821,1.0,1.0,1.0,-0.5513456482350866,1.2366042789247826,True,False,True,1.0
-1.5480405404001363,-1.032586286211118,1.107142636090901,-0.46260452653744416,0.5056832747231058,1.0,1.0,0.0,-0.756865470083233,0.09578088353613047,False,False,True,1.0
-0.5503987628154198,-0.278269885444754,0.18559975681912233,-1.6267020109121706,0.5056832747231058,0.0,1.0,1.0,-0.0639991399912147,0.755534172435592,False,False,False,1.0
1.0292007183603815,-0.23971058061324654,0.0012911809647666106,0.003034467212446404,1.205150078159821,1.0,0.0,0.0,0.31346548330414326,0.037365227748157454,True,False,True,1.0
-0.1347146888217878,-1.0241514382792256,-1.4731774258700792,-0.2297850296624989,-0.5435169304319671,1.0,1.0,0.0,-0.9847686388653362,-1.4123739003074824,False,False,False,1.0
1.1954743479578342,-0.3445436906239072,0.9228340602365452,-0.6954240234123894,0.8554166764414635,0.0,0.0,1.0,-0.8820087279412628,-0.49352999691312816,False,False,True,1.0
-0.8829460220103252,-1.019331525175287,-0.9202516983070119,0.9343124547122276,0.8554166764414635,1.0,0.0,1.0,-0.6815760303962884,-1.6164850740607535,True,False,True,1.0
1.0292007183603815,0.009719922515567084,-0.5516345465983006,1.399951448462118,-1.2429837338686824,1.0,0.0,1.0,-0.7293949988461046,1.223890283253283,False,False,True,1.0
-0.7166723924128725,1.2171081550521432,-0.9202516983070119,0.003034467212446404,-0.5435169304319671,1.0,1.0,1.0,0.4518352643504204,-0.5705012139513987,False,False,False,1.0
-0.5503987628154198,0.39410799255465656,0.5542169085278338,0.23585396408739168,-0.19378352871360946,1.0,1.0,0.0,-0.3376864275018651,1.159289440381877,True,False,False,1.0
-0.051577874023061424,0.10250324976638196,1.6600683636539681,-1.3938825140372253,0.15594987300474816,0.0,0.0,0.0,-0.20033407131622272,-1.1673717675026303,False,False,True,1.0
-1.6311773551988626,-0.22404586302544657,-0.9202516983070119,0.9343124547122276,0.8554166764414635,1.0,0.0,0.0,0.4447132903259796,0.42875012152757763,False,False,False,1.0
0.5303798295680233,1.1182999364214055,1.107142636090901,0.468673460962337,1.5548834798781788,0.0,0.0,1.0,-0.20440377075876018,0.11674179531887376,False,False,False,1.0
0.2809693851718441,0.9471930212315911,-0.1830173948895891,0.003034467212446404,-0.8932503321503247,0.0,1.0,1.0,1.7032678429307182,-1.5666599558886587,True,False,True,1.0
-0.5503987628154198,-0.8096653051539656,-1.6574860017244348,1.399951448462118,-1.2429837338686824,0.0,0.0,1.0,-0.8636950804498439,-0.16468421697730273,False,False,False,1.0
1.0292007183603815,-0.8771440886091034,-0.1830173948895891,-1.3938825140372253,0.8554166764414635,0.0,1.0,1.0,-1.0091868355205613,-0.3007583328128167,True,False,True,1.0
-1.714314169997589,0.5411153422247784,-1.2888688500157235,0.468673460962337,-0.8932503321503247,1.0,0.0,0.0,0.28802986178828355,1.1613511694096879,False,False,False,1.0
-1.5480405404001363,-1.6061559455797907,0.18559975681912233,-0.46260452653744416,1.5548834798781788,1.0,1.0,0.0,-1.4151393549136824,-1.6089254009587803,True,False,False,1.0
1.4448847923540136,1.6448754430266783,0.18559975681912233,-0.2297850296624989,0.5056832747231058,0.0,1.0,0.0,1.1050220248776974,1.0768202792694446,True,False,True,1.0
0.5303798295680233,0.6326936911996087,1.6600683636539681,-0.2297850296624989,-0.19378352871360946,0.0,1.0,1.0,0.2605593905511551,-1.0175527914817108,True,False,False,1.0
0.5303798295680233,1.2653072860915273,1.6600683636539681,1.1671319515871728,0.15594987300474816,0.0,1.0,1.0,-0.2155954442257386,1.6056537749029194,True,False,False,1.0
-1.5480405404001363,-0.2770649071687694,0.9228340602365452,0.468673460962337,-1.59271713558704,0.0,1.0,1.0,-0.7589003198045019,-0.06812657417482938,True,False,True,1.0
0.03155894077566496,1.1580642195288973,0.7385254843821895,-0.46260452653744416,-0.19378352871360946,1.0,0.0,0.0,0.9778439172983989,-0.9306165508090214,True,False,False,1.0
0.6135166443667497,1.2146981985001737,-1.2888688500157235,-1.16106301716228,-0.19378352871360946,1.0,0.0,1.0,0.3124480584435091,-0.2354702469321409,False,False,True,1.0
-0.1347146888217878,0.617028973611809,-1.2888688500157235,-1.16106301716228,0.15594987300474816,1.0,1.0,0.0,1.1477538690243418,0.9799190149623359,True,False,False,1.0
-0.46726194801669335,0.2736101649561959,-0.7359431224526563,0.003034467212446404,-0.19378352871360946,0.0,0.0,0.0,0.598344444281772,0.9190980086419169,True,False,True,1.0
0.03155894077566496,-0.2794748637207386,-1.2888688500157235,1.399951448462118,0.8554166764414635,0.0,0.0,1.0,0.40706857048250716,-1.4419253497061042,True,False,True,1.0
-1.2154932812052308,1.0616659574501286,-0.3673259707439448,-1.3938825140372253,1.205150078159821,1.0,1.0,1.0,1.0388894089364624,1.0654807696164852,True,False,False,1.0
-0.8829460220103252,-0.7626711523905658,1.2914512119452566,-1.16106301716228,-0.8932503321503247,0.0,1.0,1.0,-1.0376747316183244,-1.658063276121605,True,False,True,1.0
0.03155894077566496,0.9098386946760684,-0.3673259707439448,0.9343124547122276,-1.2429837338686824,0.0,0.0,0.0,-0.32547732917425254,-0.5945547192758581,True,False,True,1.0
1.1123375331591079,0.8291051501850996,0.0012911809647666106,-1.6267020109121706,0.5056832747231058,0.0,1.0,0.0,1.6137344551948916,-1.0976166020616975,True,False,True,1.0
-1.1323564664065044,1.0050319784788522,-1.4731774258700792,-1.6267020109121706,-1.2429837338686824,1.0,1.0,0.0,1.7826269820602005,-0.8921309422898862,True,False,False,1.0
0.2809693851718441,0.22661601219279617,0.36990833267347806,0.23585396408739168,-0.19378352871360946,1.0,1.0,1.0,0.9564779952250767,-0.4900937818667767,True,False,True,1.0
0.2809693851718441,1.6749998999262934,-0.3673259707439448,1.6327709453370634,1.205150078159821,0.0,1.0,1.0,1.6096647557523542,0.22395170476503642,False,False,False,1.0
-1.46490372560141,-0.47709130098221414,-0.3673259707439448,0.9343124547122276,0.5056832747231058,0.0,1.0,0.0,0.1354161326931253,1.4678615515442295,True,False,False,1.0
0.7797902739642024,-0.28911468992861544,-0.7359431224526563,-0.46260452653744416,-1.2429837338686824,1.0,1.0,1.0,-0.17388102493972865,0.32772539916484744,True,False,False,1.0
-0.7998092072115989,1.2978416995431117,0.0012911809647666106,-0.6954240234123894,1.5548834798781788,0.0,0.0,1.0,0.611570967470019,-0.8701391659932375,True,False,False,1.0
-1.5480405404001363,1.6978944871700012,-0.9202516983070119,-1.6267020109121706,0.8554166764414635,0.0,0.0,1.0,0.6909301065995014,-0.7402502372411559,True,False,True,1.0
-1.1323564664065044,0.8857391291563763,-1.1045602741613676,1.1671319515871728,0.8554166764414635,1.0,1.0,0.0,-0.07315596373692419,-0.9302729293043863,True,False,False,1.0
-1.3817669108026835,-0.8132802399819193,-0.7359431224526563,-1.3938825140372253,0.5056832747231058,1.0,1.0,1.0,-0.4689342345237011,1.638641439347892,True,False,False,1.0
-1.2154932812052308,-0.9542626982721183,-1.1045602741613676,0.23585396408739168,0.8554166764414635,0.0,1.0,1.0,-0.5299797261617646,1.587441835157257,True,False,True,1.0
0.6135166443667497,-1.6435102721353134,-0.1830173948895891,1.399951448462118,-0.8932503321503247,0.0,0.0,0.0,-1.3601984124394253,-1.4522339948451581,False,False,True,1.0
-0.6335355776141461,1.6075211164711556,1.4757597877996123,1.399951448462118,-1.2429837338686824,0.0,1.0,1.0,1.1162136983446758,1.5221537492765809,True,False,False,1.0
0.6135166443667497,-1.4097444865942999,-1.6574860017244348,1.6327709453370634,-0.5435169304319671,0.0,1.0,1.0,-1.1160164458871722,-0.7790794672649263,False,False,True,1.0
1.2786111627565606,0.5905194515401474,1.2914512119452566,-0.46260452653744416,-1.59271713558704,1.0,0.0,1.0,-0.20440377075876018,0.6294250802344974,True,False,True,1.0
-0.38412513321796693,0.43266729738616405,0.9228340602365452,-0.9282435202873347,0.5056832747231058,1.0,0.0,0.0,-0.06298171513058035,1.5702607599255003,True,False,False,1.0
1.1123375331591079,-0.25296534164907714,1.6600683636539681,0.7014929578372823,1.205150078159821,1.0,0.0,1.0,0.16492145365152283,0.5830361771087537,True,False,False,1.0
0.4472430147692969,0.04827922734707432,0.7385254843821895,-1.3938825140372253,-1.59271713558704,1.0,1.0,0.0,0.7987771418267468,0.9806062579716065,True,False,True,1.0
-0.6335355776141461,-0.05293894783563242,0.0012911809647666106,-1.16106301716228,-1.59271713558704,0.0,0.0,1.0,0.475236036145011,-1.5735323859813612,False,False,False,1.0
-1.1323564664065044,1.1725239588407126,-0.5516345465983006,-0.9282435202873347,0.8554166764414635,1.0,1.0,0.0,1.3390297428236069,1.5317751514063649,False,True,False,1.0
0.8629270887629288,0.041049357691166834,-0.9202516983070119,0.9343124547122276,0.8554166764414635,0.0,0.0,1.0,-0.7538131955013299,-0.18049080619051905,True,False,True,1.0
0.4472430147692969,0.7580114319020078,-1.1045602741613676,0.003034467212446404,-0.5435169304319671,1.0,0.0,1.0,0.08251003994013716,0.2885525476364419,False,False,False,1.0
-1.2986300960039572,-0.7000122820393664,0.0012911809647666106,-0.2297850296624989,0.15594987300474816,0.0,0.0,0.0,-0.2440833403235014,1.3802380678622699,True,False,False,1.0
0.3641061999705705,1.205058372292297,0.5542169085278338,-0.6954240234123894,0.5056832747231058,0.0,1.0,1.0,0.16288660393025411,1.4018862226542832,True,False,False,1.0
-0.46726194801669335,-0.6554280858279358,1.2914512119452566,-0.46260452653744416,1.5548834798781788,0.0,1.0,1.0,-0.5238751769979582,-1.134040481553022,True,False,True,1.0
0.696653459165476,-0.36261836476367637,1.107142636090901,-1.16106301716228,-1.59271713558704,0.0,1.0,1.0,-0.198299221594954,-1.2721763264163468,False,False,False,1.0
-0.051577874023061424,-0.25899023302900026,0.5542169085278338,1.1671319515871728,-1.2429837338686824,1.0,1.0,0.0,-0.49335243117892646,-0.4234312099675604,True,False,True,1.0
-0.7998092072115989,0.7025824312067157,-0.3673259707439448,0.003034467212446404,-0.8932503321503247,0.0,1.0,1.0,1.1630152419338575,0.933873733341228,True,False,True,1.0
-0.2178515036205142,1.4544888754211107,1.6600683636539681,0.468673460962337,-1.59271713558704,0.0,0.0,1.0,0.804881690990553,-1.5082443001006856,True,False,True,1.0
-0.8829460220103252,-0.9819771986197643,0.7385254843821895,-0.9282435202873347,-0.8932503321503247,1.0,1.0,0.0,-1.1577308651731821,0.7036473252356866,False,True,True,1.0
1.6111584219514663,-1.4928879876372376,-0.1830173948895891,0.7014929578372823,-0.19378352871360946,0.0,1.0,1.0,-1.2564210766547177,1.1125569157514985,True,False,False,1.0
-1.049219651607778,-1.5748265104041907,-0.7359431224526563,0.7014929578372823,-1.59271713558704,1.0,1.0,1.0,-1.312379443989609,-0.08118419135096465,True,False,False,1.0
1.6942952367501927,0.006104987687613342,0.0012911809647666106,-0.2297850296624989,1.205150078159821,1.0,1.0,0.0,0.6085186928881161,1.3472504034172965,False,True,False,1.0
-1.1323564664065044,-0.8313549141216885,-1.6574860017244348,-1.3938825140372253,-0.8932503321503247,1.0,0.0,1.0,-1.0702323271586247,-0.9484848690500485,False,False,False,1.0
1.52802160715274,-0.9566726548240876,-0.3673259707439448,1.1671319515871728,-1.2429837338686824,1.0,0.0,0.0,-0.7314298485673733,1.10327913512635,True,False,True,1.0
0.6135166443667497,1.5545020723278329,-0.5516345465983006,0.003034467212446404,1.205150078159821,0.0,0.0,0.0,1.0653424553129562,1.007752356837782,True,False,True,1.0
0.19783257037311774,-1.3543154858990079,-0.3673259707439448,1.399951448462118,1.5548834798781788,0.0,1.0,1.0,-1.0651452028554527,1.4503368548078375,True,False,False,1.0
-0.30098831841924056,0.06394394493487451,-1.4731774258700792,-0.46260452653744416,-0.8932503321503247,0.0,1.0,0.0,-0.08027793776136494,0.7112069983376597,False,False,True,1.0
-0.7166723924128725,-0.005944795072232897,-1.2888688500157235,1.1671319515871728,1.5548834798781788,0.0,0.0,1.0,-0.7446563717556204,0.6112131404888351,False,False,True,1.0
-1.46490372560141,0.3121694697877034,1.4757597877996123,-1.3938825140372253,0.15594987300474816,0.0,0.0,0.0,0.2849775872063806,1.0740713072323635,True,False,True,1.0
1.6942952367501927,-0.35056858200383034,0.9228340602365452,0.23585396408739168,-0.19378352871360946,1.0,0.0,1.0,-0.3519303755507466,-0.5306411194137228,False,False,True,1.0
0.03155894077566496,0.09647835838645885,-0.7359431224526563,1.6327709453370634,-0.19378352871360946,0.0,0.0,0.0,-0.3702440230421656,-0.6921432265922369,True,False,True,1.0
-0.051577874023061424,0.041049357691166834,0.0012911809647666106,-0.9282435202873347,0.8554166764414635,0.0,1.0,0.0,-0.4434986130078414,-1.6841785104738751,True,False,True,1.0
-0.7998092072115989,-1.100065069666256,-1.4731774258700792,0.23585396408739168,1.205150078159821,0.0,1.0,0.0,-1.0936330989532155,-0.9948737721757919,False,False,False,1.0
0.4472430147692969,-0.5783094761649211,-1.6574860017244348,-0.9282435202873347,1.5548834798781788,0.0,1.0,0.0,-0.8728519041955534,-1.0574128860193868,False,False,False,1.0
-1.6311773551988626,-0.39274282166329155,0.9228340602365452,-0.46260452653744416,-1.2429837338686824,0.0,1.0,0.0,-0.5472759487925491,-1.2134170491237386,True,False,True,1.0
-0.1347146888217878,0.044664292519120796,1.107142636090901,-0.46260452653744416,1.5548834798781788,0.0,1.0,0.0,0.5556126001351279,-1.4996537624848072,False,False,True,1.0
0.5303798295680233,1.4460540274892184,-0.3673259707439448,-0.6954240234123894,-1.59271713558704,1.0,0.0,0.0,0.20968814751943568,0.9483058365359033,False,False,True,1.0
1.1123375331591079,0.4037478187625337,-0.5516345465983006,1.1671319515871728,-0.8932503321503247,1.0,1.0,0.0,0.39485947215489436,-0.8137852392330751,True,False,True,1.0
-1.6311773551988626,-0.6650679120358126,-0.5516345465983006,-0.2297850296624989,0.8554166764414635,1.0,1.0,1.0,-0.4913175814576577,-0.8089745381681832,True,False,False,1.0
0.7797902739642024,0.8881490857083455,-1.6574860017244348,0.468673460962337,-1.59271713558704,1.0,0.0,1.0,0.5759610973478156,-0.14887762776408645,True,False,False,1.0
1.52802160715274,1.284586938507281,-0.9202516983070119,-1.6267020109121706,-0.5435169304319671,0.0,0.0,1.0,2.2669212157221694,-0.07259365373508624,False,False,False,1.0
-0.8829460220103252,0.25312553426445783,0.36990833267347806,1.399951448462118,1.205150078159821,1.0,0.0,1.0,-0.39160994511548763,0.16416156295852266,True,False,False,1.0
0.03155894077566496,1.6930745740660629,-1.1045602741613676,-0.6954240234123894,-0.8932503321503247,1.0,1.0,1.0,2.2689560654434375,-0.9945301506711567,True,False,True,1.0
0.11469575557439135,1.0845605446938362,0.0012911809647666106,-0.2297850296624989,1.5548834798781788,0.0,0.0,0.0,1.928118737130918,0.313636917474807,True,False,True,1.0
0.696653459165476,-1.4952979441892067,0.36990833267347806,0.7014929578372823,-1.59271713558704,0.0,0.0,0.0,-1.1963930098772888,-0.5787481300626418,True,False,False,1.0
0.7797902739642024,-0.2698350375128617,0.36990833267347806,-0.9282435202873347,1.205150078159821,1.0,1.0,1.0,-0.3458258263869402,0.1019660706195629,True,False,True,1.0
1.6942952367501927,0.36639349220701056,-1.4731774258700792,-0.6954240234123894,-0.8932503321503247,0.0,1.0,1.0,0.9086590267752606,-1.4460488077617257,True,False,True,1.0
1.6111584219514663,0.9700876084752987,0.9228340602365452,0.9343124547122276,-0.8932503321503247,0.0,0.0,1.0,1.9779725553020027,0.9685795053093765,False,False,False,1.0
1.4448847923540136,-0.8289449575697193,-0.5516345465983006,-1.6267020109121706,-0.8932503321503247,0.0,1.0,1.0,-0.6398616111102785,1.5864109706433516,True,False,False,1.0
-1.049219651607778,-1.654355076619175,-0.3673259707439448,1.399951448462118,-0.19378352871360946,1.0,1.0,1.0,-1.3744423604883067,-0.2701760189002896,True,False,True,1.0
-1.714314169997589,-0.8638893275732729,-1.6574860017244348,-0.9282435202873347,0.8554166764414635,0.0,1.0,0.0,-1.049883829945937,1.3816125538808102,False,False,True,1.0
0.9460639035616552,-1.4892730528092837,1.4757597877996123,-0.2297850296624989,-0.8932503321503247,1.0,0.0,0.0,-1.1038073475595593,0.42222131293950993,True,False,True,1.0
0.9460639035616552,0.8170553674252538,-0.3673259707439448,0.23585396408739168,0.5056832747231058,0.0,1.0,1.0,1.4489116277721206,-0.6801164739300071,False,False,True,1.0
1.0292007183603815,0.8086205194933614,0.36990833267347806,1.399951448462118,-1.59271713558704,0.0,0.0,1.0,0.9625825443888832,0.4012604011567666,True,False,False,1.0
-0.5503987628154198,-0.11559781818683212,0.0012911809647666106,0.7014929578372823,1.5548834798781788,0.0,0.0,1.0,0.12117218464424417,0.4431822247222532,True,False,False,1.0
-0.7166723924128725,-0.022814490936017246,-0.7359431224526563,-1.3938825140372253,-1.59271713558704,1.0,0.0,0.0,-0.09452188581024625,-0.6361329213367096,True,False,False,1.0
-1.3817669108026835,0.6085941256799168,1.4757597877996123,0.23585396408739168,-0.8932503321503247,0.0,1.0,0.0,-0.3458258263869402,0.3902645130084422,True,False,True,1.0
1.4448847923540136,0.7507815622461003,0.0012911809647666106,0.23585396408739168,1.5548834798781788,1.0,1.0,0.0,-0.0639991399912147,1.4465570182568508,True,False,False,1.0
0.03155894077566496,1.094200370901713,-1.2888688500157235,0.7014929578372823,-1.59271713558704,0.0,1.0,1.0,2.028843798333722,0.23391672839945535,False,False,True,1.0
1.2786111627565606,1.6280057471628941,-0.1830173948895891,1.1671319515871728,-0.8932503321503247,1.0,1.0,1.0,2.5965668705677114,-1.0227071140512378,False,False,True,1.0
0.696653459165476,1.664155095442432,-0.9202516983070119,-0.9282435202873347,-0.8932503321503247,0.0,0.0,0.0,1.3827790118308856,-1.3611742961168471,False,True,True,1.0
1.2786111627565606,-0.24814542854513882,0.36990833267347806,1.1671319515871728,-0.5435169304319671,1.0,0.0,0.0,-0.7995973142298773,-1.2213203437303466,True,False,True,1.0
1.2786111627565606,0.26999523012824195,1.6600683636539681,-0.46260452653744416,-0.5435169304319671,1.0,1.0,0.0,-0.2990242827977583,-1.6326352847786048,True,False,False,1.0
-0.46726194801669335,0.815850389149269,0.9228340602365452,-0.46260452653744416,-0.8932503321503247,1.0,0.0,0.0,1.1976076871954269,0.24903607460340127,False,True,True,1.0
-0.9660828368090516,-0.3204441251042152,1.4757597877996123,0.003034467212446404,-0.19378352871360946,1.0,0.0,1.0,-0.004988498074420179,0.20951960157036065,True,False,True,1.0
1.6942952367501927,1.171318980564728,-1.2888688500157235,0.003034467212446404,0.5056832747231058,0.0,0.0,0.0,0.4599746632354953,-1.3034458833381444,False,True,False,1.0
-1.1323564664065044,0.6037742125759784,-0.1830173948895891,1.6327709453370634,1.205150078159821,0.0,0.0,0.0,0.23207149445339248,-0.0749990042675322,True,False,False,1.0
0.7797902739642024,-0.13969738370652418,-0.7359431224526563,-1.6267020109121706,0.8554166764414635,0.0,1.0,1.0,-0.46486453508116365,0.9276885462577954,False,False,False,1.0
1.1954743479578342,1.542452289567987,1.107142636090901,1.399951448462118,-1.2429837338686824,0.0,0.0,1.0,2.0420703215219693,-0.5230814463117498,True,False,True,1.0
0.5303798295680233,-0.278269885444754,-0.9202516983070119,-1.6267020109121706,0.8554166764414635,0.0,0.0,1.0,-0.008040772656323279,1.517343048211689,True,False,False,1.0
-1.1323564664065044,0.03020455320730539,1.6600683636539681,1.6327709453370634,1.5548834798781788,0.0,1.0,0.0,0.7641846965651772,0.884392236673768,False,True,True,1.0
0.3641061999705705,-1.0398161558670256,1.2914512119452566,0.7014929578372823,-1.59271713558704,0.0,1.0,0.0,-0.9501761936037668,1.6214603641161354,False,False,False,1.0
1.1123375331591079,-1.4567386393576993,-1.1045602741613676,0.23585396408739168,-0.19378352871360946,1.0,0.0,0.0,-1.400895406864801,0.9146309290816603,False,False,False,1.0
1.3617479775552872,0.8507947591528224,0.18559975681912233,1.6327709453370634,-1.2429837338686824,1.0,0.0,1.0,1.7063201175126215,-1.2972606962547117,True,False,True,1.0
-0.5503987628154198,-0.5819244109928748,0.7385254843821895,-0.46260452653744416,1.205150078159821,0.0,1.0,1.0,-0.4943698560395608,0.6074333039378486,True,False,False,1.0
-0.1347146888217878,-0.3108042988963383,-0.1830173948895891,-1.3938825140372253,1.205150078159821,1.0,0.0,0.0,-0.1810029989641694,0.7177358069257271,True,False,False,1.0
0.696653459165476,0.5784696687803016,0.5542169085278338,-1.6267020109121706,0.5056832747231058,1.0,1.0,1.0,1.0694121547554938,1.2709664293882963,True,False,True,1.0
-0.30098831841924056,0.09165844528252053,-0.5516345465983006,-0.6954240234123894,0.15594987300474816,1.0,1.0,1.0,-0.4831781825725826,-0.17396199760245154,True,False,False,1.0
-0.38412513321796693,0.42543742773025656,0.9228340602365452,-1.16106301716228,0.8554166764414635,1.0,1.0,1.0,0.7641846965651772,-1.0464169978710625,True,False,True,1.0
-0.051577874023061424,1.5135328109443562,-0.9202516983070119,-0.46260452653744416,-0.19378352871360946,0.0,1.0,1.0,0.5617171492989341,1.5592648717771755,False,False,True,1.0
-0.5503987628154198,0.2748151432321807,-1.2888688500157235,0.23585396408739168,-0.8932503321503247,1.0,1.0,0.0,0.8038642661299185,-0.04063685380401858,True,False,False,1.0
1.6942952367501927,-0.24091555888923114,-1.2888688500157235,0.7014929578372823,-0.19378352871360946,1.0,0.0,1.0,-0.8474162826796936,0.21879738219550918,True,False,True,1.0
-0.38412513321796693,-0.47829627925819873,-1.4731774258700792,0.9343124547122276,1.5548834798781788,1.0,0.0,0.0,-0.8962526759901442,1.6207731211068652,True,False,False,1.0
-0.1347146888217878,-0.6289185637562746,0.9228340602365452,-0.46260452653744416,1.5548834798781788,0.0,1.0,1.0,-0.10062643497405263,0.7764950842183352,False,False,False,1.0
1.0292007183603815,0.43989716704207155,-1.1045602741613676,0.7014929578372823,-0.19378352871360946,1.0,0.0,1.0,0.7061914795090174,-1.1374766965993732,True,False,True,1.0
0.7797902739642024,-1.3470856162431002,-1.1045602741613676,0.9343124547122276,0.8554166764414635,0.0,1.0,1.0,-1.3632506870213286,0.5723839104650643,False,False,True,1.0
-0.5503987628154198,0.4206175146263178,-1.1045602741613676,0.468673460962337,-1.59271713558704,0.0,1.0,1.0,-0.23594394143842629,-0.7979786500198588,False,False,False,1.0
-1.714314169997589,-0.3144192337242921,0.9228340602365452,-0.6954240234123894,-0.19378352871360946,0.0,0.0,0.0,-0.8291026351882747,1.4431208032104996,False,False,False,1.0
0.19783257037311774,0.8001856715614691,1.4757597877996123,-0.46260452653744416,-0.8932503321503247,0.0,0.0,1.0,-0.22983939227461989,0.220515489718685,False,False,False,1.0
-1.049219651607778,-1.4892730528092837,-0.9202516983070119,-0.9282435202873347,0.5056832747231058,1.0,0.0,1.0,-1.2604907760972552,0.5287439793764022,True,False,True,1.0
-1.049219651607778,0.7857259322496538,-0.5516345465983006,0.468673460962337,1.205150078159821,1.0,0.0,1.0,-0.07315596373692419,0.7541596864170517,True,False,False,1.0
-0.7998092072115989,0.3326541004794419,1.4757597877996123,-0.2297850296624989,-0.8932503321503247,0.0,0.0,0.0,-0.32954702861678997,-0.3007583328128167,True,False,False,1.0
0.696653459165476,-1.4290241390100533,1.2914512119452566,0.7014929578372823,0.5056832747231058,0.0,0.0,1.0,-1.362233262160694,-1.6505036030196318,False,True,True,1.0
-1.1323564664065044,1.042386305034375,-0.5516345465983006,-0.9282435202873347,0.15594987300474816,0.0,1.0,0.0,1.6503617501777297,0.7771823272276058,False,False,False,1.0
-0.051577874023061424,-1.7724429476656662,-0.1830173948895891,0.9343124547122276,-0.19378352871360946,0.0,1.0,1.0,-1.5260386647228306,-0.4595114679542496,False,False,False,1.0
0.2809693851718441,1.5038929847364795,-0.1830173948895891,0.23585396408739168,0.5056832747231058,1.0,0.0,1.0,2.4785455867341217,-1.2934808597037253,True,False,True,1.0
-0.30098831841924056,-1.2398425496804704,1.2914512119452566,1.1671319515871728,0.5056832747231058,1.0,1.0,0.0,-0.893200401408241,1.557546764254,True,False,False,1.0
-0.9660828368090516,0.9170685643319759,-0.3673259707439448,0.7014929578372823,-1.59271713558704,1.0,1.0,1.0,-0.169811325497191,-1.691050940566578,True,False,False,1.0
1.1954743479578342,-0.07944846990729384,-0.3673259707439448,0.003034467212446404,1.205150078159821,1.0,1.0,0.0,0.01637742399890206,-0.22447435878381652,False,False,True,1.0
0.7797902739642024,-0.26140018958096944,0.7385254843821895,-1.3938825140372253,-0.5435169304319671,1.0,1.0,1.0,-0.7202381751003951,0.11949076735595504,False,False,True,1.0
-0.38412513321796693,-0.30116447268846147,-0.9202516983070119,0.468673460962337,-0.8932503321503247,1.0,0.0,0.0,0.15169493046327553,-0.4677583840654929,True,False,False,1.0
-1.049219651607778,-1.7374985776621128,0.5542169085278338,1.6327709453370634,-0.8932503321503247,1.0,0.0,0.0,-1.4578711990603266,-1.1903944083131845,True,False,True,1.0
-0.8829460220103252,-1.436254008665961,1.107142636090901,-0.6954240234123894,1.5548834798781788,1.0,1.0,0.0,-1.2767695738674056,-1.277674270490509,False,False,True,1.0
1.4448847923540136,-1.6760446855868978,-0.7359431224526563,0.23585396408739168,0.15594987300474816,1.0,0.0,1.0,-1.4548189244784235,1.1046536211448907,True,False,False,1.0
1.0292007183603815,1.2183131333281276,-1.6574860017244348,0.7014929578372823,0.5056832747231058,1.0,0.0,1.0,1.9718680061381968,-1.199328567433698,True,False,True,1.0
1.52802160715274,1.642465486474709,-1.4731774258700792,-0.9282435202873347,0.8554166764414635,0.0,1.0,0.0,0.22494952042895172,0.5727275319696997,False,False,False,1.0
0.19783257037311774,0.6182339518877934,-0.7359431224526563,-0.46260452653744416,-1.59271713558704,1.0,1.0,0.0,0.4894799841938925,0.3806431108786584,True,False,False,1.0
1.3617479775552872,-1.3531105076230232,-1.6574860017244348,-1.3938825140372253,-0.8932503321503247,1.0,1.0,1.0,-1.049883829945937,-1.698266992163916,False,True,False,1.0
-0.6335355776141461,1.3014566343710656,-1.4731774258700792,0.9343124547122276,-0.5435169304319671,1.0,0.0,1.0,0.5698565481840094,1.3510302399682834,True,False,True,1.0
0.4472430147692969,1.0339514571024826,1.6600683636539681,-0.9282435202873347,0.8554166764414635,1.0,0.0,1.0,-0.36108719929645605,0.46379951500036143,True,False,True,1.0
1.52802160715274,0.35193375289519563,-1.6574860017244348,-0.46260452653744416,0.8554166764414635,0.0,0.0,1.0,-0.6062865907093437,-0.020706806535180738,True,False,True,1.0
-0.2178515036205142,-0.39274282166329155,1.2914512119452566,0.23585396408739168,-0.19378352871360946,1.0,0.0,0.0,-0.7884056407628991,1.0369601847317689,True,False,False,1.0
-1.1323564664065044,-0.22284088474946198,1.107142636090901,-0.2297850296624989,-0.5435169304319671,0.0,0.0,1.0,0.03367364662968647,-1.2982915607686172,False,True,True,1.0
-0.7998092072115989,1.6593351823384936,0.0012911809647666106,1.399951448462118,-1.59271713558704,1.0,0.0,1.0,1.0195583365844088,-1.3292174961857794,True,False,True,1.0
1.6111584219514663,-0.725316825835043,-0.9202516983070119,-1.6267020109121706,-0.19378352871360946,1.0,0.0,1.0,-1.1017724978382908,-0.5375135495064256,True,False,False,1.0
1.6942952367501927,-1.384439942798623,0.5542169085278338,0.003034467212446404,-0.5435169304319671,0.0,1.0,1.0,-1.0071519857992925,1.106028107163431,False,False,False,1.0
-1.2986300960039572,-1.0036668075874873,1.2914512119452566,-0.6954240234123894,-0.8932503321503247,0.0,0.0,1.0,-0.6775063309537508,-0.3478344789478303,True,False,False,1.0
1.1123375331591079,-0.16259197095023165,-1.2888688500157235,-1.16106301716228,-0.19378352871360946,1.0,0.0,1.0,-0.44451603786847593,-1.3597998100983066,False,False,False,1.0
-0.46726194801669335,-1.571211575576237,0.18559975681912233,0.9343124547122276,1.5548834798781788,0.0,0.0,0.0,-1.4609234736422299,0.8036411830845112,True,False,True,1.0
0.7797902739642024,1.5135328109443562,-0.1830173948895891,0.9343124547122276,0.5056832747231058,1.0,0.0,1.0,0.6339543144039758,0.18340436721809036,False,False,False,1.0
1.6111584219514663,0.4109776884184411,-0.7359431224526563,0.003034467212446404,0.5056832747231058,1.0,0.0,1.0,-0.510648653809711,1.3414088378384996,True,False,True,1.0
-0.6335355776141461,1.4617187450770182,-1.1045602741613676,-1.16106301716228,0.15594987300474816,0.0,0.0,0.0,0.7906377429416714,1.5695735169162301,True,False,True,1.0
-0.9660828368090516,-0.2987545161364923,0.5542169085278338,0.003034467212446404,1.205150078159821,0.0,1.0,0.0,-0.5004744052033672,0.30813897340064467,True,False,True,1.0
1.52802160715274,-0.5939741937527209,-1.4731774258700792,-1.3938825140372253,0.5056832747231058,1.0,1.0,1.0,-0.6337570619464721,-0.9594807571983729,True,False,True,1.0
0.19783257037311774,-0.6373534116881666,0.36990833267347806,-1.16106301716228,1.205150078159821,1.0,0.0,1.0,-0.4577425610567229,1.4963821364289458,True,False,True,1.0
-0.7166723924128725,1.419544505417557,-1.4731774258700792,1.6327709453370634,1.205150078159821,0.0,1.0,1.0,0.30227380983716506,0.07138375670703577,True,False,False,1.0
0.4472430147692969,1.5725767464676021,0.36990833267347806,0.468673460962337,-0.8932503321503247,1.0,0.0,0.0,2.432761468005574,1.013250300911944,True,False,False,1.0
-0.2178515036205142,1.07251076193399,-0.1830173948895891,-1.16106301716228,1.5548834798781788,1.0,0.0,0.0,0.18628737572484472,-0.2626163457983166,True,False,False,1.0
-0.38412513321796693,1.4388241578333107,0.18559975681912233,0.468673460962337,1.5548834798781788,0.0,1.0,0.0,1.62492612866187,0.9730465848696336,True,False,False,1.0
1.3617479775552872,0.8736893463965302,0.18559975681912233,-0.2297850296624989,0.5056832747231058,0.0,0.0,0.0,1.3766744626670793,0.06348046210042774,True,False,True,1.0
0.11469575557439135,-1.3519055293470386,-0.1830173948895891,-0.6954240234123894,1.205150078159821,0.0,1.0,0.0,-1.0254656332907115,1.5723224889533112,True,False,False,1.0
-1.2154932812052308,-0.2842947768246769,-0.5516345465983006,-1.6267020109121706,-0.19378352871360946,1.0,1.0,0.0,-0.31632050542854284,0.9582708601703225,False,False,False,1.0
0.4472430147692969,0.8760993029484992,-0.1830173948895891,0.7014929578372823,-0.19378352871360946,0.0,1.0,1.0,-0.09350446094961189,0.45349086986130743,True,False,False,1.0
0.6135166443667497,0.9483979995075759,1.107142636090901,0.23585396408739168,-0.5435169304319671,1.0,1.0,0.0,1.5353927409260437,-0.9422996819666161,True,False,False,1.0
-1.714314169997589,0.8544096939807764,-1.4731774258700792,1.399951448462118,-0.19378352871360946,1.0,1.0,0.0,1.2515312048090494,-1.6020529708660776,True,False,True,1.0
1.1954743479578342,0.5905194515401474,-0.9202516983070119,0.9343124547122276,0.15594987300474816,0.0,0.0,1.0,0.7306096761642425,1.4761084676554725,True,False,False,1.0
-0.30098831841924056,-0.48914108374206017,0.0012911809647666106,1.6327709453370634,-0.5435169304319671,0.0,1.0,0.0,-0.2125431696438353,1.1355795565620528,True,False,True,1.0
1.4448847923540136,-0.020404534384048083,0.18559975681912233,0.23585396408739168,-0.8932503321503247,0.0,0.0,1.0,-0.6011994664061716,1.0008799267450792,True,False,False,1.0
0.696653459165476,-0.7976155223941194,1.4757597877996123,0.9343124547122276,-0.8932503321503247,1.0,1.0,0.0,-0.5177706278341518,1.5166558052024188,True,False,False,1.0
1.1954743479578342,-0.003534838520263521,0.36990833267347806,-0.6954240234123894,-0.19378352871360946,0.0,1.0,0.0,0.2686987894362304,-1.416840979867739,False,False,True,1.0
-1.46490372560141,-0.7638761306665505,-0.3673259707439448,-0.9282435202873347,0.15594987300474816,1.0,0.0,1.0,-0.7365169728705453,0.2796183885159284,True,False,True,1.0
-0.2178515036205142,-0.7108570865232278,0.36990833267347806,1.1671319515871728,-0.19378352871360946,0.0,1.0,1.0,-0.3946622196973909,-0.062285008596032254,False,False,True,1.0
-1.049219651607778,1.5798066161235096,-1.1045602741613676,-1.3938825140372253,-0.5435169304319671,1.0,0.0,0.0,1.515044243713356,0.8709909979929977,True,False,True,1.0
-1.2154932812052308,1.6171609426790328,-0.7359431224526563,-0.46260452653744416,0.8554166764414635,0.0,0.0,0.0,2.0898892899717856,-1.4415817282014691,False,True,True,1.0
-0.051577874023061424,-1.5422920969526064,0.9228340602365452,-0.6954240234123894,-0.19378352871360946,0.0,0.0,0.0,-1.267612750121696,0.8139498282235652,False,True,False,1.0
0.3641061999705705,0.6543833001673317,-0.1830173948895891,1.1671319515871728,-0.19378352871360946,1.0,0.0,1.0,-0.11283553330166521,-1.1842092212297521,False,False,True,1.0
1.1954743479578342,1.1821637850485893,1.6600683636539681,-0.2297850296624989,-1.2429837338686824,1.0,0.0,0.0,1.8202717019036727,0.6555403145867674,True,False,False,1.0
1.4448847923540136,0.36157357910307225,0.0012911809647666106,-0.46260452653744416,0.5056832747231058,0.0,0.0,0.0,-0.18914239784924433,-0.7158531104120612,True,False,True,1.0
0.11469575557439135,1.505097963012464,0.36990833267347806,-0.6954240234123894,-1.2429837338686824,0.0,1.0,1.0,1.6116996054736228,1.5197483987441351,False,True,False,1.0
0.11469575557439135,-1.0458410472469484,1.107142636090901,-1.6267020109121706,0.15594987300474816,1.0,0.0,0.0,-1.0132565349630989,0.8489992216963489,True,False,True,1.0
1.6111584219514663,0.39892790565859493,1.6600683636539681,-1.3938825140372253,0.8554166764414635,1.0,1.0,1.0,0.39282462243362565,-0.1066121826939648,False,True,False,1.0
-0.38412513321796693,-1.4784282483254223,-0.1830173948895891,-0.6954240234123894,1.5548834798781788,0.0,0.0,1.0,-1.362233262160694,0.092001046985144,True,False,True,1.0
-1.049219651607778,-1.5181925314329143,0.9228340602365452,1.1671319515871728,1.205150078159821,0.0,1.0,1.0,-1.239124854023933,1.0366165632271336,True,False,True,1.0
1.0292007183603815,0.15431731563372003,0.7385254843821895,0.9343124547122276,-0.5435169304319671,1.0,0.0,1.0,0.7957248672448435,0.9764827999159847,False,True,True,1.0
-1.5480405404001363,-0.13367249232660106,-1.2888688500157235,0.7014929578372823,0.8554166764414635,1.0,1.0,0.0,-0.11792265760483722,-0.07980970533242414,True,False,False,1.0
-0.051577874023061424,0.7628313450059461,-1.4731774258700792,-0.46260452653744416,-1.59271713558704,0.0,0.0,1.0,-0.07213853887628982,-0.28838795864595185,False,True,True,1.0
1.1954743479578342,-0.5457750627133365,-0.5516345465983006,-0.6954240234123894,0.5056832747231058,1.0,1.0,0.0,-0.5533804979563554,-0.28666985112277604,False,False,False,1.0
0.5303798295680233,0.7158371922425468,-0.7359431224526563,-0.9282435202873347,1.205150078159821,0.0,1.0,0.0,0.6970346557633079,-0.5254867968441959,True,False,False,1.0
1.3617479775552872,-0.15415712301833936,1.4757597877996123,0.468673460962337,0.5056832747231058,1.0,0.0,1.0,0.3836677986879162,-1.0209890065280622,False,False,True,1.0
1.2786111627565606,-1.3687752252108232,-1.1045602741613676,0.9343124547122276,-1.2429837338686824,1.0,0.0,0.0,-1.29406579649819,0.6462625339616188,True,False,True,1.0
1.52802160715274,-1.5242174228128373,0.5542169085278338,0.468673460962337,-1.2429837338686824,1.0,0.0,1.0,-1.304240045104534,-1.4484541582941717,True,False,True,1.0
1.4448847923540136,-1.3735951383147615,-0.7359431224526563,1.399951448462118,1.205150078159821,1.0,1.0,1.0,-1.0051171360780238,1.0087832213516874,True,False,False,1.0
0.6135166443667497,1.5545020723278329,-0.9202516983070119,0.23585396408739168,-0.19378352871360946,1.0,1.0,1.0,0.8140385147362624,-1.0866207139133734,True,False,False,1.0
-1.5480405404001363,-1.6025410107518367,0.9228340602365452,-1.6267020109121706,-0.19378352871360946,0.0,1.0,1.0,-1.463975748224133,0.49025837085726676,False,True,False,1.0
-0.6335355776141461,-0.45901662684244504,1.4757597877996123,0.23585396408739168,-0.19378352871360946,0.0,1.0,0.0,-0.27562351100316745,1.4630508504793376,False,True,False,1.0
-1.714314169997589,-1.175978701053286,-1.2888688500157235,0.7014929578372823,0.8554166764414635,0.0,0.0,1.0,-0.7436389468949861,0.41088180328655044,False,False,False,1.0
1.1123375331591079,-1.049455982074902,0.36990833267347806,-0.6954240234123894,-0.19378352871360946,1.0,1.0,1.0,-0.9196534477847352,1.451367719321743,True,False,False,1.0
0.11469575557439135,0.9532179126115142,1.2914512119452566,-1.16106301716228,-1.2429837338686824,1.0,1.0,0.0,0.23308891931402667,0.021215017030305847,True,False,True,1.0
-0.051577874023061424,-1.718218925246359,-1.4731774258700792,-1.16106301716228,-0.19378352871360946,0.0,0.0,0.0,-1.4497318001752515,-0.22516160179308667,True,False,True,1.0
0.9460639035616552,0.9676776519233296,1.6600683636539681,0.003034467212446404,-1.59271713558704,1.0,0.0,0.0,1.5587935127206347,1.4118512462887025,True,False,False,1.0
-0.30098831841924056,-0.6735027599677049,0.36990833267347806,0.7014929578372823,1.205150078159821,0.0,0.0,0.0,-0.4831781825725826,1.180937595173891,True,False,False,1.0
1.0292007183603815,-1.0795804389745174,0.5542169085278338,0.7014929578372823,-0.8932503321503247,1.0,1.0,0.0,-1.1780793623858699,1.3390034873060535,False,True,False,1.0
0.3641061999705705,0.9483979995075759,0.0012911809647666106,0.7014929578372823,-0.8932503321503247,1.0,0.0,1.0,0.47828831072691425,-1.5415755860502938,True,False,False,1.0
0.19783257037311774,1.5858315075034328,-0.5516345465983006,0.003034467212446404,1.5548834798781788,1.0,1.0,1.0,0.20460102321626367,-0.8240938843721293,True,False,False,1.0
-1.714314169997589,1.4436440709372491,-1.4731774258700792,0.468673460962337,1.5548834798781788,1.0,1.0,1.0,0.9086590267752606,1.3895158484874184,True,False,True,1.0
0.696653459165476,-1.2518923324403162,-0.3673259707439448,-0.6954240234123894,-0.19378352871360946,1.0,1.0,0.0,-1.165870264058257,-1.5845282741296858,True,False,True,1.0
0.03155894077566496,0.22661601219279617,0.36990833267347806,-0.6954240234123894,-1.59271713558704,1.0,1.0,1.0,1.0785689785012036,-0.11451547730057282,False,False,True,1.0
-0.8829460220103252,-1.6591749897231132,1.2914512119452566,-0.6954240234123894,1.5548834798781788,0.0,1.0,0.0,-1.508742442092046,0.6177419490769026,True,False,True,1.0
1.1123375331591079,1.538837354740033,1.6600683636539681,-1.6267020109121706,-1.2429837338686824,1.0,1.0,1.0,1.6564662993415362,-0.006618324845140023,False,False,False,1.0
0.696653459165476,-1.2916566155478084,-0.3673259707439448,0.468673460962337,-1.2429837338686824,1.0,0.0,1.0,-1.0844762752075061,-0.4839085947833443,False,False,False,1.0
-1.2154932812052308,-0.16982184060613933,1.107142636090901,-1.6267020109121706,-0.8932503321503247,0.0,1.0,0.0,-0.6856457298388259,1.5998122093241218,False,False,True,1.0
-1.3817669108026835,1.6870496826861396,-1.1045602741613676,0.9343124547122276,0.5056832747231058,0.0,1.0,1.0,2.1855272268714176,-1.5718142784581857,True,False,False,1.0
-0.2178515036205142,-0.8759391103331189,-0.1830173948895891,-1.16106301716228,0.15594987300474816,0.0,0.0,1.0,-0.7517783457800612,-0.3780731713557224,True,False,True,1.0
-0.8829460220103252,0.5278605811889479,0.36990833267347806,0.003034467212446404,1.5548834798781788,0.0,1.0,1.0,-0.19422952215241635,-1.6264500976951723,False,False,False,1.0
-0.7166723924128725,-1.013306633795364,-0.3673259707439448,0.7014929578372823,-1.59271713558704,1.0,1.0,1.0,-0.8077367131149525,1.5692298954115949,False,False,False,1.0
-1.2154932812052308,-0.9446228720642414,0.9228340602365452,1.399951448462118,-0.19378352871360946,1.0,1.0,0.0,-0.5879729432179247,-0.0262047506093428,True,False,True,1.0
-1.049219651607778,-0.19030647129787764,-0.5516345465983006,0.9343124547122276,1.205150078159821,1.0,1.0,1.0,-0.0670514145731178,0.6098386544702943,True,False,False,1.0
0.03155894077566496,0.41700257979836425,0.18559975681912233,1.399951448462118,0.8554166764414635,1.0,0.0,0.0,0.729592251303608,0.5033159880334023,False,False,True,1.0
0.2809693851718441,-0.2806798419967232,0.36990833267347806,1.399951448462118,0.5056832747231058,1.0,0.0,1.0,-0.698872253027073,1.5334932589295405,True,False,False,1.0
-0.9660828368090516,-1.3796200296946846,-0.9202516983070119,0.9343124547122276,1.5548834798781788,1.0,0.0,1.0,-1.3856340339552848,-0.16846405352828922,False,True,False,1.0
-0.7166723924128725,-1.3049113765836389,1.4757597877996123,0.468673460962337,1.205150078159821,1.0,1.0,0.0,-1.0407270062002274,1.088159788922404,False,False,False,1.0
-1.3817669108026835,0.2687902518522576,0.0012911809647666106,-1.6267020109121706,-0.19378352871360946,0.0,1.0,1.0,-0.2573098635117485,-0.24474802755728944,True,False,False,1.0
-1.5480405404001363,-0.36020840821170724,-0.1830173948895891,-0.9282435202873347,0.8554166764414635,1.0,1.0,0.0,-0.15963707689084716,-0.4069373777450737,False,False,False,1.0
1.52802160715274,-0.9301631327524262,-0.5516345465983006,1.399951448462118,0.8554166764414635,0.0,0.0,0.0,-0.49945698034273284,1.592939779231419,False,False,True,1.0
0.7797902739642024,-0.9253432196484878,-1.2888688500157235,0.9343124547122276,-1.59271713558704,0.0,1.0,1.0,-1.0966853735351187,0.7651555745653758,False,True,False,1.0
0.696653459165476,-0.8168951748098731,-0.5516345465983006,-0.46260452653744416,-1.59271713558704,0.0,0.0,1.0,-0.5330320007436676,-0.07225003223045118,False,True,False,1.0
0.3641061999705705,1.661745138890463,1.2914512119452566,1.6327709453370634,-0.8932503321503247,0.0,0.0,0.0,2.361541727761167,-0.9752873464115891,True,False,True,1.0
-1.5480405404001363,0.7833159756976846,-0.3673259707439448,-0.2297850296624989,-0.8932503321503247,0.0,0.0,0.0,0.8832234052594008,1.3513738614729183,True,False,True,1.0
-0.051577874023061424,-1.077170482422548,1.107142636090901,-0.2297850296624989,1.5548834798781788,1.0,1.0,0.0,-0.625617663061397,-1.3900385025061988,True,False,False,1.0
1.4448847923540136,-0.5698746282330288,-0.3673259707439448,-0.9282435202873347,1.5548834798781788,0.0,1.0,1.0,-0.4516380118929165,-1.0979602235663328,False,True,True,1.0
-1.1323564664065044,1.07251076193399,-0.9202516983070119,-0.2297850296624989,-1.2429837338686824,1.0,0.0,1.0,0.9137461510784326,-1.3189088510467253,True,False,False,1.0
-0.7998092072115989,-0.3782830823514764,1.4757597877996123,-0.9282435202873347,-1.2429837338686824,0.0,0.0,1.0,-0.2125431696438353,-0.6261678977022908,False,False,True,1.0
-0.1347146888217878,0.4001328839345797,-0.1830173948895891,-0.9282435202873347,-0.5435169304319671,0.0,0.0,1.0,0.41622539422821664,1.1730343005672828,True,False,True,1.0
-0.051577874023061424,-1.5543418797124526,0.18559975681912233,0.9343124547122276,1.5548834798781788,1.0,1.0,0.0,-1.2665953252610618,1.2355734144108772,False,True,True,1.0
0.6135166443667497,1.1905986329804816,0.18559975681912233,1.1671319515871728,-0.19378352871360946,1.0,1.0,1.0,1.1121439989021382,-0.2316904103811544,True,False,False,1.0
0.6135166443667497,0.3904930577267026,1.6600683636539681,-1.6267020109121706,1.205150078159821,0.0,1.0,0.0,0.005185750531923668,-0.12344963642108629,False,False,True,1.0
-1.5480405404001363,-0.45540169201449104,0.5542169085278338,-0.46260452653744416,-0.19378352871360946,0.0,0.0,0.0,-0.7049768021908792,-0.2643344533214922,False,False,True,1.0
1.0292007183603815,1.6316206819908476,0.5542169085278338,1.399951448462118,-0.5435169304319671,1.0,0.0,1.0,0.9992098393717211,-0.06469035912847822,True,False,False,1.0
0.5303798295680233,1.0351564353784675,0.9228340602365452,0.468673460962337,-0.19378352871360946,1.0,1.0,1.0,0.16186917906961956,0.6098386544702943,False,True,False,1.0
-0.30098831841924056,-0.2830897985486923,0.18559975681912233,-0.9282435202873347,-1.2429837338686824,0.0,0.0,1.0,-0.3458258263869402,-0.8254683703906698,True,False,True,1.0
-0.7166723924128725,-1.4278191607340687,-0.7359431224526563,0.003034467212446404,0.5056832747231058,1.0,1.0,0.0,-1.2910135219162868,1.3702730442278508,True,False,True,1.0
-0.6335355776141461,-1.4928879876372376,0.0012911809647666106,1.399951448462118,-0.19378352871360946,0.0,1.0,0.0,-1.2726998744248679,0.14045167913869833,True,False,True,1.0
-1.2154932812052308,0.2254110339168118,-0.7359431224526563,-1.16106301716228,-1.59271713558704,1.0,1.0,0.0,0.44369586546534506,-1.328186631671874,False,False,True,1.0
-0.2178515036205142,0.6628181480992239,1.107142636090901,0.003034467212446404,-0.5435169304319671,1.0,0.0,0.0,0.05503956870300872,-0.40350116269872255,True,False,False,1.0
1.3617479775552872,-1.5916962062679751,0.0012911809647666106,1.399951448462118,-0.5435169304319671,0.0,1.0,1.0,-1.4751674216911113,0.6954004091244431,False,False,False,1.0
-1.2986300960039572,-1.0241514382792256,0.0012911809647666106,1.6327709453370634,0.15594987300474816,0.0,0.0,1.0,-1.1099118967233659,0.22154635423259048,False,True,True,1.0
-1.46490372560141,-1.2169479624367625,1.2914512119452566,0.9343124547122276,-0.5435169304319671,1.0,0.0,0.0,-0.9878209134472391,-0.6656843707353315,False,True,True,1.0
-0.1347146888217878,-0.7470064348027659,-1.2888688500157235,0.7014929578372823,0.5056832747231058,1.0,0.0,0.0,-0.1728636000790943,-0.8175650757840616,True,False,True,1.0
-0.7166723924128725,-1.56157174936836,0.18559975681912233,0.7014929578372823,0.15594987300474816,1.0,0.0,1.0,-1.412087080331779,1.03970915676885,True,False,False,1.0
0.9460639035616552,-1.316961159343485,1.6600683636539681,-1.16106301716228,0.15594987300474816,1.0,0.0,0.0,-0.9349148206942509,1.0788820082972554,True,False,False,1.0
-0.46726194801669335,-1.0518659386268716,0.7385254843821895,-0.2297850296624989,-0.8932503321503247,1.0,1.0,0.0,-0.8535208318435,1.2383223864479587,True,False,True,1.0
-1.1323564664065044,-0.8120752617059348,0.7385254843821895,1.6327709453370634,-0.5435169304319671,0.0,1.0,1.0,-0.44248118814720705,-0.12826033748597823,False,False,True,1.0
-1.6311773551988626,-1.3157561810675003,1.6600683636539681,-0.6954240234123894,0.5056832747231058,1.0,1.0,1.0,-1.19435816015602,-1.1044890321544005,True,False,False,1.0
-0.46726194801669335,1.466538658180957,-0.1830173948895891,1.6327709453370634,-0.5435169304319671,1.0,0.0,0.0,1.7775398577570283,-0.13135293102769457,True,False,True,1.0
0.9460639035616552,0.7363218229342849,0.9228340602365452,-1.6267020109121706,-1.59271713558704,1.0,0.0,0.0,-0.09045218636770878,1.6479192199730408,True,False,True,1.0
-0.051577874023061424,1.542452289567987,-0.3673259707439448,-1.3938825140372253,1.5548834798781788,1.0,0.0,0.0,0.049952444399836704,1.1878100252665937,False,True,True,1.0
-0.5503987628154198,-0.44937680063456814,1.2914512119452566,-0.6954240234123894,-0.19378352871360946,1.0,1.0,1.0,-0.9033746500145851,0.786116486348119,False,False,True,1.0
0.03155894077566496,-0.9157033934406109,-0.1830173948895891,-0.46260452653744416,-1.2429837338686824,0.0,1.0,0.0,-0.4801259079906795,-0.374636956309371,False,False,False,1.0
0.19783257037311774,0.5290655594649326,-0.5516345465983006,0.9343124547122276,-0.5435169304319671,1.0,0.0,0.0,-0.41501071691007857,0.5108756611353752,True,False,False,1.0
-0.6335355776141461,0.4133876449704103,-1.1045602741613676,1.6327709453370634,-0.19378352871360946,0.0,0.0,0.0,0.5790133719297189,0.5500485126637807,False,False,False,1.0
1.0292007183603815,-0.5301103451255368,0.0012911809647666106,0.23585396408739168,-0.8932503321503247,0.0,0.0,0.0,-0.5208229024160551,1.6015303168472974,False,True,False,1.0
0.696653459165476,0.9652676953713605,-0.5516345465983006,0.7014929578372823,-0.8932503321503247,0.0,0.0,1.0,0.05300471898173998,1.2610014057538776,True,False,True,1.0
-1.5480405404001363,1.5135328109443562,-0.7359431224526563,-0.46260452653744416,0.15594987300474816,0.0,0.0,0.0,2.518225156298863,1.5245590998090273,True,False,True,1.0
-0.9660828368090516,1.3147113954068963,1.6600683636539681,-0.6954240234123894,-0.19378352871360946,1.0,1.0,0.0,0.9300249488485828,0.1806553951810091,False,False,True,1.0
-0.051577874023061424,-0.9265481979244723,0.36990833267347806,1.6327709453370634,-1.59271713558704,0.0,1.0,0.0,-0.916601173202832,1.5991249663148517,False,False,True,1.0
-0.38412513321796693,0.24951059943650386,-0.7359431224526563,-1.6267020109121706,-0.19378352871360946,1.0,1.0,1.0,-0.3153030805679085,-1.171838847062887,False,True,True,1.0
0.03155894077566496,-0.19151144957386224,-1.6574860017244348,1.399951448462118,-1.59271713558704,1.0,0.0,0.0,0.15067750560264134,-0.762929256547075,False,False,False,1.0
0.19783257037311774,-0.26019521130498485,-0.5516345465983006,1.1671319515871728,-0.8932503321503247,0.0,1.0,1.0,-0.5889903680785591,-0.13959984713893792,True,False,True,1.0
-0.8829460220103252,0.0073099659635979235,-1.4731774258700792,-1.6267020109121706,1.205150078159821,0.0,1.0,0.0,-0.38245312136977816,0.2648426638166176,False,True,False,1.0
-1.5480405404001363,1.3243512216147728,1.107142636090901,0.003034467212446404,-0.5435169304319671,1.0,1.0,0.0,-0.14742797856323459,0.19199490483396878,True,False,False,1.0
0.7797902739642024,0.6760729091350546,0.9228340602365452,-1.3938825140372253,0.15594987300474816,1.0,1.0,1.0,1.6198390043586979,1.6963698521265953,False,True,True,1.0
-0.7166723924128725,-0.43009714821881445,-1.1045602741613676,-1.6267020109121706,-1.2429837338686824,0.0,0.0,1.0,0.12218960950487835,-0.6584683191379935,True,False,True,1.0
0.19783257037311774,-1.5663916624722987,-0.5516345465983006,1.1671319515871728,0.8554166764414635,1.0,1.0,1.0,-1.2930483716375558,1.6836558564550952,True,False,False,1.0
1.3617479775552872,-0.6421733247921052,1.6600683636539681,0.9343124547122276,1.5548834798781788,1.0,0.0,1.0,-0.6602101083229662,-0.5505711666825607,False,False,False,1.0
-0.5503987628154198,-0.36141338648769183,-1.6574860017244348,1.399951448462118,0.15594987300474816,0.0,0.0,0.0,-0.730412423706739,1.7049603897424737,True,False,False,1.0
-1.6311773551988626,0.6555882784433165,-0.5516345465983006,-0.2297850296624989,-1.59271713558704,1.0,0.0,1.0,1.4133017576499172,-1.5931188117455641,True,False,True,1.0
0.11469575557439135,-0.30357442924043065,-1.6574860017244348,-1.6267020109121706,0.15594987300474816,1.0,0.0,1.0,-0.2125431696438353,1.4444952892290406,True,False,False,1.0
-1.714314169997589,0.6073891474039319,1.2914512119452566,-0.2297850296624989,-0.19378352871360946,0.0,1.0,1.0,1.2444092307846089,0.6747831188463351,False,False,False,1.0
-0.1347146888217878,1.336401004374619,-0.9202516983070119,1.399951448462118,-0.5435169304319671,1.0,1.0,0.0,0.7285748264429739,-1.2151351566469142,False,True,False,1.0
0.3641061999705705,0.15070238080576606,0.36990833267347806,1.6327709453370634,-0.8932503321503247,1.0,1.0,0.0,-0.32954702861678997,1.4554911773773647,True,False,True,1.0
-1.5480405404001363,1.67138496509834,-1.1045602741613676,-1.3938825140372253,-0.19378352871360946,1.0,0.0,0.0,0.6095361177487503,-0.06056690107285642,True,False,False,1.0
1.52802160715274,-0.5939741937527209,-0.5516345465983006,-1.16106301716228,-0.8932503321503247,1.0,1.0,1.0,-0.2389962160203294,1.005690627809971,True,False,False,1.0
-1.714314169997589,-0.14331231853447793,1.107142636090901,-0.46260452653744416,0.5056832747231058,0.0,1.0,0.0,0.29209956123082137,0.03667798473888707,True,False,False,1.0
-1.5480405404001363,-0.808460326877981,0.18559975681912233,0.003034467212446404,-0.19378352871360946,0.0,1.0,1.0,-1.0509012548065713,-1.0776865547928598,True,False,True,1.0
1.3617479775552872,-1.1747737227773014,0.7385254843821895,0.23585396408739168,0.5056832747231058,1.0,1.0,1.0,-1.0213959338481742,-0.5127728011726959,True,False,True,1.0
-1.6311773551988626,0.7772910843177615,-0.7359431224526563,1.6327709453370634,0.15594987300474816,1.0,0.0,0.0,1.5353927409260437,-1.4487977797988068,True,False,True,1.0
-0.1347146888217878,1.538837354740033,0.9228340602365452,0.23585396408739168,-1.59271713558704,1.0,1.0,0.0,2.562991850166776,-0.05403809248478891,False,True,True,1.0
-1.5480405404001363,-1.6929143814506824,-1.1045602741613676,1.6327709453370634,0.5056832747231058,0.0,1.0,1.0,-1.3947908577009946,-0.4210258594351144,True,False,True,1.0
-0.9660828368090516,1.4050847661057417,-1.4731774258700792,-0.46260452653744416,0.5056832747231058,1.0,1.0,0.0,1.1213008226478476,0.12120887487913062,False,False,False,1.0
0.8629270887629288,0.2844549694400573,0.9228340602365452,0.7014929578372823,-1.59271713558704,1.0,0.0,1.0,0.03367364662968647,0.7775259487322407,False,False,True,1.0
-0.1347146888217878,-1.1615189617414705,0.7385254843821895,0.7014929578372823,-0.19378352871360946,0.0,1.0,0.0,-0.7120987762153199,-0.6663716137446017,False,True,True,1.0
1.6942952367501927,0.1711870114975046,-0.5516345465983006,0.003034467212446404,0.5056832747231058,1.0,0.0,0.0,0.5647694238808374,0.8355979830155791,False,True,False,1.0
-1.5480405404001363,0.8628445419126687,0.7385254843821895,-0.46260452653744416,0.5056832747231058,0.0,0.0,0.0,1.601525356867279,0.9500239440590794,False,False,True,1.0
-1.049219651607778,-1.6977342945546208,0.18559975681912233,0.468673460962337,0.8554166764414635,1.0,1.0,0.0,-1.5016204680676053,-0.7962605424966831,False,True,True,1.0
-0.5503987628154198,-0.49155104029402935,-1.4731774258700792,0.7014929578372823,0.15594987300474816,1.0,0.0,0.0,-0.67038435692931,0.6266761081974158,True,False,True,1.0
-1.3817669108026835,-0.5783094761649211,-1.4731774258700792,0.9343124547122276,-0.19378352871360946,0.0,1.0,0.0,-0.7548306203619642,-0.45538800989862804,True,False,False,1.0
-1.5480405404001363,-0.8903988496449342,-0.1830173948895891,-1.16106301716228,1.205150078159821,0.0,0.0,0.0,-0.851485982122231,1.5228409922858517,True,False,False,1.0
-0.5503987628154198,0.7290919532783774,-0.9202516983070119,0.9343124547122276,0.5056832747231058,0.0,1.0,1.0,1.0572030564278814,0.6466061554662541,False,False,True,1.0
-0.7998092072115989,-1.0277663731071793,0.36990833267347806,-0.9282435202873347,-0.19378352871360946,1.0,1.0,1.0,-0.8402943086552529,-0.014177997947112981,False,False,True,1.0
0.3641061999705705,1.7027144002739394,1.4757597877996123,1.399951448462118,1.205150078159821,0.0,1.0,1.0,2.2872697129348567,-0.538544414020331,False,False,True,1.0
1.3617479775552872,1.6978944871700012,-0.7359431224526563,0.003034467212446404,-0.19378352871360946,0.0,1.0,0.0,2.3645940023430705,1.0885034104270392,True,False,True,1.0
-1.5480405404001363,-0.3071893640683846,0.7385254843821895,0.9343124547122276,1.5548834798781788,1.0,1.0,0.0,-0.3203902048710805,-0.5945547192758581,True,False,True,1.0
-0.46726194801669335,-0.21802097164552367,0.7385254843821895,0.7014929578372823,-1.2429837338686824,1.0,1.0,0.0,-0.851485982122231,-1.6738698653348212,False,True,True,1.0
-0.30098831841924056,0.9291183470918222,-0.3673259707439448,-0.46260452653744416,1.5548834798781788,0.0,1.0,0.0,0.04690016981793378,-1.3409006273433741,False,False,False,1.0
-0.1347146888217878,0.9206834991599299,-0.1830173948895891,-0.46260452653744416,1.205150078159821,0.0,0.0,0.0,1.9301535868521864,0.3321924787251043,True,False,False,1.0
0.6135166443667497,1.0050319784788522,-0.7359431224526563,-1.3938825140372253,0.8554166764414635,0.0,1.0,0.0,1.0806038282224724,1.4420899386965942,True,False,False,1.0
-0.30098831841924056,1.2894068516112194,1.4757597877996123,-0.46260452653744416,-1.2429837338686824,1.0,0.0,0.0,0.04893501953920251,-0.4787542722138173,False,False,True,1.0
0.3641061999705705,0.126602815286074,-1.2888688500157235,0.7014929578372823,0.15594987300474816,1.0,1.0,0.0,-0.374313722484703,-0.9512338410871296,False,False,True,1.0
-0.38412513321796693,-0.8855789365409957,0.5542169085278338,-1.6267020109121706,-0.8932503321503247,1.0,1.0,1.0,-0.8413117335158874,-1.4986228979709018,False,True,True,1.0
-1.2986300960039572,1.0532311095182363,0.0012911809647666106,-1.16106301716228,0.15594987300474816,0.0,1.0,0.0,0.5973270194211379,0.7974559960010785,True,False,True,1.0
1.4448847923540136,-0.030044360591924946,-0.7359431224526563,1.1671319515871728,-0.5435169304319671,1.0,1.0,1.0,-0.012110472098860927,-1.5226764032953612,False,False,False,1.0
-0.9660828368090516,1.2436176771238043,0.7385254843821895,-1.3938825140372253,-0.5435169304319671,1.0,1.0,0.0,0.598344444281772,0.9156617935955658,True,False,False,1.0
-0.30098831841924056,0.2254110339168118,0.9228340602365452,0.003034467212446404,0.15594987300474816,1.0,1.0,1.0,-0.18914239784924433,-1.5804048160740642,False,False,True,1.0
0.9460639035616552,1.5436572678439713,0.5542169085278338,1.1671319515871728,-1.59271713558704,1.0,1.0,1.0,0.354162477729519,-0.18083442769515412,True,False,False,1.0
-0.7998092072115989,1.0098518915827905,-0.7359431224526563,1.6327709453370634,0.8554166764414635,0.0,0.0,0.0,0.14050325699629732,0.4466184397686046,False,False,False,1.0
-0.7998092072115989,-1.1651338965694245,0.9228340602365452,0.468673460962337,0.15594987300474816,1.0,0.0,1.0,-0.7243078745429328,-1.5281743473695233,True,False,False,1.0
-0.1347146888217878,0.2748151432321807,-0.3673259707439448,1.399951448462118,-1.2429837338686824,0.0,0.0,0.0,0.07945776535823423,-0.06469035912847822,False,True,True,1.0
-0.6335355776141461,1.5316074850841255,-1.2888688500157235,-0.9282435202873347,-1.2429837338686824,1.0,0.0,0.0,0.729592251303608,0.7720280046580786,True,False,False,1.0
0.8629270887629288,0.010924900791551666,0.0012911809647666106,0.468673460962337,0.5056832747231058,0.0,1.0,1.0,-0.3753311473453374,-0.6227316826559395,True,False,False,1.0
-0.30098831841924056,0.12419285873410486,-1.1045602741613676,1.399951448462118,-0.8932503321503247,1.0,0.0,1.0,0.297186685533993,1.202242128461269,True,False,False,1.0
0.03155894077566496,-1.2567122455442545,1.107142636090901,0.9343124547122276,-0.8932503321503247,0.0,1.0,0.0,-0.8341897594914467,-0.6567502116148178,False,True,False,1.0
0.3641061999705705,-1.6386903590313748,-0.9202516983070119,-1.3938825140372253,-0.5435169304319671,1.0,0.0,0.0,-1.445662100732714,1.1768141371182692,False,False,True,1.0
1.6111584219514663,1.1134800233174666,-0.5516345465983006,-1.16106301716228,-0.5435169304319671,1.0,0.0,0.0,0.9340946482911202,0.8170424217652815,False,False,False,1.0
-0.46726194801669335,0.4230274711782874,-1.2888688500157235,-0.2297850296624989,0.5056832747231058,0.0,1.0,1.0,0.8801711306774975,0.444900332245429,True,False,True,1.0
-1.2986300960039572,0.8001856715614691,-0.1830173948895891,0.468673460962337,1.205150078159821,0.0,0.0,1.0,0.025534247744611542,-0.060910522577491494,False,True,False,1.0
-1.2986300960039572,0.8809192160524376,0.18559975681912233,0.23585396408739168,1.5548834798781788,0.0,1.0,1.0,0.941216622315561,-1.378698992853239,True,False,False,1.0
1.6111584219514663,-0.9313681110284109,0.9228340602365452,-1.6267020109121706,-1.2429837338686824,1.0,0.0,0.0,-0.821980661163834,1.2926145841803103,False,True,False,1.0
1.2786111627565606,0.843564889496915,-1.1045602741613676,-0.6954240234123894,-0.5435169304319671,1.0,1.0,0.0,1.7622784848475126,-0.17568010512562712,True,False,True,1.0
-1.2986300960039572,-0.7759259134263965,0.18559975681912233,0.003034467212446404,0.8554166764414635,0.0,1.0,1.0,-0.6327396370858377,-0.15746816537996486,False,False,False,1.0
1.6111584219514663,0.2736101649561959,0.7385254843821895,-1.16106301716228,-0.8932503321503247,0.0,0.0,0.0,0.16288660393025411,-0.73784488670871,True,False,True,1.0
1.1123375331591079,1.100225262281636,-0.9202516983070119,-0.46260452653744416,-1.59271713558704,1.0,0.0,0.0,1.1945554126135236,-0.4976534549687497,True,False,False,1.0
0.9460639035616552,0.4386921887660872,1.107142636090901,-0.6954240234123894,0.8554166764414635,0.0,0.0,1.0,0.07030094161252476,-0.27258136943273553,True,False,True,1.0
-1.5480405404001363,1.173728937116697,0.9228340602365452,0.7014929578372823,-1.2429837338686824,1.0,0.0,1.0,-0.2929197336339521,-1.6759315943626318,True,False,True,1.0
-1.714314169997589,-1.448303791425807,-0.1830173948895891,0.468673460962337,0.15594987300474816,0.0,1.0,1.0,-1.204532408762364,1.5592648717771755,False,False,True,1.0
0.5303798295680233,-0.9048585889567494,1.4757597877996123,0.7014929578372823,1.205150078159821,1.0,0.0,0.0,-0.963402716792014,1.2585960552214315,True,False,True,1.0
-0.6335355776141461,1.1291447409052668,0.36990833267347806,0.468673460962337,-0.8932503321503247,0.0,0.0,0.0,2.162126455076827,-0.29491676723401933,True,False,True,1.0
-1.2986300960039572,0.9315283036437914,1.4757597877996123,-1.16106301716228,-1.59271713558704,1.0,0.0,0.0,-0.37634857220597195,1.4761084676554725,True,False,False,1.0
0.9460639035616552,1.6484903778546323,-1.4731774258700792,-1.3938825140372253,0.8554166764414635,1.0,0.0,1.0,0.3602670268933252,1.2754335089485533,False,True,True,1.0
1.52802160715274,-1.5386771621246527,0.0012911809647666106,1.1671319515871728,1.5548834798781788,0.0,0.0,1.0,-1.2136892325080733,0.5119065256492807,False,False,True,1.0
-0.5503987628154198,-1.098860091390271,-0.5516345465983006,1.1671319515871728,1.205150078159821,1.0,0.0,1.0,-0.6195131138975907,0.7723716261627139,False,False,False,1.0
-0.5503987628154198,-0.2156110150935543,1.2914512119452566,-1.16106301716228,1.5548834798781788,0.0,0.0,1.0,-0.24815303976603886,-0.8660157079376158,True,False,False,1.0
-0.6335355776141461,-0.8662992841252419,-0.7359431224526563,-1.16106301716228,0.15594987300474816,1.0,0.0,0.0,-0.9430542195793262,1.3785199603390943,False,True,False,1.0
0.5303798295680233,-0.8156901965338885,0.9228340602365452,1.6327709453370634,-1.59271713558704,0.0,1.0,0.0,-1.1088944718627314,-1.136102210580833,False,False,True,1.0
0.7797902739642024,0.012129879067536247,0.0012911809647666106,0.468673460962337,-1.59271713558704,0.0,1.0,1.0,-0.3549826501326497,1.2276701198042694,True,False,False,1.0
1.3617479775552872,0.7206571053464851,1.4757597877996123,-1.16106301716228,-0.8932503321503247,0.0,0.0,1.0,1.4601033012390991,1.6211167426115005,False,False,False,1.0
-0.7998092072115989,0.8809192160524376,-0.9202516983070119,-1.16106301716228,1.205150078159821,1.0,0.0,1.0,0.8832234052594008,-0.18323977822760007,True,False,True,1.0
0.8629270887629288,-0.6253036289283206,0.5542169085278338,1.399951448462118,1.205150078159821,0.0,1.0,0.0,-0.4465508875897447,1.3170117110094046,False,False,True,1.0
1.6942952367501927,-1.1229596569099634,-0.1830173948895891,-0.6954240234123894,0.5056832747231058,1.0,1.0,0.0,-0.688698004420729,0.5703221814372534,True,False,False,1.0
-1.049219651607778,0.5097859070491789,0.36990833267347806,-0.6954240234123894,-1.2429837338686824,0.0,0.0,0.0,-0.20847347020129783,-1.2354088254203874,False,False,False,1.0
0.5303798295680233,-1.595311141095929,1.107142636090901,-1.3938825140372253,1.5548834798781788,1.0,1.0,0.0,-1.4710977222485737,-0.48837567434360113,True,False,True,1.0
0.3641061999705705,0.098888314938428,0.5542169085278338,0.23585396408739168,-1.59271713558704,0.0,1.0,0.0,0.640058863567782,0.0016285912661030708,False,False,False,1.0
-1.2154932812052308,-0.24091555888923114,-1.2888688500157235,-0.6954240234123894,0.15594987300474816,0.0,1.0,1.0,-0.8138412622787587,1.4503368548078375,True,False,True,1.0
1.0292007183603815,-0.9506477634441645,-0.7359431224526563,1.399951448462118,0.8554166764414635,1.0,1.0,0.0,-0.5248926018585925,0.11502368779569817,True,False,True,1.0
-0.38412513321796693,-0.10716297025493984,-1.4731774258700792,0.9343124547122276,-1.2429837338686824,0.0,0.0,1.0,-0.4434986130078414,0.6517604780357809,True,False,True,1.0
-0.5503987628154198,0.8905590422603147,-0.3673259707439448,-1.3938825140372253,-1.59271713558704,0.0,1.0,0.0,1.2484789302271462,1.1678799779977553,False,False,True,1.0
0.5303798295680233,0.8074155412173767,0.9228340602365452,1.1671319515871728,1.5548834798781788,1.0,1.0,0.0,1.1050220248776974,1.4276578355019185,False,False,True,1.0
0.6135166443667497,1.3424258957545423,0.5542169085278338,0.23585396408739168,0.15594987300474816,0.0,1.0,1.0,1.6707102473904178,1.0637626620933092,False,False,True,1.0
0.03155894077566496,-1.1964633317450242,-0.5516345465983006,-1.16106301716228,-0.5435169304319671,1.0,0.0,0.0,-1.2482816777696428,-0.7416247232596965,True,False,True,1.0
-0.7998092072115989,0.8724843681205453,0.18559975681912233,1.1671319515871728,-0.8932503321503247,0.0,1.0,0.0,-0.26850153697872675,0.12086525337449555,True,False,False,1.0
1.4448847923540136,1.3014566343710656,0.5542169085278338,-0.46260452653744416,0.8554166764414635,1.0,0.0,1.0,1.6198390043586979,0.4541781128705776,True,False,False,1.0
-1.6311773551988626,-0.35177356027981493,-0.7359431224526563,0.003034467212446404,0.15594987300474816,1.0,1.0,1.0,0.2798904629032086,-0.9137790970818997,False,False,False,1.0
-1.6311773551988626,0.9821373912351445,0.36990833267347806,1.6327709453370634,-1.2429837338686824,1.0,0.0,1.0,1.9576240580893154,1.580225783559919,True,False,True,1.0
-0.9660828368090516,0.31096449151171857,-0.1830173948895891,0.9343124547122276,0.15594987300474816,0.0,0.0,0.0,-0.47605620854814185,0.5847542846319292,False,True,False,1.0
-0.7998092072115989,-0.19633136267780077,-1.1045602741613676,-1.3938825140372253,0.15594987300474816,1.0,0.0,0.0,0.5250898543160962,0.33116161421119883,True,False,False,1.0
1.52802160715274,0.8459748460488842,1.4757597877996123,-0.6954240234123894,-0.8932503321503247,1.0,0.0,0.0,1.822306551624941,-0.025173886095437352,False,True,True,1.0
-0.6335355776141461,0.24830562116051907,-1.2888688500157235,-1.16106301716228,1.205150078159821,1.0,1.0,0.0,-0.03144154445091425,1.3204479260557562,True,False,True,1.0
1.6111584219514663,0.4073627535904872,1.6600683636539681,1.399951448462118,1.5548834798781788,1.0,0.0,1.0,-0.3448084015263059,0.0521409524474683,True,False,True,1.0
0.5303798295680233,0.04707424907108995,-0.1830173948895891,0.003034467212446404,1.205150078159821,0.0,1.0,0.0,0.24529801764163942,1.5056599170540947,False,True,False,1.0
1.6111584219514663,-0.407202560975107,-1.6574860017244348,1.399951448462118,1.205150078159821,0.0,1.0,1.0,-0.5065789543671736,0.3301307496972934,True,False,True,1.0
-1.5480405404001363,-0.6747077382436896,1.6600683636539681,0.23585396408739168,-1.2429837338686824,0.0,1.0,1.0,-0.5014918300640016,-0.634414813813534,True,False,True,1.0
-0.8829460220103252,-0.679527651347628,-1.2888688500157235,-1.16106301716228,-1.2429837338686824,1.0,1.0,0.0,-0.24306591546286702,-1.2409067694945495,True,False,True,1.0
-0.8829460220103252,-0.3493636037278458,-1.2888688500157235,-0.46260452653744416,-0.5435169304319671,1.0,0.0,0.0,-0.8372420340733497,-0.9976227442128731,True,False,False,1.0
-0.8829460220103252,0.8785092595004684,1.4757597877996123,-0.9282435202873347,-1.59271713558704,0.0,0.0,0.0,1.2179561844081146,-1.247435578082617,True,False,True,1.0
0.11469575557439135,0.004900009411628547,-0.3673259707439448,-0.6954240234123894,-0.5435169304319671,0.0,0.0,0.0,0.7824983440565966,0.9916021461199307,True,False,False,1.0
1.1954743479578342,-1.583261358336083,-1.1045602741613676,0.003034467212446404,0.15594987300474816,1.0,0.0,1.0,-1.4619408985028641,0.8850794796830387,False,True,True,1.0
0.9460639035616552,-0.5240854537456137,-1.1045602741613676,1.1671319515871728,-1.2429837338686824,0.0,0.0,0.0,-0.8423291583765216,-0.7460918028199534,False,False,True,1.0
0.5303798295680233,-0.3469536471758766,0.9228340602365452,-1.16106301716228,-1.59271713558704,0.0,1.0,0.0,-0.8270677854670059,0.016404315965414164,True,False,True,1.0
1.4448847923540136,0.5314755160169018,1.6600683636539681,-1.16106301716228,0.5056832747231058,1.0,1.0,1.0,-0.025336995287107873,1.1369540425805935,False,False,False,1.0
0.3641061999705705,1.1785488502206358,1.2914512119452566,-0.9282435202873347,-0.5435169304319671,1.0,1.0,0.0,0.936129498012389,0.008157399854170825,False,False,False,1.0
0.19783257037311774,1.125529806077313,0.7385254843821895,0.7014929578372823,1.5548834798781788,1.0,1.0,0.0,0.6563376613379323,0.005752049321724862,True,False,False,1.0
-0.5503987628154198,-1.112114852426102,-0.7359431224526563,0.468673460962337,1.205150078159821,0.0,1.0,0.0,-0.625617663061397,-0.6986720351803044,False,False,False,1.0
-0.1347146888217878,-0.2999594944124769,0.18559975681912233,0.7014929578372823,1.5548834798781788,0.0,1.0,1.0,-0.284780334748877,-1.3670158616956445,True,False,True,1.0
0.2809693851718441,1.5195577023242792,-0.1830173948895891,-0.46260452653744416,0.8554166764414635,0.0,0.0,1.0,2.078697616504807,-0.8289045854370212,True,False,True,1.0
-0.30098831841924056,1.2520525250556966,0.5542169085278338,-1.16106301716228,-0.19378352871360946,0.0,1.0,1.0,-0.03245896931154862,1.1953696983685667,True,False,True,1.0
-1.049219651607778,0.7688562363858692,-1.6574860017244348,1.399951448462118,1.5548834798781788,1.0,0.0,0.0,1.4926608967793993,-0.2478406210990058,True,False,True,1.0
-0.9660828368090516,-0.6602479989318744,1.4757597877996123,0.9343124547122276,-1.2429837338686824,0.0,0.0,0.0,-0.5879729432179247,-0.4821904872601687,False,False,True,1.0
-0.30098831841924056,1.085765522969821,0.18559975681912233,-1.3938825140372253,0.5056832747231058,1.0,0.0,0.0,-0.22271741825017916,-0.2894188231598573,True,False,False,1.0
-1.6311773551988626,-1.5543418797124526,-0.5516345465983006,0.23585396408739168,0.15594987300474816,1.0,1.0,0.0,-1.244211978327105,0.722546507990619,True,False,True,1.0
0.2809693851718441,0.49532616773736354,0.36990833267347806,0.9343124547122276,-1.2429837338686824,0.0,1.0,1.0,0.2656465148543271,-1.683491267464605,True,False,False,1.0
0.6135166443667497,0.2772250997841499,1.4757597877996123,-1.3938825140372253,1.205150078159821,0.0,1.0,1.0,0.7133134535334579,1.5534233061983782,True,False,False,1.0
-0.38412513321796693,1.5653468768116943,1.107142636090901,-0.9282435202873347,-1.2429837338686824,0.0,0.0,1.0,0.7957248672448435,0.01984053101176533,True,False,True,1.0
-1.049219651607778,1.0508211529662672,0.18559975681912233,-0.2297850296624989,1.5548834798781788,1.0,1.0,1.0,1.0104015128386994,-0.6333839492996286,False,False,True,1.0
-0.30098831841924056,0.35193375289519563,0.36990833267347806,-1.3938825140372253,-1.2429837338686824,0.0,1.0,0.0,-0.13623630509625617,-1.3927874745432798,True,False,True,1.0
-1.049219651607778,-0.022814490936017246,-1.4731774258700792,0.003034467212446404,-0.19378352871360946,1.0,1.0,1.0,-0.2593447132330173,-0.37394971330010085,False,False,False,1.0
-0.051577874023061424,-1.3121412462395463,0.18559975681912233,0.9343124547122276,-1.2429837338686824,1.0,0.0,0.0,-1.357146137857522,1.24244584450358,True,False,True,1.0
0.4472430147692969,0.5796746470562859,-1.6574860017244348,-0.6954240234123894,-0.19378352871360946,1.0,1.0,0.0,0.752993023098199,1.4616763644607973,False,False,False,1.0
-0.5503987628154198,1.6448754430266783,0.0012911809647666106,0.468673460962337,-0.19378352871360946,0.0,1.0,1.0,1.4173714570924547,0.016060694460778853,True,False,False,1.0
0.3641061999705705,1.6762048782022783,-0.5516345465983006,0.468673460962337,-0.19378352871360946,0.0,0.0,0.0,2.2313113455999654,-1.4405508636875637,False,False,True,1.0
0.2809693851718441,-0.7518263479067044,-1.2888688500157235,1.399951448462118,0.8554166764414635,1.0,0.0,1.0,-0.5828858189147527,-1.6453492804501049,True,False,True,1.0
1.0292007183603815,0.5447302770527325,-1.4731774258700792,-1.6267020109121706,-0.5435169304319671,0.0,1.0,0.0,0.5606997244382996,1.4345302655946213,False,False,False,1.0
1.6942952367501927,-1.6121808369597137,1.4757597877996123,-1.16106301716228,-1.59271713558704,0.0,0.0,1.0,-1.2523513772121802,-1.0027770667824,True,False,True,1.0
-0.2178515036205142,-0.16620690577818562,1.2914512119452566,0.003034467212446404,-0.5435169304319671,0.0,1.0,1.0,-0.0843476372039024,-1.010336739884373,False,True,True,1.0
0.11469575557439135,-1.1868235055371474,1.2914512119452566,0.9343124547122276,1.5548834798781788,1.0,0.0,1.0,-0.7985798893692431,-0.37498057781400607,True,False,False,1.0
-1.3817669108026835,1.2580774164356199,-1.4731774258700792,-1.6267020109121706,-1.59271713558704,1.0,1.0,1.0,2.094976414274957,-1.683491267464605,False,False,True,1.0
-0.7998092072115989,-0.7120620647992124,1.107142636090901,1.399951448462118,-0.8932503321503247,0.0,1.0,0.0,-0.33870385236249945,-1.4175282228770096,True,False,False,1.0
0.6135166443667497,0.24830562116051907,1.6600683636539681,0.003034467212446404,-1.2429837338686824,1.0,1.0,1.0,1.0683947298948595,1.1915898618175802,True,False,True,1.0
0.4472430147692969,-1.7652130780097588,0.0012911809647666106,1.1671319515871728,-0.19378352871360946,0.0,1.0,0.0,-1.545369737074884,-0.7639601210609804,True,False,False,1.0
-0.7166723924128725,-0.47709130098221414,1.6600683636539681,1.6327709453370634,0.15594987300474816,0.0,0.0,0.0,0.05605699356364326,-0.7704889296490479,True,False,False,1.0
0.11469575557439135,-0.48432117063812163,0.5542169085278338,0.7014929578372823,0.5056832747231058,0.0,1.0,1.0,-0.7049768021908792,1.6943081230987844,True,False,False,1.0
1.2786111627565606,1.5340174416360948,-0.3673259707439448,0.003034467212446404,0.15594987300474816,0.0,1.0,0.0,0.490497409054527,0.21879738219550918,False,False,False,1.0
0.11469575557439135,-0.33610884269201496,-1.6574860017244348,0.9343124547122276,0.8554166764414635,1.0,0.0,1.0,0.28396016234574606,-1.6048019429031588,False,False,False,1.0
0.03155894077566496,1.6304157037148632,-0.9202516983070119,-0.6954240234123894,1.205150078159821,0.0,1.0,1.0,1.794836080387813,0.8142934497282005,True,False,False,1.0
-0.30098831841924056,-0.19994629750575452,1.6600683636539681,-0.6954240234123894,-0.8932503321503247,1.0,1.0,1.0,-0.5696592957265055,-0.2856389866088708,False,False,False,1.0
-1.2154932812052308,-0.26863005923687716,-0.5516345465983006,0.23585396408739168,0.8554166764414635,0.0,0.0,0.0,0.4345390417196356,-0.012803511928572466,True,False,True,1.0
1.1954743479578342,0.19890151184515018,0.5542169085278338,0.7014929578372823,-0.5435169304319671,0.0,1.0,1.0,-0.13318403051435307,0.8362852260248492,True,False,True,1.0
1.2786111627565606,-1.7579832083538511,0.7385254843821895,-0.6954240234123894,-1.2429837338686824,0.0,1.0,0.0,-1.5067075923707773,-1.1876454362761035,True,False,False,1.0
1.0292007183603815,-0.250555385097108,-0.1830173948895891,-0.2297850296624989,1.5548834798781788,1.0,1.0,0.0,-0.2125431696438353,0.4933509643989831,False,True,True,1.0
-1.6311773551988626,-0.06498873059547844,0.7385254843821895,-0.46260452653744416,-0.5435169304319671,1.0,0.0,0.0,0.4996542328002365,-0.39628511110138465,True,False,True,1.0
1.6942952367501927,0.6543833001673317,-1.2888688500157235,0.7014929578372823,1.205150078159821,1.0,0.0,0.0,0.49761938307896775,1.0414272642920255,True,False,False,1.0
0.7797902739642024,-1.7242438166262821,0.5542169085278338,-0.6954240234123894,-0.5435169304319671,1.0,0.0,0.0,-1.5046727426495086,-0.5632851623540608,False,False,True,1.0
0.19783257037311774,-0.7204969127311047,-0.7359431224526563,-0.2297850296624989,0.8554166764414635,0.0,0.0,0.0,-1.0132565349630989,0.18374798872272544,True,False,True,1.0
-0.051577874023061424,0.30614457840778025,0.0012911809647666106,-1.16106301716228,-0.19378352871360946,1.0,0.0,0.0,-0.38245312136977816,0.7720280046580786,True,False,False,1.0
-0.6335355776141461,-0.9265481979244723,-1.2888688500157235,0.003034467212446404,-1.2429837338686824,0.0,0.0,0.0,-0.7263427242642014,-1.0240816000697786,False,True,False,1.0
-0.6335355776141461,0.41700257979836425,1.2914512119452566,-1.16106301716228,-1.2429837338686824,1.0,1.0,1.0,0.8669446074892506,0.5287439793764022,True,False,False,1.0
-0.5503987628154198,1.6593351823384936,0.9228340602365452,-0.6954240234123894,-0.19378352871360946,1.0,1.0,0.0,1.4143191825105514,1.4826372762435407,True,False,True,1.0
-1.714314169997589,0.9146586077800067,1.4757597877996123,1.1671319515871728,-1.2429837338686824,1.0,1.0,1.0,1.0561856315672469,1.133174206029607,True,False,True,1.0
-1.049219651607778,0.9098386946760684,0.0012911809647666106,1.399951448462118,0.8554166764414635,0.0,1.0,1.0,1.7012329932094492,-0.16777681051901908,False,False,False,1.0
0.19783257037311774,0.8483848026008532,0.7385254843821895,-1.16106301716228,0.15594987300474816,0.0,0.0,1.0,1.321733520192822,0.6641308522026458,True,False,True,1.0
0.9460639035616552,-1.463968509013607,-0.5516345465983006,1.399951448462118,1.5548834798781788,0.0,1.0,0.0,-1.270665024703599,1.300517878786918,True,False,False,1.0
-0.7166723924128725,-1.672429750758944,-1.1045602741613676,-0.6954240234123894,0.15594987300474816,0.0,0.0,1.0,-1.3418847649480063,-1.1677153890072653,False,False,True,1.0
1.3617479775552872,1.4219544619695264,-0.5516345465983006,-1.6267020109121706,1.205150078159821,0.0,0.0,1.0,1.869108095214123,0.6287378372252267,True,False,False,1.0
1.1123375331591079,-0.4132274523550299,-1.6574860017244348,-0.46260452653744416,1.205150078159821,1.0,1.0,0.0,-0.034493819032817355,0.3373468012946313,True,False,True,1.0
-1.6311773551988626,0.04707424907108995,-0.5516345465983006,-1.6267020109121706,-1.59271713558704,0.0,1.0,0.0,-0.4882653068757546,-1.1934870018549006,True,False,False,1.0
0.696653459165476,1.0966103274536825,0.5542169085278338,0.003034467212446404,-0.8932503321503247,1.0,1.0,1.0,1.025662885748215,1.2469129240638372,True,False,True,1.0
1.1123375331591079,-0.9229332630965186,0.36990833267347806,0.7014929578372823,-0.19378352871360946,0.0,1.0,1.0,-1.1241558447722473,-1.524738132323172,False,False,True,1.0
-1.6311773551988626,0.2061313815010581,-0.5516345465983006,-0.2297850296624989,1.205150078159821,0.0,1.0,1.0,0.8913628041444758,-1.0185836559956163,False,True,False,1.0
-0.051577874023061424,-1.6338704459274367,-0.9202516983070119,-0.46260452653744416,-0.8932503321503247,1.0,0.0,0.0,-1.4690628725273047,-0.41690240137949286,False,False,False,1.0
1.4448847923540136,-0.1854865581939391,0.9228340602365452,-0.9282435202873347,1.205150078159821,1.0,1.0,1.0,-0.6764889060931164,0.2899270336549824,True,False,False,1.0
-0.9660828368090516,-1.5856713148880524,-1.2888688500157235,-0.2297850296624989,0.5056832747231058,1.0,1.0,0.0,-1.3683378113245006,0.5287439793764022,True,False,True,1.0
-1.3817669108026835,-1.049455982074902,-0.3673259707439448,1.6327709453370634,1.205150078159821,1.0,0.0,1.0,-0.6948025535845354,-1.02751781511613,False,False,True,1.0
1.3617479775552872,-0.881964001713042,0.9228340602365452,0.7014929578372823,0.8554166764414635,0.0,0.0,0.0,-1.1434869171243007,0.7139559703747407,True,False,True,1.0
0.2809693851718441,-0.9747473289638566,0.9228340602365452,-1.6267020109121706,-1.59271713558704,0.0,1.0,1.0,-0.7334646982886422,-0.6608736696704395,False,False,False,1.0
0.3641061999705705,1.0568460443461902,1.2914512119452566,0.003034467212446404,0.8554166764414635,1.0,1.0,1.0,1.5669329116057096,-1.7051394222566185,True,False,False,1.0
-1.2986300960039572,-0.9542626982721183,0.18559975681912233,0.9343124547122276,1.205150078159821,1.0,1.0,1.0,-0.630704787364569,-1.272519947920982,False,False,True,1.0
0.4472430147692969,-0.8554544796413805,0.9228340602365452,-0.46260452653744416,-1.2429837338686824,0.0,1.0,0.0,-0.35091295069011225,-0.5419806290666822,True,False,True,1.0
-1.2154932812052308,0.19167164218924268,-1.2888688500157235,0.003034467212446404,0.5056832747231058,0.0,1.0,0.0,0.5047413571034085,-1.378698992853239,True,False,False,1.0
0.5303798295680233,1.7051243568259087,-1.1045602741613676,-0.46260452653744416,-1.59271713558704,0.0,1.0,0.0,0.6614247856411042,1.0194354879953769,False,False,False,1.0
-0.7998092072115989,-1.0795804389745174,-1.6574860017244348,1.399951448462118,-1.2429837338686824,1.0,1.0,0.0,-0.6622449580442349,0.030149176150819565,True,False,True,1.0
-0.46726194801669335,1.143604480217082,-0.7359431224526563,-0.46260452653744416,-0.19378352871360946,1.0,0.0,1.0,1.3308903439385316,0.3366595582853609,True,False,True,1.0
1.1123375331591079,-0.2794748637207386,0.9228340602365452,-0.2297850296624989,-1.2429837338686824,0.0,1.0,1.0,-0.4262023903770568,1.3623697496212428,True,False,True,1.0
-1.2986300960039572,0.7857259322496538,-1.2888688500157235,-0.46260452653744416,-1.2429837338686824,0.0,0.0,0.0,1.3614130897575634,0.7524415788938761,False,True,False,1.0
-1.049219651607778,0.4001328839345797,0.7385254843821895,0.7014929578372823,-0.8932503321503247,0.0,1.0,0.0,-0.5320145758830332,0.9562091311425116,False,False,False,1.0
-1.46490372560141,0.35193375289519563,0.7385254843821895,1.399951448462118,0.8554166764414635,0.0,0.0,0.0,0.9290075239879483,-0.4808160012416282,True,False,False,1.0
1.6942952367501927,0.9327332819197757,0.5542169085278338,0.23585396408739168,1.205150078159821,1.0,1.0,0.0,0.4091034202037759,1.477139332169378,True,False,False,1.0
-0.38412513321796693,-1.5519319231604833,0.9228340602365452,-0.2297850296624989,1.5548834798781788,1.0,1.0,0.0,-1.262525625818524,-0.9897194496062649,False,False,True,1.0
-1.6311773551988626,0.9869573043390834,-0.3673259707439448,1.1671319515871728,-0.19378352871360946,1.0,1.0,1.0,1.8192542770430384,1.037647427741039,True,False,False,1.0
0.4472430147692969,1.0074419350308215,1.6600683636539681,-0.2297850296624989,-0.8932503321503247,1.0,0.0,0.0,0.222914670707683,-0.5151781517051418,False,True,True,1.0
0.11469575557439135,-1.721833860074313,0.0012911809647666106,-1.16106301716228,-0.19378352871360946,0.0,0.0,1.0,-1.4466795255933484,-0.5258304183488308,True,False,False,1.0
-0.6335355776141461,-0.18910149302189308,-0.7359431224526563,0.003034467212446404,0.5056832747231058,0.0,0.0,0.0,-0.13420145537498746,1.1070589716773365,False,False,False,1.0
0.7797902739642024,-1.0940401782863327,-0.5516345465983006,0.468673460962337,1.205150078159821,1.0,1.0,1.0,-1.1282255442147848,1.3328183002226213,False,False,True,1.0
-0.051577874023061424,0.36277855737905707,-0.7359431224526563,-0.6954240234123894,1.5548834798781788,0.0,1.0,1.0,-0.022284720705204774,-0.9213387701838728,True,False,True,1.0
-1.2154932812052308,1.250847546779712,0.5542169085278338,-1.6267020109121706,1.5548834798781788,1.0,0.0,0.0,-0.06603398971248343,-0.7144786243935207,False,True,True,1.0
-1.049219651607778,-1.7615981431818049,-0.1830173948895891,-1.3938825140372253,-0.5435169304319671,0.0,1.0,1.0,-1.4426098261508107,-1.492094089382834,True,False,True,1.0
-0.7166723924128725,0.6146190170598399,-0.3673259707439448,0.468673460962337,-1.59271713558704,1.0,1.0,1.0,-0.4455334627291103,0.7933325379454572,True,False,False,1.0
-1.1323564664065044,1.0158767829627138,1.4757597877996123,-0.6954240234123894,-1.59271713558704,0.0,0.0,1.0,-0.17896814924290047,1.6864048284921762,True,False,False,1.0
-0.46726194801669335,1.3460408305824962,0.9228340602365452,-0.46260452653744416,-0.19378352871360946,0.0,0.0,1.0,0.28802986178828355,-1.3611742961168471,False,False,False,1.0
-0.30098831841924056,1.1785488502206358,0.5542169085278338,1.1671319515871728,0.8554166764414635,1.0,1.0,1.0,1.6432397761532889,0.0435504148315899,True,False,True,1.0
-1.714314169997589,-0.22525084130143114,-1.2888688500157235,0.7014929578372823,0.15594987300474816,0.0,1.0,1.0,-0.12911433107181544,0.2050525220101038,True,False,False,1.0
-1.2986300960039572,1.0267215874465752,-0.1830173948895891,-1.3938825140372253,1.5548834798781788,0.0,1.0,1.0,0.18832222544611382,-0.18323977822760007,True,False,False,1.0
0.7797902739642024,0.8098254977693459,1.2914512119452566,-0.6954240234123894,1.5548834798781788,1.0,1.0,0.0,1.1548758430487827,-0.8179086972886968,False,False,True,1.0
1.52802160715274,-1.1615189617414705,-0.9202516983070119,-1.3938825140372253,-1.59271713558704,0.0,0.0,0.0,-1.049883829945937,-0.39422338207357377,True,False,False,1.0
0.2809693851718441,0.895378955364253,0.0012911809647666106,-0.46260452653744416,1.5548834798781788,1.0,0.0,1.0,0.1354161326931253,0.0067829138356303095,True,False,False,1.0
-0.5503987628154198,-0.42648221339086045,0.36990833267347806,-1.3938825140372253,0.15594987300474816,1.0,1.0,0.0,-0.3712614479027999,1.5541105492076488,True,False,False,1.0
1.3617479775552872,-0.2999594944124769,0.36990833267347806,-1.6267020109121706,1.5548834798781788,1.0,0.0,1.0,-0.4567251361960885,1.4077277882330808,True,False,True,1.0
-1.049219651607778,0.6712529960311162,0.5542169085278338,1.399951448462118,1.5548834798781788,0.0,0.0,1.0,-0.4089061677462722,0.8950445033174573,True,False,False,1.0
1.52802160715274,-1.7146039904184052,0.9228340602365452,0.9343124547122276,-0.5435169304319671,1.0,1.0,0.0,-1.4985681934857022,-1.3031022618335093,True,False,False,1.0
1.4448847923540136,1.177343871944651,1.107142636090901,1.1671319515871728,-1.2429837338686824,0.0,0.0,0.0,-0.05687716596677396,0.10093520610565747,True,False,False,1.0
0.11469575557439135,0.718247148794516,0.36990833267347806,1.6327709453370634,-0.19378352871360946,0.0,1.0,1.0,1.6615534236447078,0.05111008793356286,False,False,True,1.0
-1.6311773551988626,1.4062897443817266,0.9228340602365452,0.23585396408739168,1.5548834798781788,0.0,0.0,1.0,1.7907663809452756,1.153791496307715,False,False,True,1.0
-0.7998092072115989,1.5557070506038175,1.6600683636539681,1.399951448462118,1.205150078159821,0.0,1.0,1.0,2.688135108024806,-0.29285503820620845,True,False,True,1.0
0.2809693851718441,-0.019199556108063502,1.107142636090901,0.23585396408739168,0.15594987300474816,1.0,0.0,1.0,0.4457307151866138,-1.2680528683607253,False,False,False,1.0
-0.38412513321796693,0.6881226918949008,-1.1045602741613676,0.9343124547122276,0.5056832747231058,0.0,0.0,0.0,-0.09553931067088062,-0.8749498670581294,False,True,True,1.0
-1.3817669108026835,-0.5228804754696291,-0.5516345465983006,1.399951448462118,-1.59271713558704,0.0,1.0,0.0,-0.16472420119401918,0.6916205725734565,True,False,False,1.0
-1.2154932812052308,-0.35177356027981493,-1.1045602741613676,-0.9282435202873347,1.5548834798781788,1.0,1.0,0.0,-0.2634144126755547,-0.012459890423937399,True,False,True,1.0
-0.2178515036205142,1.483408354044741,-0.7359431224526563,-0.6954240234123894,-0.8932503321503247,1.0,1.0,1.0,1.5882988336790318,0.6445444264384432,True,False,True,1.0
-0.7998092072115989,0.2736101649561959,-1.6574860017244348,0.7014929578372823,-1.59271713558704,0.0,0.0,0.0,0.7468884739343928,-1.093836765510711,True,False,False,1.0
0.4472430147692969,-0.995231959655595,-1.1045602741613676,-0.2297850296624989,-0.19378352871360946,0.0,1.0,0.0,-1.076336876322431,1.685030342473636,False,True,True,1.0
-1.2154932812052308,0.3121694697877034,0.36990833267347806,-1.6267020109121706,0.15594987300474816,0.0,1.0,0.0,0.9330772234304857,-1.1182338923398059,True,False,False,1.0
0.7797902739642024,-0.7265218041110276,-0.3673259707439448,-1.16106301716228,-0.19378352871360946,0.0,1.0,0.0,-0.2949545833552208,-1.0804355268299408,True,False,False,1.0
1.1123375331591079,1.6027012033672172,0.0012911809647666106,0.468673460962337,-0.19378352871360946,1.0,1.0,0.0,0.20663587293753277,-0.8378387445575346,True,False,False,1.0
-1.049219651607778,-1.6254355979955444,0.5542169085278338,0.468673460962337,1.5548834798781788,1.0,1.0,0.0,-1.4273484532412948,0.7586267659773083,True,False,False,1.0
-0.46726194801669335,0.25794544736839614,-1.4731774258700792,-0.6954240234123894,0.8554166764414635,0.0,1.0,1.0,0.39892917159743185,-0.8818222971508322,False,True,False,1.0
-0.30098831841924056,0.3085545349597494,0.18559975681912233,-1.3938825140372253,1.5548834798781788,0.0,1.0,0.0,0.7214528524185331,0.7462563918104433,True,False,True,1.0
-0.5503987628154198,0.5664198860204553,-0.1830173948895891,0.003034467212446404,-0.5435169304319671,1.0,0.0,0.0,-0.3122508059860054,1.63314349527373,True,False,False,1.0
1.6942952367501927,1.538837354740033,0.5542169085278338,-1.3938825140372253,-0.8932503321503247,0.0,0.0,1.0,0.004168325671289301,-1.3161598790096443,True,False,True,1.0
-1.5480405404001363,-1.3145512027915158,1.2914512119452566,-0.2297850296624989,-0.19378352871360946,0.0,0.0,0.0,-1.031570182454518,-0.48459583779261467,False,False,False,1.0
0.6135166443667497,0.6073891474039319,-1.2888688500157235,1.399951448462118,-0.5435169304319671,1.0,0.0,1.0,-0.4312895146802288,-0.5955855837897636,True,False,False,1.0
-1.3817669108026835,0.5290655594649326,-0.5516345465983006,-0.46260452653744416,-1.59271713558704,1.0,0.0,1.0,1.2586531788334903,0.4005731581474965,True,False,True,1.0
0.8629270887629288,-0.26260516785695404,0.0012911809647666106,-0.9282435202873347,0.8554166764414635,0.0,1.0,1.0,0.15678205476644755,1.4049788161959995,False,False,True,1.0
-0.051577874023061424,0.9978021088229447,0.18559975681912233,-1.6267020109121706,0.8554166764414635,0.0,1.0,1.0,0.37552839980284125,0.07275824272557628,False,True,True,1.0
-1.1323564664065044,-0.2987545161364923,1.107142636090901,0.003034467212446404,-1.2429837338686824,0.0,0.0,0.0,0.17306085253659778,1.219423203693026,True,False,False,1.0
-0.8829460220103252,1.3424258957545423,-0.7359431224526563,-0.6954240234123894,1.205150078159821,0.0,0.0,1.0,0.49761938307896775,-1.5742196289906318,False,False,True,1.0
1.2786111627565606,-0.33249390786406124,0.18559975681912233,0.9343124547122276,1.5548834798781788,1.0,0.0,1.0,0.13846840727502857,1.1905589973036748,True,False,False,1.0
1.2786111627565606,1.542452289567987,1.6600683636539681,-1.16106301716228,0.8554166764414635,0.0,1.0,0.0,1.3003675981195002,0.09681174805003592,True,False,True,1.0
0.9460639035616552,0.5941343863681013,1.2914512119452566,-1.6267020109121706,0.5056832747231058,1.0,0.0,1.0,1.4753646741486148,-0.38425835843915485,True,False,False,1.0
0.696653459165476,1.0231066526186212,0.7385254843821895,-0.9282435202873347,-0.19378352871360946,0.0,0.0,1.0,1.8935262918693485,0.7311370456064975,True,False,True,1.0
0.696653459165476,-0.36382334303966096,1.2914512119452566,-1.6267020109121706,0.5056832747231058,1.0,0.0,0.0,-0.9511936184644012,0.04251955031768445,False,False,False,1.0
1.6942952367501927,-0.8277399792937346,0.18559975681912233,0.468673460962337,1.205150078159821,1.0,0.0,1.0,-0.46995165938433564,-1.6803986739228887,True,False,True,1.0
0.4472430147692969,-1.2133330276088088,-1.1045602741613676,0.9343124547122276,0.5056832747231058,0.0,0.0,1.0,-0.9471239190218637,-0.2694887758910192,True,False,False,1.0
0.5303798295680233,-0.4373270178747221,-1.4731774258700792,-0.46260452653744416,-0.8932503321503247,1.0,1.0,0.0,-0.9196534477847352,0.1421697866618739,True,False,False,1.0
0.3641061999705705,1.0267215874465752,0.9228340602365452,-1.6267020109121706,-0.5435169304319671,0.0,0.0,1.0,1.1945554126135236,-0.5316719839276283,True,False,True,1.0
-0.8829460220103252,1.1930085895324507,-1.2888688500157235,1.6327709453370634,0.8554166764414635,1.0,0.0,1.0,2.039018046940066,-0.8598305208541834,False,False,True,1.0
1.1123375331591079,0.06755887976282805,-1.6574860017244348,0.468673460962337,-0.5435169304319671,0.0,0.0,0.0,-0.18609012326734123,-0.9866268560645487,True,False,True,1.0
0.8629270887629288,0.8062105629413923,0.18559975681912233,0.468673460962337,-0.5435169304319671,1.0,0.0,1.0,-0.3987319191399284,-0.8319971789787374,False,False,True,1.0
-1.049219651607778,-1.4627635307376226,-0.7359431224526563,1.1671319515871728,-0.8932503321503247,1.0,1.0,1.0,-1.3897037333978226,0.04526852235476548,True,False,False,1.0
0.6135166443667497,0.9724975650272679,-0.7359431224526563,1.1671319515871728,0.15594987300474816,0.0,0.0,1.0,0.6013967188636753,1.592939779231419,False,False,True,1.0
1.1954743479578342,0.5652149077444709,-1.2888688500157235,0.468673460962337,-0.19378352871360946,0.0,0.0,0.0,0.47320118642374226,-1.1295734019927655,True,False,True,1.0
-0.5503987628154198,-0.12644262267069356,0.0012911809647666106,-0.9282435202873347,0.5056832747231058,0.0,0.0,1.0,-0.43942891356530395,-1.1804293846787655,False,False,False,1.0
0.8629270887629288,-1.4133594214222536,-1.6574860017244348,1.399951448462118,-0.8932503321503247,1.0,0.0,0.0,-1.1556960154519134,-0.3636410681610466,True,False,True,1.0
-1.46490372560141,-0.9554676765481029,-1.1045602741613676,-0.46260452653744416,-0.5435169304319671,1.0,0.0,0.0,-1.1567134403125476,0.12052163186986024,False,False,False,1.0
1.6111584219514663,-0.4819112140861525,-0.9202516983070119,-0.9282435202873347,-0.19378352871360946,0.0,0.0,1.0,-0.35294780041138096,1.4280014570065538,False,True,False,1.0
1.2786111627565606,1.6292107254388786,-0.3673259707439448,0.7014929578372823,-0.8932503321503247,1.0,0.0,0.0,2.0624188187346575,-0.6756493943697504,False,False,False,1.0
1.3617479775552872,1.0821505881418672,1.2914512119452566,0.468673460962337,-0.5435169304319671,1.0,0.0,0.0,1.6798670711361268,-0.9646350797679,False,False,True,1.0
-0.30098831841924056,-1.2543022889922855,1.4757597877996123,0.468673460962337,0.5056832747231058,1.0,0.0,1.0,-1.2513339523515459,-1.4329911905855908,True,False,False,1.0
1.1123375331591079,1.6039061816432016,-0.1830173948895891,0.7014929578372823,0.15594987300474816,0.0,0.0,1.0,1.9942513530721533,-0.39181803154112776,True,False,False,1.0
-1.5480405404001363,1.2424126988478197,-0.1830173948895891,0.23585396408739168,1.5548834798781788,1.0,1.0,0.0,0.6105535426093848,1.0170301374629305,True,False,True,1.0
-0.46726194801669335,-1.5314472924687448,-0.1830173948895891,-0.6954240234123894,1.205150078159821,1.0,1.0,1.0,-1.29406579649819,-1.0622235870842787,True,False,True,1.0
1.0292007183603815,0.12298788045812006,1.4757597877996123,0.23585396408739168,0.8554166764414635,1.0,1.0,0.0,-0.30309398224029593,1.4826372762435407,False,False,False,1.0
-0.6335355776141461,-1.6856845117947747,-1.6574860017244348,-1.3938825140372253,1.5548834798781788,0.0,0.0,1.0,-1.4110696554711448,0.5091575536121996,False,False,False,1.0
0.7797902739642024,-0.9494427851681799,0.9228340602365452,-0.2297850296624989,-1.2429837338686824,0.0,1.0,1.0,-1.0224133587088085,1.2589396767260668,False,False,True,1.0
-0.46726194801669335,0.31337444806368814,0.36990833267347806,1.1671319515871728,-1.2429837338686824,0.0,0.0,1.0,0.7804634943353275,1.7142381703676222,True,False,True,1.0
-0.1347146888217878,-1.5784414452321447,0.5542169085278338,0.23585396408739168,1.5548834798781788,1.0,0.0,1.0,-1.2106369579261702,1.4719850095998512,True,False,True,1.0
-1.049219651607778,0.4350772539381332,-0.5516345465983006,-1.3938825140372253,-0.8932503321503247,1.0,0.0,1.0,0.47828831072691425,-0.8660157079376158,False,False,True,1.0
-1.714314169997589,0.42543742773025656,-0.1830173948895891,-0.46260452653744416,-0.19378352871360946,1.0,0.0,0.0,-0.1352188802356218,0.03427263420644111,False,False,True,1.0
-1.2154932812052308,1.0460012398623288,0.9228340602365452,-0.6954240234123894,1.5548834798781788,1.0,1.0,0.0,1.8284111007887476,0.3287562636787529,True,False,False,1.0
-0.8829460220103252,1.4568988319730798,1.4757597877996123,-0.2297850296624989,-0.8932503321503247,0.0,0.0,1.0,0.9910704404866458,-0.6835526889763586,True,False,False,1.0
-0.30098831841924056,1.070100805382021,0.18559975681912233,0.9343124547122276,-1.2429837338686824,1.0,1.0,0.0,1.5537063884174627,-0.803132972589386,True,False,True,1.0
1.4448847923540136,-0.2541703199250617,-0.7359431224526563,1.1671319515871728,1.5548834798781788,1.0,0.0,0.0,-0.021267295844570405,-0.18083442769515412,True,False,True,1.0
1.1123375331591079,-0.1854865581939391,-1.6574860017244348,-1.16106301716228,0.8554166764414635,0.0,1.0,0.0,0.10285853715282485,-1.4773183646835233,True,False,True,1.0
1.6111584219514663,0.9255034122638682,-0.9202516983070119,0.7014929578372823,1.205150078159821,1.0,1.0,0.0,1.326820644495994,1.1823120811924313,False,False,True,1.0
1.1123375331591079,0.13503766321796631,0.0012911809647666106,0.23585396408739168,0.8554166764414635,0.0,0.0,0.0,0.9524082957825392,-0.9598243787030081,False,False,False,1.0
-1.1323564664065044,1.2279529595360046,1.6600683636539681,-0.9282435202873347,-0.19378352871360946,1.0,1.0,1.0,0.049952444399836704,1.3981063861032967,False,False,False,1.0
-0.8829460220103252,1.254462481607666,0.7385254843821895,0.7014929578372823,1.5548834798781788,0.0,0.0,1.0,1.0287151603301183,-0.0853076494065862,True,False,False,1.0
1.52802160715274,0.9724975650272679,0.9228340602365452,-1.3938825140372253,1.5548834798781788,1.0,0.0,1.0,1.0785689785012036,0.14148254365260354,True,False,False,1.0
-0.2178515036205142,0.4182075580743486,0.36990833267347806,1.6327709453370634,-1.2429837338686824,0.0,0.0,0.0,-0.47402135882687313,1.660289594139906,False,False,True,1.0
1.4448847923540136,-0.5903592589247671,-1.2888688500157235,-0.46260452653744416,-1.59271713558704,0.0,0.0,0.0,-1.0040997112173893,-1.6243883686673615,True,False,False,1.0
-1.714314169997589,0.5387053856728093,-0.3673259707439448,1.6327709453370634,0.5056832747231058,1.0,1.0,1.0,-0.4373940638440352,1.00294165577289,True,False,True,1.0
1.3617479775552872,0.7616263667299618,0.0012911809647666106,-1.3938825140372253,0.8554166764414635,0.0,1.0,1.0,-0.015162746680764026,0.49781804395923973,False,False,False,1.0
0.3641061999705705,1.058051022622175,0.5542169085278338,0.9343124547122276,-1.2429837338686824,1.0,0.0,1.0,-0.03245896931154862,0.6699724177814431,False,False,True,1.0
1.1954743479578342,-1.491683009361253,1.6600683636539681,1.6327709453370634,-0.5435169304319671,1.0,0.0,1.0,-1.3713900859064037,-0.7893881124039804,True,False,True,1.0
-1.5480405404001363,0.06996883631479721,-1.1045602741613676,-1.16106301716228,-0.8932503321503247,1.0,0.0,0.0,-0.1352188802356218,-0.5976473128175744,True,False,True,1.0
-1.2986300960039572,0.47363655876964067,-0.7359431224526563,-1.16106301716228,-0.5435169304319671,0.0,0.0,0.0,1.0195583365844088,-0.604519742910277,False,True,False,1.0
1.4448847923540136,-1.5013228355691297,-0.3673259707439448,0.468673460962337,-0.19378352871360946,1.0,0.0,0.0,-1.112964171305269,1.1689108425116608,True,False,True,1.0
-0.7166723924128725,-0.5289053668495522,-0.5516345465983006,-0.6954240234123894,0.5056832747231058,0.0,1.0,0.0,-0.7934927650660711,1.0665116341303906,True,False,True,1.0
0.5303798295680233,1.3725503526541574,-0.5516345465983006,0.9343124547122276,-1.2429837338686824,0.0,0.0,1.0,1.0510985072640748,1.691215529557068,True,False,False,1.0
1.1954743479578342,1.0664858705540674,0.0012911809647666106,0.003034467212446404,0.8554166764414635,0.0,0.0,0.0,1.4946957465006683,-0.5131164226773309,True,False,True,1.0
0.11469575557439135,0.14949740252978128,1.2914512119452566,1.399951448462118,0.15594987300474816,0.0,1.0,0.0,0.07945776535823423,-0.030671830169599658,True,False,False,1.0
0.5303798295680233,-0.830149935845704,-1.1045602741613676,1.399951448462118,0.8554166764414635,0.0,0.0,1.0,-0.6480010099953536,-0.2643344533214922,False,False,True,1.0
-1.2986300960039572,-0.2144060368175697,1.6600683636539681,-1.16106301716228,1.5548834798781788,0.0,1.0,0.0,0.28192531262447734,-1.2732071909302523,True,False,False,1.0
0.3641061999705705,0.27120020840422676,-1.1045602741613676,0.7014929578372823,-0.5435169304319671,1.0,1.0,1.0,0.5952921696998691,-1.5350467774622263,False,False,False,1.0
-0.1347146888217878,0.45315192807790255,-1.4731774258700792,1.6327709453370634,0.5056832747231058,1.0,1.0,1.0,1.0602553310097842,0.053171816961373505,True,False,True,1.0
-0.051577874023061424,0.5495501901566707,0.5542169085278338,1.1671319515871728,-0.8932503321503247,1.0,0.0,0.0,0.7886028932204028,-1.2972606962547117,False,False,False,1.0
0.9460639035616552,-1.7073741207624975,0.5542169085278338,1.399951448462118,1.205150078159821,1.0,1.0,0.0,-1.4395575515689076,0.7648119530607409,True,False,False,1.0
0.19783257037311774,-1.48565811798133,-1.4731774258700792,-1.16106301716228,-1.2429837338686824,0.0,0.0,1.0,-1.212671807647439,-1.425775138988253,False,False,False,1.0
0.19783257037311774,-0.278269885444754,-0.5516345465983006,-0.9282435202873347,-0.19378352871360946,1.0,0.0,1.0,0.03367364662968647,-0.690081497564426,False,True,False,1.0
0.19783257037311774,1.2207230898800967,-1.1045602741613676,0.468673460962337,-0.5435169304319671,0.0,0.0,0.0,2.2486075682307503,1.3860796334410672,True,False,True,1.0
-1.3817669108026835,-0.021609512660032665,-1.2888688500157235,0.468673460962337,-0.19378352871360946,0.0,0.0,0.0,0.06724866703062148,-1.6333225277878751,True,False,True,1.0
-0.1347146888217878,-1.7049641642105284,0.5542169085278338,0.9343124547122276,-0.8932503321503247,0.0,1.0,1.0,-1.463975748224133,1.3919211990198646,True,False,True,1.0
0.11469575557439135,-0.471066409602291,1.4757597877996123,0.9343124547122276,-0.19378352871360946,0.0,1.0,0.0,0.025534247744611542,-1.6102998869773208,True,False,False,1.0
-1.3817669108026835,0.9556278691634833,-1.2888688500157235,0.9343124547122276,-0.5435169304319671,1.0,1.0,1.0,-0.08333021234326804,-1.1007091956034138,True,False,True,1.0
1.3617479775552872,0.8568196505327456,-1.4731774258700792,0.003034467212446404,-1.2429837338686824,0.0,0.0,1.0,0.41622539422821664,-1.1745878190999681,True,False,True,1.0
0.3641061999705705,-0.5891542806487825,-1.4731774258700792,1.399951448462118,0.8554166764414635,0.0,0.0,1.0,-0.7100639264940513,-0.507962100107804,True,False,False,1.0
0.11469575557439135,-1.2916566155478084,1.6600683636539681,-0.46260452653744416,-0.5435169304319671,1.0,1.0,1.0,-1.3205188428746841,1.557203142749365,False,False,False,1.0
0.03155894077566496,-1.3832349645226385,-0.3673259707439448,0.003034467212446404,-1.2429837338686824,1.0,0.0,0.0,-1.207584683344267,-0.16399697396803237,False,True,True,1.0
-0.7998092072115989,1.3183263302348502,0.9228340602365452,0.7014929578372823,1.205150078159821,1.0,1.0,0.0,0.9493560212006359,-0.4811596227462633,False,False,False,1.0
-1.46490372560141,0.06273896665888973,-0.1830173948895891,-0.6954240234123894,0.5056832747231058,1.0,1.0,0.0,0.27683818832130536,-0.5316719839276283,True,False,False,1.0
-0.051577874023061424,-0.29634455958452316,-0.3673259707439448,-1.6267020109121706,1.5548834798781788,0.0,0.0,0.0,-0.484195607433217,-1.5216455387814558,True,False,True,1.0
-1.3817669108026835,1.7123542264818166,1.2914512119452566,-0.46260452653744416,0.8554166764414635,0.0,0.0,1.0,1.8802997686811012,0.7008983531986056,False,True,False,1.0
-0.46726194801669335,-0.3059843857923998,1.4757597877996123,-1.6267020109121706,-0.5435169304319671,1.0,1.0,0.0,-0.8901481268263379,0.9445259999849168,True,False,True,1.0
0.5303798295680233,-1.17959363588124,0.36990833267347806,0.9343124547122276,0.8554166764414635,0.0,0.0,0.0,-0.9379670952761542,-0.6165464955725068,False,False,True,1.0
0.9460639035616552,-1.1868235055371474,0.18559975681912233,0.9343124547122276,-1.2429837338686824,1.0,0.0,1.0,-1.0020648614961205,1.6369233318247165,True,False,False,1.0
-0.30098831841924056,-0.4047926044231376,-1.6574860017244348,-0.46260452653744416,1.205150078159821,1.0,1.0,0.0,-0.6632623829048693,0.8019230755613356,True,False,True,1.0
0.696653459165476,-1.2976815069277312,0.9228340602365452,-1.6267020109121706,0.15594987300474816,0.0,1.0,1.0,-0.9776466648408955,1.5407093105268785,False,True,False,1.0
-1.714314169997589,-1.6483301852392518,0.9228340602365452,-1.3938825140372253,1.205150078159821,0.0,1.0,1.0,-1.2981354959407276,0.9940074966523769,True,False,True,1.0
0.11469575557439135,1.3002516560950808,-0.7359431224526563,-0.9282435202873347,-1.2429837338686824,0.0,1.0,0.0,1.4295805554200673,-1.284890322087847,False,False,False,1.0
-0.051577874023061424,-0.42648221339086045,0.5542169085278338,-1.16106301716228,0.8554166764414635,1.0,1.0,1.0,0.17916540170040396,0.19062041881542802,True,False,True,1.0
-1.2154932812052308,-1.0096916989674103,-0.5516345465983006,-1.6267020109121706,-1.59271713558704,0.0,0.0,0.0,-1.0977027983957532,-1.5848718956343208,False,False,False,1.0
0.3641061999705705,-0.4059975826991222,-1.1045602741613676,-1.16106301716228,1.205150078159821,0.0,1.0,0.0,-0.7497434960587924,-0.020363185030545423,False,False,False,1.0
-0.6335355776141461,-0.03245431714389411,-1.4731774258700792,0.9343124547122276,-0.19378352871360946,0.0,0.0,1.0,0.6949998060420388,-0.4412995282085873,True,False,False,1.0
0.8629270887629288,1.4894332454246642,-0.7359431224526563,-0.46260452653744416,0.8554166764414635,1.0,0.0,1.0,2.2567469671158253,-0.34164929186439785,True,False,True,1.0
-1.5480405404001363,0.07599372769472033,0.9228340602365452,-1.16106301716228,1.205150078159821,1.0,0.0,1.0,0.13643355755375985,0.16278707693998212,False,False,False,1.0
1.3617479775552872,-0.7662860872185197,-0.7359431224526563,-1.6267020109121706,1.205150078159821,1.0,1.0,0.0,-0.6286699376433001,-0.9821597765042919,True,False,False,1.0
0.9460639035616552,1.2918168081631884,-0.9202516983070119,-1.3938825140372253,0.8554166764414635,1.0,1.0,0.0,2.237415894763772,-0.5625979193447904,True,False,True,1.0
-1.5480405404001363,-0.1457222750864473,1.6600683636539681,0.003034467212446404,-0.5435169304319671,1.0,1.0,1.0,-0.4831781825725826,0.9221906021836332,False,False,False,1.0
-1.714314169997589,1.691869595790078,-0.3673259707439448,0.468673460962337,0.15594987300474816,0.0,0.0,1.0,0.6777035834112545,0.3507480399754016,False,False,False,1.0
0.11469575557439135,-1.1530841138095784,1.4757597877996123,0.468673460962337,1.5548834798781788,0.0,0.0,0.0,-1.0427618559214962,-1.214791535142279,True,False,False,1.0
-1.049219651607778,1.0773306750379288,-1.6574860017244348,1.1671319515871728,0.8554166764414635,1.0,1.0,1.0,1.8914914421480795,-1.4965611689430907,True,False,False,1.0
-1.714314169997589,-0.10475301370297047,0.18559975681912233,-0.2297850296624989,-1.59271713558704,1.0,1.0,0.0,0.1720434276759636,-1.1065507611822114,True,False,False,1.0
-0.2178515036205142,-0.04570907817972493,1.6600683636539681,0.003034467212446404,1.205150078159821,1.0,1.0,1.0,0.25648969110861763,-0.4973098334641146,True,False,True,1.0
0.03155894077566496,1.3327860695466651,1.107142636090901,0.7014929578372823,1.5548834798781788,0.0,0.0,1.0,1.7836444069208348,0.444900332245429,True,False,False,1.0
0.6135166443667497,0.3085545349597494,1.2914512119452566,-0.2297850296624989,-1.2429837338686824,1.0,0.0,0.0,0.9808961918803022,0.15935086189363074,False,False,False,1.0
1.0292007183603815,-1.4470988131498226,-1.6574860017244348,0.7014929578372823,-0.5435169304319671,0.0,1.0,1.0,-1.2798218484493087,-0.38597646596233043,True,False,True,1.0
-0.2178515036205142,1.5472722026719252,-0.9202516983070119,-1.3938825140372253,0.5056832747231058,1.0,0.0,1.0,1.8711429449353922,0.573071153474335,False,False,False,1.0
0.11469575557439135,1.496663115080572,1.2914512119452566,-1.6267020109121706,-0.8932503321503247,1.0,0.0,0.0,0.42741706769519483,-0.09218007949928901,False,True,True,1.0
-1.46490372560141,1.0231066526186212,1.6600683636539681,-1.6267020109121706,0.8554166764414635,1.0,1.0,1.0,1.0683947298948595,0.2644990423119825,False,False,False,1.0
1.1954743479578342,-0.8024354354980578,0.5542169085278338,-1.16106301716228,-0.19378352871360946,1.0,1.0,1.0,-0.963402716792014,-1.4412381066968338,False,False,False,1.0
1.3617479775552872,0.8074155412173767,-1.4731774258700792,-0.6954240234123894,0.5056832747231058,1.0,1.0,0.0,0.6777035834112545,1.0647935266072146,False,False,False,1.0
-0.38412513321796693,-1.59290118454396,0.9228340602365452,1.1671319515871728,1.205150078159821,1.0,1.0,1.0,-1.445662100732714,0.49609993643606415,False,False,True,1.0
0.9460639035616552,1.1857787198765433,1.4757597877996123,-0.2297850296624989,0.5056832747231058,1.0,0.0,1.0,2.1407605330035047,-0.2017953394778974,True,False,True,1.0
1.6942952367501927,-0.869914218953196,1.107142636090901,-1.6267020109121706,1.205150078159821,1.0,0.0,0.0,-0.821980661163834,0.07000927068849525,False,False,True,1.0
1.0292007183603815,-0.9578776331000721,1.107142636090901,1.6327709453370634,-1.2429837338686824,1.0,0.0,1.0,-1.1923233104347513,1.005003384800701,True,False,True,1.0
-1.6311773551988626,0.24107575150461158,-0.7359431224526563,0.7014929578372823,-0.19378352871360946,0.0,0.0,1.0,-0.04670291736043011,-0.8392132305760751,False,False,False,1.0
0.8629270887629288,0.14467748942584294,-0.9202516983070119,0.7014929578372823,-1.59271713558704,1.0,0.0,0.0,0.3399185296806375,0.08100515883681962,False,True,True,1.0
0.696653459165476,-1.4796332266014067,-1.6574860017244348,-0.2297850296624989,-1.59271713558704,1.0,1.0,1.0,-1.1485740414274725,1.17887586614608,True,False,False,1.0
-0.9660828368090516,1.4918432019766332,1.6600683636539681,-0.46260452653744416,0.8554166764414635,1.0,1.0,0.0,2.1824749522895153,0.8342234969970383,True,False,True,1.0
-0.6335355776141461,-1.7121940338664359,-0.3673259707439448,1.399951448462118,1.5548834798781788,1.0,1.0,1.0,-1.5240038150015618,-0.7495280178663046,True,False,True,1.0
-0.8829460220103252,1.2966367212671273,-0.7359431224526563,-0.46260452653744416,-1.59271713558704,0.0,0.0,1.0,0.794707442384209,-0.09527267304100512,False,True,False,1.0
-0.8829460220103252,1.0713057836580058,-1.6574860017244348,0.468673460962337,0.8554166764414635,1.0,1.0,0.0,0.3043086595584338,-0.4492028228151956,True,False,True,1.0
-1.5480405404001363,1.208673307120251,-1.1045602741613676,0.7014929578372823,0.8554166764414635,1.0,0.0,1.0,0.9432514720368297,-0.3907871670272223,True,False,True,1.0
1.52802160715274,1.1652940891848051,-0.7359431224526563,-0.46260452653744416,-0.5435169304319671,0.0,1.0,0.0,1.841637623976995,1.110495186723688,False,False,True,1.0
-0.38412513321796693,1.4882282671486797,-0.5516345465983006,-0.6954240234123894,-0.5435169304319671,1.0,1.0,1.0,1.671727672251052,1.1177112383210257,False,False,False,1.0
1.6942952367501927,-0.6108438896165055,-1.1045602741613676,-0.6954240234123894,-1.2429837338686824,1.0,0.0,0.0,-0.3753311473453374,1.5245590998090273,False,False,True,1.0
-0.051577874023061424,0.6953525615508083,-0.1830173948895891,-0.9282435202873347,-1.2429837338686824,0.0,1.0,0.0,0.2147752718226077,-1.1000219525941435,False,True,True,1.0
0.5303798295680233,-1.4097444865942999,0.9228340602365452,-0.46260452653744416,0.5056832747231058,1.0,0.0,0.0,-1.034622457036421,0.01056275038661679,False,False,True,1.0
-0.5503987628154198,0.32060431771959563,-0.9202516983070119,-1.6267020109121706,1.5548834798781788,0.0,1.0,0.0,0.752993023098199,-0.6883633900412505,True,False,False,1.0
0.19783257037311774,-0.8795540451610728,0.36990833267347806,0.9343124547122276,-1.2429837338686824,1.0,0.0,1.0,-0.49538728090019535,-1.005182417314846,True,False,True,1.0
-1.1323564664065044,-0.9084735237847031,0.7385254843821895,0.7014929578372823,-0.5435169304319671,1.0,1.0,0.0,-0.8697996296136502,-1.1189211353490762,True,False,True,1.0
-0.30098831841924056,-1.092835200010348,0.36990833267347806,0.23585396408739168,-1.59271713558704,1.0,1.0,0.0,-1.2462468280483738,1.1249272899183633,False,True,True,1.0
-0.9660828368090516,1.5291975285321564,0.36990833267347806,-1.3938825140372253,1.205150078159821,1.0,0.0,1.0,1.2413569562027054,-1.5580694182727803,True,False,False,1.0
-0.6335355776141461,-1.2916566155478084,0.18559975681912233,-0.2297850296624989,0.8554166764414635,1.0,0.0,1.0,-1.123138419911613,-0.33512048327633037,False,False,False,1.0
0.03155894077566496,0.24348570805658074,-0.7359431224526563,0.468673460962337,-0.8932503321503247,1.0,0.0,1.0,0.7418013496312208,0.7167049424118217,True,False,True,1.0
0.19783257037311774,-0.4698614313263065,0.18559975681912233,-0.46260452653744416,0.8554166764414635,0.0,1.0,1.0,-0.6042517409880748,0.7854292433388489,True,False,False,1.0
1.4448847923540136,0.8327200850130535,-0.7359431224526563,-0.9282435202873347,0.5056832747231058,0.0,0.0,0.0,1.3247857947747252,-0.9766618324301296,True,False,False,1.0
1.3617479775552872,-0.5457750627133365,-0.7359431224526563,0.23585396408739168,-0.5435169304319671,0.0,0.0,0.0,-0.9033746500145851,1.3067030658703507,False,False,False,1.0
-1.3817669108026835,0.5748547339523477,0.5542169085278338,-0.9282435202873347,0.5056832747231058,1.0,1.0,0.0,1.3929532604372294,0.3892336484945368,False,True,True,1.0
-0.051577874023061424,-0.5554148889212134,0.7385254843821895,1.6327709453370634,0.8554166764414635,0.0,1.0,1.0,0.02044712344143953,0.04217592881304938,True,False,False,1.0
-0.5503987628154198,0.35916362255110307,-0.9202516983070119,0.468673460962337,-0.8932503321503247,1.0,0.0,1.0,0.2351237690352954,1.0974375695475527,False,False,False,1.0
0.696653459165476,-1.2241778320926702,0.5542169085278338,0.468673460962337,0.5056832747231058,1.0,0.0,0.0,-0.9623852919313793,0.14869859524994142,False,True,False,1.0
-0.1347146888217878,0.3097595132357342,0.0012911809647666106,0.23585396408739168,-0.5435169304319671,0.0,0.0,1.0,0.7061914795090174,1.4623636074700674,False,False,False,1.0
1.0292007183603815,0.5495501901566707,-0.5516345465983006,-1.16106301716228,-0.19378352871360946,1.0,0.0,1.0,-0.44146376328657266,-0.15368832882897837,True,False,False,1.0
1.0292007183603815,0.09406840183448968,0.7385254843821895,0.9343124547122276,-0.8932503321503247,0.0,1.0,0.0,0.41622539422821664,-0.0664084666516538,True,False,True,1.0
-0.5503987628154198,0.6459484522354394,-0.1830173948895891,-1.3938825140372253,1.205150078159821,1.0,1.0,0.0,0.7041566297877483,-0.982503398008927,False,False,False,1.0
-0.7166723924128725,1.6219808557829711,1.107142636090901,1.1671319515871728,-0.5435169304319671,1.0,0.0,1.0,1.6585011490628045,-0.10351958915224846,True,False,True,1.0
0.2809693851718441,-0.6325334985842284,-0.7359431224526563,0.7014929578372823,1.205150078159821,1.0,1.0,0.0,-0.20542119561939456,-1.239188661971374,False,True,True,1.0
-0.7166723924128725,-1.4109494648702843,1.6600683636539681,0.7014929578372823,-0.8932503321503247,1.0,0.0,0.0,-1.0702323271586247,0.702960082226416,True,False,False,1.0
0.11469575557439135,1.5966763119872942,-0.9202516983070119,-0.9282435202873347,0.15594987300474816,1.0,1.0,0.0,2.754267723966041,-1.6322916632739697,False,True,False,1.0
-0.30098831841924056,1.1664990674607896,0.7385254843821895,0.7014929578372823,-0.19378352871360946,0.0,1.0,0.0,0.6268323403795351,-0.7594930415007235,True,False,False,1.0
1.1123375331591079,1.5810115943994945,0.18559975681912233,0.9343124547122276,-1.2429837338686824,1.0,0.0,1.0,1.4295805554200673,-1.0123984689121839,True,False,False,1.0
0.4472430147692969,0.9001988684681913,-1.6574860017244348,-1.16106301716228,-1.2429837338686824,0.0,0.0,1.0,0.611570967470019,-0.9859396130552783,True,False,True,1.0
-0.1347146888217878,0.7893408670776078,1.107142636090901,-0.9282435202873347,-1.59271713558704,0.0,1.0,0.0,1.6605359987840738,-0.6729004223326692,True,False,False,1.0
1.3617479775552872,0.6158239953358242,-0.7359431224526563,0.468673460962337,-1.2429837338686824,0.0,0.0,1.0,1.3298729190778973,1.3778327173298237,False,True,False,1.0
1.0292007183603815,-1.065120699662702,0.9228340602365452,1.6327709453370634,-0.19378352871360946,0.0,1.0,0.0,-0.9705246908164546,0.9221906021836332,True,False,True,1.0
-0.051577874023061424,0.044664292519120796,0.18559975681912233,1.6327709453370634,-0.5435169304319671,0.0,1.0,0.0,-0.49945698034273284,0.4033221301845775,False,True,True,1.0
1.3617479775552872,0.33385907875542625,-0.9202516983070119,0.23585396408739168,1.205150078159821,1.0,1.0,0.0,-0.4577425610567229,0.16931588552804966,False,False,False,1.0
-1.46490372560141,-0.2071761671616622,1.107142636090901,0.23585396408739168,0.15594987300474816,0.0,0.0,1.0,-0.3692265981815312,-1.6927690480897537,True,False,False,1.0
0.696653459165476,1.7111492482058317,-0.1830173948895891,-1.16106301716228,0.8554166764414635,0.0,0.0,1.0,1.578124585072688,1.2829931820505263,False,False,True,1.0
0.2809693851718441,0.14588246770182775,0.36990833267347806,-1.3938825140372253,-0.8932503321503247,1.0,0.0,1.0,0.6237800657976318,0.30092292180330676,True,False,True,1.0
-1.2154932812052308,1.4508739405931568,1.107142636090901,0.003034467212446404,1.5548834798781788,1.0,0.0,0.0,1.6585011490628045,-0.13066568801842418,True,False,False,1.0
-1.714314169997589,1.2592823947116043,0.7385254843821895,-0.6954240234123894,-0.19378352871360946,0.0,0.0,1.0,0.20256617349499495,-1.3144417714864687,False,False,True,1.0
0.2809693851718441,-1.4266141824580842,0.5542169085278338,-1.3938825140372253,-0.19378352871360946,1.0,1.0,1.0,-1.1241558447722473,-1.6694027857745644,False,False,True,1.0
-0.8829460220103252,-0.20597118888567764,0.18559975681912233,-1.6267020109121706,0.5056832747231058,0.0,0.0,1.0,-0.27867578558507056,-0.8921309422898862,True,False,False,1.0
-0.7166723924128725,1.2002384591883586,0.0012911809647666106,1.399951448462118,-0.5435169304319671,1.0,0.0,0.0,1.9962862027934216,-0.414840672351682,True,False,False,1.0
-1.6311773551988626,1.0809456098658823,1.107142636090901,-1.16106301716228,1.5548834798781788,0.0,0.0,1.0,1.5028351453857434,0.3438756098826988,True,False,False,1.0
-0.5503987628154198,-0.6542231075519512,1.2914512119452566,0.7014929578372823,-0.5435169304319671,1.0,1.0,1.0,-0.27867578558507056,-0.17121302556537027,True,False,False,1.0
-0.30098831841924056,0.24228072978059637,-0.1830173948895891,0.003034467212446404,-1.2429837338686824,0.0,1.0,0.0,-0.46689938480243237,-1.6096126439680505,True,False,True,1.0
-0.051577874023061424,-1.1012700479422401,0.5542169085278338,1.399951448462118,-0.5435169304319671,0.0,0.0,0.0,-1.2197937816718798,-1.0663470451399004,False,True,True,1.0
-0.7166723924128725,-0.42648221339086045,1.4757597877996123,-0.9282435202873347,-0.5435169304319671,1.0,0.0,1.0,-0.11080068358039648,-0.5313283624229932,True,False,False,1.0
1.3617479775552872,-0.5060107796058445,1.6600683636539681,-0.9282435202873347,0.8554166764414635,0.0,0.0,0.0,-0.9023572251539504,-0.8563943058078319,True,False,True,1.0
-1.6311773551988626,0.10732316287032029,0.18559975681912233,-0.9282435202873347,-0.5435169304319671,1.0,0.0,1.0,-0.4943698560395608,1.30532857985181,True,False,True,1.0
-0.2178515036205142,-1.1253696134619324,0.5542169085278338,0.003034467212446404,-1.59271713558704,1.0,1.0,1.0,-1.1638354143369882,1.2939890701988506,True,False,False,1.0
0.11469575557439135,-0.46263156167039876,-1.1045602741613676,0.7014929578372823,-1.59271713558704,1.0,1.0,0.0,-0.49945698034273284,0.4761698891672263,False,False,True,1.0
-1.6311773551988626,-0.8711191972291805,-1.4731774258700792,0.003034467212446404,1.205150078159821,1.0,1.0,1.0,-1.0671800525767214,-0.07568624727680258,True,False,True,1.0
-1.1323564664065044,-0.26742508096089257,-1.1045602741613676,-0.6954240234123894,1.5548834798781788,0.0,0.0,0.0,-0.6734366315112134,-1.2123861846098332,False,False,False,1.0
0.3641061999705705,-0.5626447585771212,0.0012911809647666106,-1.3938825140372253,0.5056832747231058,1.0,1.0,1.0,-0.1952469470130507,1.0067214923238765,False,False,False,1.0
0.03155894077566496,-1.7158089686943898,0.5542169085278338,-0.46260452653744416,0.15594987300474816,1.0,1.0,0.0,-1.4253136035200262,-1.0787174193067652,False,True,True,1.0
0.8629270887629288,1.1195049146973899,-1.6574860017244348,-0.2297850296624989,1.205150078159821,0.0,0.0,0.0,1.4723123995667116,0.2590010982378202,False,False,False,1.0
1.6942952367501927,0.3230142742715648,-1.4731774258700792,0.7014929578372823,0.5056832747231058,0.0,0.0,0.0,-0.625617663061397,1.1878100252665937,False,False,True,1.0
-1.2154932812052308,0.2181811642609039,-1.4731774258700792,0.7014929578372823,0.15594987300474816,0.0,0.0,0.0,0.15881690448771627,0.6782193338926863,False,False,False,1.0
-1.6311773551988626,0.9255034122638682,-1.4731774258700792,1.6327709453370634,-0.8932503321503247,0.0,1.0,1.0,0.7428187744918554,0.0005977267521978672,True,False,False,1.0
1.3617479775552872,1.389420048517942,1.107142636090901,0.003034467212446404,1.5548834798781788,0.0,0.0,1.0,1.652396599898999,-0.3065998983916141,True,False,False,1.0
0.6135166443667497,-0.697602325487397,-1.2888688500157235,-0.9282435202873347,1.205150078159821,1.0,0.0,1.0,-0.8606428058679405,1.014624786930485,False,False,False,1.0
-1.5480405404001363,-0.7217018910070893,0.5542169085278338,-0.6954240234123894,1.205150078159821,0.0,1.0,1.0,-0.2827454850276082,-1.5594439042913206,False,False,True,1.0
-0.6335355776141461,1.4074947226577108,-1.4731774258700792,1.399951448462118,-0.8932503321503247,1.0,1.0,0.0,2.066488518177195,1.5039418095309187,False,False,False,1.0
-0.051577874023061424,-0.05173396955964783,0.7385254843821895,1.1671319515871728,1.5548834798781788,0.0,1.0,1.0,0.6492156873134914,-1.454639345377604,True,False,True,1.0
-1.2154932812052308,1.6762048782022783,1.107142636090901,0.003034467212446404,0.5056832747231058,0.0,0.0,1.0,0.8272650379245094,-0.9663531872910757,True,False,True,1.0
-0.8829460220103252,-0.25296534164907714,1.2914512119452566,-1.16106301716228,1.5548834798781788,0.0,1.0,1.0,-0.6225653884794939,-0.9880013420830892,False,True,True,1.0
-0.8829460220103252,1.4207494836935415,0.5542169085278338,-0.46260452653744416,-1.59271713558704,1.0,0.0,1.0,1.373622188085176,0.4380279021527262,True,False,True,1.0
-0.7166723924128725,-0.5421601278853828,-0.9202516983070119,-1.16106301716228,-0.8932503321503247,0.0,1.0,1.0,-0.3153030805679085,-1.2381577974574685,True,False,False,1.0
0.19783257037311774,-0.14331231853447793,-0.7359431224526563,-1.3938825140372253,0.8554166764414635,1.0,0.0,0.0,0.2717510640181333,-0.4574497389264389,True,False,False,1.0
0.2809693851718441,-1.071145591042625,-1.2888688500157235,0.003034467212446404,0.8554166764414635,0.0,1.0,1.0,-0.6775063309537508,-1.5948369192687397,True,False,True,1.0
-0.8829460220103252,0.4109776884184411,-0.9202516983070119,-0.46260452653744416,-0.5435169304319671,0.0,1.0,1.0,-0.007023347795688912,-0.036513395748397036,True,False,False,1.0
0.11469575557439135,0.3302441439274723,1.2914512119452566,-0.2297850296624989,0.5056832747231058,1.0,0.0,0.0,0.11811991006234089,0.5314929514134832,False,False,False,1.0
-1.1323564664065044,-0.23971058061324654,-0.5516345465983006,1.6327709453370634,-0.19378352871360946,0.0,1.0,1.0,-0.2125431696438353,-0.29422952422474924,True,False,True,1.0
-1.714314169997589,1.6810247913062166,-1.2888688500157235,0.23585396408739168,0.5056832747231058,1.0,0.0,0.0,0.3836677986879162,1.6664747812233383,True,False,True,1.0
-1.6311773551988626,-0.7000122820393664,0.7385254843821895,1.6327709453370634,-0.19378352871360946,0.0,1.0,0.0,-0.1321666056537187,-1.3969109325989013,True,False,False,1.0
-0.8829460220103252,-0.14813223163841646,1.6600683636539681,1.6327709453370634,-1.2429837338686824,0.0,1.0,1.0,0.09573656312838447,-1.093836765510711,False,False,True,1.0
-0.051577874023061424,-1.589286249716006,-1.2888688500157235,-1.3938825140372253,-0.8932503321503247,1.0,1.0,0.0,-1.2788044235886742,-1.6319480417693346,False,False,True,1.0
-0.1347146888217878,0.8881490857083455,0.0012911809647666106,1.6327709453370634,1.5548834798781788,0.0,0.0,1.0,-0.20338634589812582,-0.9453922755083323,False,False,True,1.0
0.5303798295680233,-1.4711983786695146,-0.3673259707439448,-1.16106301716228,0.15594987300474816,1.0,0.0,1.0,-1.1424694922636662,0.1229269824023062,False,True,False,1.0
-1.3817669108026835,0.8977889119162222,1.107142636090901,1.399951448462118,0.5056832747231058,1.0,0.0,1.0,1.1528409933275137,0.21639203166306323,True,False,True,1.0
0.5303798295680233,-0.9916170248276412,-1.6574860017244348,0.23585396408739168,-0.19378352871360946,0.0,0.0,1.0,-0.8891307019657035,-0.4931863754084931,True,False,False,1.0
-0.1347146888217878,-1.2229728538166857,1.6600683636539681,1.1671319515871728,1.205150078159821,1.0,0.0,0.0,-0.8494511324009624,-1.5281743473695233,True,False,False,1.0
0.696653459165476,-0.5397501713334136,1.4757597877996123,-1.3938825140372253,-1.2429837338686824,0.0,0.0,1.0,-0.6368093365283752,-1.2649602748190092,False,False,True,1.0
0.9460639035616552,-0.7747209351504118,-0.1830173948895891,-1.3938825140372253,-0.5435169304319671,0.0,1.0,0.0,-0.2919023087733177,-0.15781178688459993,True,False,False,1.0
0.8629270887629288,-0.16259197095023165,-1.6574860017244348,1.6327709453370634,-0.5435169304319671,0.0,0.0,0.0,-0.5360842753255708,-0.1341019030647756,True,False,True,1.0
-0.7166723924128725,-0.06619370887146324,1.6600683636539681,1.1671319515871728,0.8554166764414635,1.0,1.0,0.0,-0.20847347020129783,-1.075624825765049,True,False,True,1.0
-0.6335355776141461,0.9604477822674217,-0.5516345465983006,1.1671319515871728,0.15594987300474816,0.0,1.0,1.0,0.1323638581112224,-1.0852462278948327,False,False,True,1.0
0.696653459165476,-0.7217018910070893,-1.6574860017244348,-1.16106301716228,1.5548834798781788,1.0,1.0,1.0,-0.4323069395408632,0.27412044444176636,True,False,True,1.0
-0.6335355776141461,-1.5760314886801754,1.2914512119452566,1.1671319515871728,-0.8932503321503247,0.0,0.0,1.0,-1.4232787537987575,-0.27945379952543836,True,False,False,1.0
1.3617479775552872,-1.1506741572576091,1.107142636090901,-1.6267020109121706,-1.2429837338686824,1.0,0.0,1.0,-0.874886753916822,0.7696226541256329,True,False,False,1.0
1.1123375331591079,-0.91811334999258,0.0012911809647666106,0.7014929578372823,0.8554166764414635,1.0,0.0,1.0,-0.6215479636188593,-1.6195776676024698,False,False,True,1.0
1.3617479775552872,0.3724183835869337,0.18559975681912233,-1.6267020109121706,-0.5435169304319671,0.0,0.0,1.0,-0.193212097291782,-0.06709570966092418,True,False,True,1.0
-0.7998092072115989,0.7218620836224695,-1.2888688500157235,-1.3938825140372253,-1.59271713558704,1.0,0.0,0.0,-0.35905234957518734,0.351435282984672,True,False,False,1.0
0.696653459165476,1.1592691978048821,-0.3673259707439448,-1.6267020109121706,-1.59271713558704,1.0,1.0,0.0,-0.30207655737966155,-1.6102998869773208,True,False,False,1.0
1.3617479775552872,0.4435121018700255,-0.9202516983070119,-1.3938825140372253,-1.2429837338686824,1.0,1.0,1.0,-0.5147183532522487,-0.6979847921710342,True,False,True,1.0
-0.38412513321796693,-0.33008395131209206,-1.2888688500157235,-0.46260452653744416,0.8554166764414635,1.0,0.0,0.0,-0.20236892103749146,1.2926145841803103,False,False,True,1.0
1.1954743479578342,1.0351564353784675,-0.7359431224526563,-0.9282435202873347,-0.8932503321503247,1.0,1.0,1.0,1.238304681620802,-0.6144847665446961,False,False,True,1.0
1.4448847923540136,-0.6012040634086285,-0.9202516983070119,-0.2297850296624989,-1.2429837338686824,0.0,0.0,0.0,-0.040598368196623734,0.9256268172299844,True,False,True,1.0
1.1954743479578342,0.8170553674252538,-1.2888688500157235,0.468673460962337,-0.5435169304319671,1.0,0.0,0.0,0.15372978018454425,-1.3017277758149683,True,False,False,1.0
-1.049219651607778,0.9074287381240993,1.6600683636539681,-1.3938825140372253,0.5056832747231058,1.0,0.0,1.0,0.4447132903259796,-0.32824805318362754,True,False,True,1.0
0.19783257037311774,-0.4722713878782756,1.6600683636539681,-1.6267020109121706,-0.5435169304319671,1.0,1.0,1.0,-0.6296873625039344,1.3860796334410672,False,False,True,1.0
-1.46490372560141,1.1460144367690515,-1.4731774258700792,-1.3938825140372253,1.205150078159821,1.0,1.0,1.0,1.6086473308917195,1.6355488458061758,True,False,True,1.0
-1.1323564664065044,-0.5096257144337984,-1.1045602741613676,1.399951448462118,-0.8932503321503247,0.0,0.0,1.0,-0.620530538758225,-0.5419806290666822,False,False,True,1.0
0.6135166443667497,0.08924848873055094,0.9228340602365452,1.6327709453370634,-0.5435169304319671,1.0,0.0,1.0,-0.03245896931154862,1.0156556514443904,False,False,True,1.0
0.11469575557439135,-1.6278455545475135,0.0012911809647666106,1.399951448462118,0.5056832747231058,0.0,0.0,1.0,-1.2961006462194589,-1.4055014702147797,False,False,True,1.0
-0.46726194801669335,-0.3385187992439843,0.0012911809647666106,-1.6267020109121706,0.8554166764414635,1.0,1.0,1.0,-0.8158761120000277,-0.8155033467562508,True,False,True,1.0
-1.2986300960039572,-1.013306633795364,0.9228340602365452,0.7014929578372823,-0.5435169304319671,1.0,1.0,1.0,-0.8260503606063714,0.39576245708260455,True,False,False,1.0
0.03155894077566496,0.2748151432321807,0.36990833267347806,1.6327709453370634,1.205150078159821,0.0,0.0,0.0,0.7275574015823393,-1.4171846013723746,False,False,True,1.0
-0.46726194801669335,-1.4772232700494377,-1.1045602741613676,0.23585396408739168,0.15594987300474816,1.0,0.0,1.0,-1.15264374087001,-0.22172538674673548,True,False,False,1.0
1.6942952367501927,0.349523796343226,-0.5516345465983006,-0.46260452653744416,-0.8932503321503247,1.0,0.0,1.0,0.06216154272744946,0.09578088353613047,True,False,True,1.0
-1.1323564664065044,-0.15415712301833936,0.0012911809647666106,-0.9282435202873347,-0.5435169304319671,0.0,1.0,1.0,0.5271247040373649,1.1427956081593909,False,False,True,1.0
0.4472430147692969,-0.16259197095023165,0.36990833267347806,-1.16106301716228,-1.59271713558704,0.0,1.0,0.0,0.3795980992453787,-1.2141042921330087,False,False,True,1.0
0.5303798295680233,1.2954317429911424,-0.7359431224526563,0.003034467212446404,0.5056832747231058,0.0,0.0,0.0,0.7418013496312208,1.6747216973345813,True,False,True,1.0
1.1123375331591079,0.08804351045456657,0.18559975681912233,0.468673460962337,-0.5435169304319671,0.0,1.0,1.0,-0.6805586055356538,1.4462133967522162,False,False,True,1.0
-0.9660828368090516,-1.6627899245510671,-1.1045602741613676,-1.16106301716228,0.8554166764414635,1.0,0.0,1.0,-1.325605967177856,1.151042524270634,True,False,False,1.0
-1.6311773551988626,1.4014698312777878,-0.9202516983070119,0.003034467212446404,1.205150078159821,1.0,1.0,0.0,-0.01414532182012966,1.1166803738071203,True,False,True,1.0
0.8629270887629288,-1.6254355979955444,0.9228340602365452,1.6327709453370634,-1.59271713558704,0.0,1.0,1.0,-1.422261328938123,0.80020496803816,True,False,True,1.0
0.3641061999705705,0.03984437941518204,0.36990833267347806,1.1671319515871728,0.8554166764414635,0.0,1.0,1.0,-0.6693669320686757,1.299487014273013,True,False,False,1.0
-0.7166723924128725,1.1701140022887435,1.2914512119452566,0.7014929578372823,0.15594987300474816,0.0,1.0,0.0,-0.23696136629906064,-1.2103244555820223,True,False,False,1.0
1.0292007183603815,-0.7735159568744273,0.0012911809647666106,1.1671319515871728,-1.2429837338686824,0.0,1.0,0.0,-1.089563399510678,-0.6835526889763586,False,False,False,1.0
0.7797902739642024,0.5025560373932715,-1.6574860017244348,-0.2297850296624989,0.8554166764414635,1.0,0.0,1.0,0.43555646658027014,1.7132073058537167,True,False,True,1.0
-0.9660828368090516,-0.7843607613582888,0.9228340602365452,-0.2297850296624989,-0.5435169304319671,1.0,1.0,1.0,-0.5228577521373238,-0.008336432368315851,False,True,False,1.0
1.0292007183603815,-0.5662596934050749,0.9228340602365452,0.468673460962337,0.15594987300474816,0.0,0.0,0.0,-0.4801259079906795,0.37514516680449633,True,False,False,1.0
-0.1347146888217878,0.349523796343226,-0.5516345465983006,0.468673460962337,0.8554166764414635,0.0,0.0,1.0,-0.5981471918242686,-0.7996967575430346,True,False,True,1.0
0.03155894077566496,-0.6349434551361975,-0.7359431224526563,-1.16106301716228,-0.19378352871360946,0.0,1.0,0.0,-0.03347639417218299,0.4796061042135777,True,False,True,1.0
-1.714314169997589,-0.19633136267780077,1.2914512119452566,-0.2297850296624989,1.5548834798781788,0.0,0.0,1.0,-0.3376864275018651,-0.5179271237422228,False,False,True,1.0
-1.5480405404001363,0.45797184118184087,1.107142636090901,-0.46260452653744416,0.5056832747231058,1.0,1.0,0.0,1.3512388411512195,-0.4560752529078982,False,True,True,1.0
0.11469575557439135,-1.4724033569454993,1.6600683636539681,0.23585396408739168,0.8554166764414635,1.0,0.0,0.0,-1.1485740414274725,1.2073964510307962,True,False,False,1.0
1.4448847923540136,0.5555750815365939,-0.5516345465983006,0.9343124547122276,0.15594987300474816,0.0,1.0,0.0,1.4214411565349923,1.133174206029607,True,False,False,1.0
1.3617479775552872,-0.4807062358101679,0.9228340602365452,1.399951448462118,0.5056832747231058,1.0,0.0,0.0,-0.9918906128897768,-0.896941643354778,True,False,False,1.0
0.2809693851718441,-0.5011908665019063,-0.7359431224526563,-0.2297850296624989,-0.8932503321503247,0.0,1.0,1.0,-0.9196534477847352,-1.2862648081063874,True,False,True,1.0
-0.46726194801669335,-0.17223179715810852,-1.2888688500157235,0.23585396408739168,0.8554166764414635,1.0,0.0,1.0,0.5637519990202029,-0.7656782285841561,False,True,False,1.0
-0.6335355776141461,1.2122882419482044,-1.6574860017244348,0.003034467212446404,1.205150078159821,1.0,1.0,0.0,1.4753646741486148,0.6057151964146725,True,False,False,1.0
0.6135166443667497,0.29168483909596526,-0.7359431224526563,-0.9282435202873347,-1.59271713558704,0.0,0.0,1.0,1.0714470044767628,-1.032672137685657,True,False,False,1.0
1.0292007183603815,-1.4109494648702843,-0.7359431224526563,1.1671319515871728,-0.19378352871360946,1.0,1.0,0.0,-1.3581635627181565,-0.9374889809017243,False,False,True,1.0
-0.7166723924128725,-0.9337780675803801,0.9228340602365452,0.468673460962337,-0.19378352871360946,0.0,0.0,0.0,-0.4455334627291103,0.27137147240468507,True,False,False,1.0
-1.5480405404001363,1.1182999364214055,-1.4731774258700792,-1.3938825140372253,0.15594987300474816,0.0,1.0,1.0,0.51898530515229,1.2884911261246883,True,False,False,1.0
1.2786111627565606,1.152039328148974,1.6600683636539681,0.003034467212446404,-0.5435169304319671,0.0,1.0,1.0,0.4060511456218726,-0.622044439646669,True,False,False,1.0
0.696653459165476,-0.058963839215555536,0.5542169085278338,-1.16106301716228,0.5056832747231058,1.0,1.0,0.0,-0.6368093365283752,-0.2784229350115329,True,False,False,1.0
-1.6311773551988626,0.15190735908175088,-0.9202516983070119,0.9343124547122276,0.5056832747231058,0.0,0.0,1.0,-0.38754024567295015,-1.4450179432478203,True,False,True,1.0
1.4448847923540136,-1.3145512027915158,0.0012911809647666106,-0.6954240234123894,-0.8932503321503247,0.0,1.0,0.0,-0.9572981676282075,1.3080775518888914,False,False,True,1.0
-0.30098831841924056,1.5340174416360948,-0.9202516983070119,-0.9282435202873347,1.5548834798781788,1.0,0.0,1.0,2.4775281618734875,-0.5653468913818718,True,False,False,1.0
1.0292007183603815,0.07960866252267429,0.7385254843821895,0.9343124547122276,1.5548834798781788,0.0,1.0,0.0,-0.27358866128189857,1.6836558564550952,True,False,True,1.0
-0.46726194801669335,1.3508607436864346,-0.7359431224526563,-0.46260452653744416,0.8554166764414635,0.0,0.0,0.0,0.5210201548735587,0.5720402889604296,True,False,False,1.0
0.3641061999705705,-0.30357442924043065,0.7385254843821895,0.9343124547122276,0.15594987300474816,1.0,1.0,0.0,-0.6968374033058041,-1.5635673623469424,False,False,True,1.0
0.4472430147692969,-0.0613737957675247,-0.7359431224526563,-0.46260452653744416,-0.19378352871360946,1.0,0.0,0.0,-0.4628296853598949,-1.6068636719309695,False,True,False,1.0
-1.5480405404001363,-0.32405905993216894,0.9228340602365452,-0.46260452653744416,-0.19378352871360946,1.0,1.0,0.0,-0.11283553330166521,1.3073903088796208,False,False,True,1.0
0.5303798295680233,1.499073071632541,1.4757597877996123,-0.46260452653744416,-0.8932503321503247,1.0,0.0,0.0,1.3746396129458103,-0.2756739629744516,False,False,False,1.0
-1.714314169997589,-1.3241910289993926,1.4757597877996123,-0.46260452653744416,1.5548834798781788,0.0,0.0,0.0,-0.9572981676282075,0.16622329198633354,False,False,False,1.0
0.2809693851718441,1.250847546779712,-1.6574860017244348,-0.9282435202873347,0.8554166764414635,0.0,0.0,1.0,1.6167867297767948,-1.706513908275159,False,False,True,1.0
-0.9660828368090516,1.6027012033672172,1.2914512119452566,0.468673460962337,-0.5435169304319671,0.0,0.0,0.0,0.7926725926629402,0.26415542080734716,False,True,True,1.0
-1.1323564664065044,-1.0952451565623174,1.2914512119452566,-1.6267020109121706,0.5056832747231058,0.0,0.0,1.0,-0.9074443494571225,-1.1433182621781706,True,False,True,1.0
0.11469575557439135,-1.5447020535045757,-1.2888688500157235,-0.46260452653744416,0.5056832747231058,1.0,1.0,0.0,-1.380546909652113,1.2242339047579178,True,False,False,1.0
-0.30098831841924056,1.7147641830337856,0.18559975681912233,-1.16106301716228,-0.5435169304319671,0.0,1.0,1.0,0.936129498012389,-1.3436495993804554,False,False,True,1.0
1.0292007183603815,-0.7976155223941194,-1.4731774258700792,-0.46260452653744416,0.15594987300474816,0.0,1.0,0.0,-0.25018788948730775,-1.5831537881111453,False,False,False,1.0
0.9460639035616552,0.9592428039914374,0.7385254843821895,1.399951448462118,-1.2429837338686824,1.0,1.0,1.0,1.0999349005745254,-0.05609982151259981,False,True,False,1.0
0.696653459165476,-1.0157165903473333,-0.3673259707439448,1.1671319515871728,-1.2429837338686824,0.0,0.0,1.0,-1.0386921564789584,0.260719205760996,True,False,True,1.0
0.11469575557439135,-1.6892994466227285,0.36990833267347806,-1.3938825140372253,-1.59271713558704,0.0,1.0,1.0,-1.4375227018476389,1.1383285285991338,True,False,True,1.0
-0.5503987628154198,-0.7879756961862425,0.18559975681912233,-1.16106301716228,0.8554166764414635,1.0,1.0,0.0,-0.33056445347742436,0.40435299469848296,False,False,False,1.0
0.2809693851718441,-1.6182057283396367,0.7385254843821895,0.468673460962337,-1.2429837338686824,0.0,1.0,1.0,-1.43548785212637,1.2025857499659043,True,False,False,1.0
1.6942952367501927,-0.01678959955609434,1.107142636090901,-1.3938825140372253,0.15594987300474816,1.0,0.0,0.0,-0.2522227392085765,1.6523862995332979,True,False,True,1.0
-0.38412513321796693,0.11937294563016611,-0.7359431224526563,0.9343124547122276,-1.59271713558704,1.0,1.0,0.0,-0.3661743235996279,0.5658551018769968,True,False,True,1.0
1.1954743479578342,1.666565051994401,1.2914512119452566,-0.9282435202873347,0.15594987300474816,1.0,1.0,1.0,2.056314269570851,-0.6753057728651152,True,False,True,1.0
1.1123375331591079,0.14467748942584294,0.0012911809647666106,0.7014929578372823,-1.2429837338686824,0.0,1.0,1.0,-0.1352188802356218,-0.08427678489268099,True,False,True,1.0
-0.1347146888217878,-1.5760314886801754,1.4757597877996123,1.6327709453370634,-0.5435169304319671,1.0,1.0,1.0,-1.4558363493390578,0.32188383358605005,True,False,False,1.0
0.2809693851718441,-0.6457882596200589,-1.6574860017244348,-0.9282435202873347,-0.19378352871360946,0.0,1.0,1.0,-0.34175612694440255,0.13323562754136045,False,False,True,1.0
-0.1347146888217878,1.566551855087679,-0.1830173948895891,-1.6267020109121706,-0.19378352871360946,1.0,1.0,1.0,2.218084822411718,0.9043222839426064,True,False,True,1.0
-0.7998092072115989,0.9893672608910525,0.36990833267347806,-0.9282435202873347,-1.2429837338686824,1.0,1.0,1.0,0.6726164591080824,1.3792072033483644,False,False,False,1.0
-0.8829460220103252,-0.12162270956675504,0.9228340602365452,-0.46260452653744416,-0.5435169304319671,0.0,0.0,1.0,-0.7080290767727825,-1.0213326280326973,True,False,False,1.0
-0.051577874023061424,-1.1181397438060248,-1.4731774258700792,-0.2297850296624989,-0.8932503321503247,0.0,0.0,1.0,-1.2584559263759865,-0.2072932835520597,True,False,False,1.0
-0.2178515036205142,-0.6180737592724131,0.0012911809647666106,-1.6267020109121706,0.15594987300474816,1.0,1.0,0.0,-0.9054094997358538,0.9252831957253497,False,False,True,1.0
0.11469575557439135,-0.6337384768602129,1.6600683636539681,-1.3938825140372253,-1.2429837338686824,0.0,1.0,0.0,-0.015162746680764026,1.5860673491387163,True,False,True,1.0
-0.46726194801669335,0.1904666639132579,-0.7359431224526563,-0.6954240234123894,-0.19378352871360946,1.0,0.0,1.0,0.5922398951179658,-1.5831537881111453,True,False,True,1.0
-1.3817669108026835,1.2616923512635734,-0.7359431224526563,-0.2297850296624989,-0.5435169304319671,0.0,0.0,1.0,1.533357891204775,1.3524047259868237,True,False,True,1.0
-0.30098831841924056,-0.9976419162075642,1.107142636090901,-1.3938825140372253,1.205150078159821,0.0,1.0,0.0,-1.0885459746500437,1.5066907815679997,False,False,False,1.0
0.5303798295680233,-0.7964105441181348,1.4757597877996123,-0.9282435202873347,-1.2429837338686824,0.0,1.0,1.0,-0.8860784273838003,-1.4436434572292798,True,False,True,1.0
1.52802160715274,-0.9988468944835489,0.18559975681912233,1.6327709453370634,0.5056832747231058,0.0,1.0,0.0,-1.1383997928211287,1.3613388851073374,True,False,False,1.0
-0.5503987628154198,-1.7507533386979433,-0.1830173948895891,-0.9282435202873347,0.8554166764414635,0.0,1.0,0.0,-1.4690628725273047,1.410133138765527,False,False,True,1.0
1.2786111627565606,-0.022814490936017246,0.5542169085278338,-0.46260452653744416,0.15594987300474816,0.0,1.0,0.0,0.34195337940190623,1.5843492416155407,False,True,True,1.0
1.6942952367501927,1.7087392916538626,1.107142636090901,0.9343124547122276,0.5056832747231058,1.0,1.0,1.0,1.5933859579822038,0.6019353598636861,True,False,True,1.0
0.696653459165476,0.4459220584219946,1.4757597877996123,0.9343124547122276,-1.2429837338686824,0.0,1.0,0.0,0.9961575647898179,-1.0608491010657382,True,False,True,1.0
-0.30098831841924056,0.06273896665888973,0.36990833267347806,0.9343124547122276,-1.2429837338686824,1.0,0.0,1.0,-0.6978548281664385,-1.6883019685294969,True,False,True,1.0
-0.30098831841924056,-0.808460326877981,0.9228340602365452,0.003034467212446404,-0.19378352871360946,1.0,0.0,1.0,-0.7934927650660711,-0.49352999691312816,True,False,False,1.0
0.2809693851718441,-0.25658027647703113,0.18559975681912233,-0.6954240234123894,-1.59271713558704,0.0,0.0,0.0,0.20256617349499495,-0.3426801563783033,True,False,True,1.0
-0.30098831841924056,-0.6253036289283206,-1.4731774258700792,-1.6267020109121706,0.5056832747231058,0.0,0.0,0.0,-0.028389269869011153,-0.374636956309371,True,False,True,1.0
-1.3817669108026835,-1.3494955727950695,1.107142636090901,0.003034467212446404,0.15594987300474816,1.0,0.0,0.0,-1.186218761270945,-0.4753180571674659,False,False,False,1.0
-1.3817669108026835,1.3074815257509886,0.18559975681912233,0.468673460962337,0.8554166764414635,0.0,0.0,0.0,1.160980392212589,1.6726599683067709,True,False,True,1.0
1.2786111627565606,1.5316074850841255,-1.2888688500157235,-1.16106301716228,1.205150078159821,1.0,0.0,1.0,2.4653190635458744,-0.5440423580944931,True,False,False,1.0
-0.5503987628154198,-1.7230388383502975,-0.5516345465983006,-1.6267020109121706,-0.5435169304319671,1.0,1.0,1.0,-1.4833068205761863,0.45830157092619933,True,False,True,1.0
-1.714314169997589,-0.10354803542698589,-0.5516345465983006,1.1671319515871728,-0.5435169304319671,0.0,1.0,0.0,0.03977819579349304,-0.808287295158913,False,False,True,1.0
-0.1347146888217878,0.36398353565504143,0.18559975681912233,1.1671319515871728,0.15594987300474816,0.0,0.0,1.0,-0.5248926018585925,-0.417589644388763,False,True,False,1.0
-0.1347146888217878,1.6280057471628941,-1.2888688500157235,-1.6267020109121706,0.5056832747231058,0.0,1.0,0.0,0.46709663725993605,-1.0797482838206705,True,False,False,1.0
1.1954743479578342,1.094200370901713,0.18559975681912233,-1.3938825140372253,-1.59271713558704,1.0,1.0,0.0,0.019429698580805344,-0.3794476573742629,False,True,True,1.0
-0.051577874023061424,1.3870100919659727,0.7385254843821895,0.9343124547122276,0.15594987300474816,1.0,0.0,0.0,2.041052896661335,-1.3134109069725632,False,True,False,1.0
1.52802160715274,0.9387581732996988,-0.1830173948895891,-0.46260452653744416,-1.2429837338686824,1.0,1.0,0.0,1.2250781584325552,1.0991556770707283,False,False,True,1.0
-0.6335355776141461,-0.9024486324047802,-1.4731774258700792,0.7014929578372823,-0.8932503321503247,0.0,1.0,0.0,-0.6500358597166224,-1.5845282741296858,False,False,False,1.0
-0.051577874023061424,-1.1856185272611628,-0.7359431224526563,-0.2297850296624989,-0.8932503321503247,0.0,1.0,0.0,-1.0885459746500437,-1.4512031303312527,False,True,False,1.0
1.1123375331591079,1.7003044437219703,0.9228340602365452,0.468673460962337,-1.2429837338686824,0.0,0.0,1.0,1.462138150960368,-1.4432998357246447,True,False,True,1.0
1.1954743479578342,-0.11680279646281672,-0.7359431224526563,-0.46260452653744416,-1.2429837338686824,0.0,0.0,1.0,0.5952921696998691,-0.3736060917954655,False,False,False,1.0
0.5303798295680233,0.2965047521999036,-0.5516345465983006,-0.46260452653744416,-1.59271713558704,0.0,1.0,1.0,0.42029509367075407,-0.29113693068303287,True,False,False,1.0
1.1954743479578342,1.1411945236651126,1.6600683636539681,0.468673460962337,1.5548834798781788,0.0,1.0,1.0,2.026808948612454,-1.3274993886626036,True,False,True,1.0
1.6942952367501927,1.0231066526186212,0.5542169085278338,-0.2297850296624989,0.15594987300474816,1.0,0.0,0.0,1.5669329116057096,0.35762047006810443,True,False,False,1.0
0.3641061999705705,-0.9289581544764417,1.6600683636539681,-1.16106301716228,-1.2429837338686824,1.0,1.0,0.0,-0.8158761120000277,-1.4477669152849013,True,False,False,1.0
0.6135166443667497,-0.62771358548029,-0.1830173948895891,-0.2297850296624989,0.15594987300474816,0.0,0.0,0.0,-0.3682091733208968,1.4403718311734186,True,False,False,1.0
0.4472430147692969,0.6555882784433165,1.4757597877996123,0.7014929578372823,-1.2429837338686824,1.0,1.0,1.0,-0.27969321044570494,-0.3969723541106548,True,False,False,1.0
-1.2986300960039572,-1.2374325931285008,-0.1830173948895891,0.23585396408739168,1.205150078159821,0.0,0.0,0.0,-1.073284601740528,0.6369847533364703,True,False,False,1.0
1.6942952367501927,-0.278269885444754,0.5542169085278338,1.6327709453370634,1.205150078159821,1.0,0.0,0.0,-0.3102159562647367,-1.4848780377854962,True,False,True,1.0
-0.38412513321796693,1.1568592412529128,-1.2888688500157235,-1.6267020109121706,-0.8932503321503247,0.0,1.0,0.0,0.8842408301200354,0.23529121441799586,True,False,False,1.0
-0.1347146888217878,-0.081858426459263,1.4757597877996123,-0.9282435202873347,0.8554166764414635,0.0,0.0,0.0,0.27073363915749915,0.07138375670703577,True,False,True,1.0
-1.3817669108026835,0.6073891474039319,-1.4731774258700792,0.23585396408739168,1.5548834798781788,0.0,0.0,0.0,0.15678205476644755,0.573071153474335,False,False,False,1.0
0.19783257037311774,0.9483979995075759,-0.9202516983070119,1.399951448462118,-1.2429837338686824,0.0,0.0,1.0,0.6207277912157289,0.7864601078527543,True,False,False,1.0
1.0292007183603815,-0.04450409990374014,-1.4731774258700792,1.1671319515871728,-0.5435169304319671,0.0,0.0,0.0,0.07131836647315894,-0.38047852188816833,True,False,True,1.0
1.1123375331591079,0.8001856715614691,-0.3673259707439448,0.7014929578372823,-0.19378352871360946,1.0,1.0,1.0,0.17102600281532904,-0.2176019286911137,False,False,False,1.0
-1.049219651607778,1.717174139585755,-0.9202516983070119,0.7014929578372823,0.5056832747231058,1.0,0.0,0.0,1.9596589078105837,1.605310153398284,True,False,False,1.0
0.696653459165476,1.048411196414298,-1.1045602741613676,-0.9282435202873347,-0.5435169304319671,1.0,1.0,1.0,0.222914670707683,1.5169994267070541,False,False,True,1.0
1.3617479775552872,-0.792795609290181,-0.5516345465983006,0.9343124547122276,-0.8932503321503247,0.0,0.0,0.0,-0.9349148206942509,-0.5601925688123445,True,False,True,1.0
1.1954743479578342,1.664155095442432,-0.3673259707439448,0.9343124547122276,0.15594987300474816,1.0,0.0,0.0,0.3806155241060129,1.206709208021526,True,False,False,1.0
0.2809693851718441,-1.5639817059203294,-1.6574860017244348,0.7014929578372823,0.8554166764414635,1.0,0.0,0.0,-1.4609234736422299,-1.0443552688432516,True,False,True,1.0
-0.46726194801669335,-1.7049641642105284,0.18559975681912233,-1.3938825140372253,-1.2429837338686824,0.0,1.0,0.0,-1.3876688836765538,-0.8086309166635481,True,False,False,1.0
1.4448847923540136,0.0928634235585049,-1.6574860017244348,1.399951448462118,-1.59271713558704,1.0,1.0,1.0,0.5159330305703868,-0.5777172655487366,True,False,True,1.0
0.19783257037311774,1.0086469133068061,1.2914512119452566,0.003034467212446404,-0.8932503321503247,1.0,0.0,1.0,0.8069165407118217,-1.6223266396395508,True,False,True,1.0
0.5303798295680233,-0.5927692154767363,1.107142636090901,0.003034467212446404,0.15594987300474816,1.0,0.0,0.0,-0.8118064125574901,-1.6951743986221997,True,False,True,1.0
-0.38412513321796693,-1.7266537731782512,1.4757597877996123,0.7014929578372823,0.15594987300474816,0.0,1.0,0.0,-1.4894113697399927,0.12979941249500904,True,False,True,1.0
-0.2178515036205142,-0.2517603633730926,-1.6574860017244348,0.7014929578372823,1.205150078159821,0.0,0.0,1.0,-0.5706767205871399,0.5445505685896183,True,False,True,1.0
-0.6335355776141461,-1.4555336610817147,0.0012911809647666106,-0.9282435202873347,-0.5435169304319671,1.0,1.0,1.0,-1.29406579649819,0.9771700429252549,True,False,False,1.0
1.6942952367501927,-0.21681599336953908,0.9228340602365452,-0.46260452653744416,-0.5435169304319671,1.0,0.0,0.0,-0.28172806016697366,-0.8065691876357373,True,False,False,1.0
-1.6311773551988626,-0.8012304572220733,1.4757597877996123,0.23585396408739168,-1.59271713558704,0.0,1.0,1.0,-0.6551229840197942,-0.1447541697084649,True,False,False,1.0
-1.6311773551988626,0.10973311942228946,1.2914512119452566,0.468673460962337,-1.2429837338686824,1.0,0.0,1.0,-0.10367870955595573,0.5043468525473077,False,False,False,1.0
0.5303798295680233,0.4495369932499486,-1.6574860017244348,0.468673460962337,1.205150078159821,0.0,1.0,0.0,0.4029988710399697,0.9215033591743631,True,False,True,1.0
1.6942952367501927,-0.3963577564912453,0.18559975681912233,-0.6954240234123894,1.5548834798781788,0.0,0.0,1.0,-0.9277928466698102,0.5905958502107266,False,False,False,1.0
0.11469575557439135,0.1880567073612887,-1.1045602741613676,0.468673460962337,1.205150078159821,0.0,0.0,0.0,-0.4536728616141854,1.5413965535361487,False,False,False,1.0
1.6942952367501927,1.2797670254033426,-1.6574860017244348,1.1671319515871728,-0.5435169304319671,1.0,1.0,0.0,0.10794566145599686,-0.16227886644485678,True,False,True,1.0
0.5303798295680233,1.6870496826861396,0.36990833267347806,0.9343124547122276,-1.2429837338686824,1.0,0.0,1.0,1.6676579728085146,0.19440025536641473,True,False,True,1.0
-1.46490372560141,-0.8723241755051651,-0.1830173948895891,1.399951448462118,-0.8932503321503247,1.0,1.0,0.0,-0.5391365499074741,1.2888347476293238,False,False,False,1.0
-0.30098831841924056,-1.1217546786339787,0.5542169085278338,0.23585396408739168,-1.2429837338686824,1.0,0.0,1.0,-0.6530881342985254,-1.050884077431319,True,False,True,1.0
-0.7166723924128725,1.002622021926883,0.7385254843821895,-0.46260452653744416,0.15594987300474816,1.0,1.0,1.0,0.13032900838995365,-1.0385137032644542,True,False,True,1.0
-0.6335355776141461,-1.2916566155478084,-0.3673259707439448,1.6327709453370634,0.15594987300474816,1.0,1.0,0.0,-1.3347627909235655,0.4256575279858613,False,False,False,1.0
-1.2986300960039572,-1.0108966772433947,0.5542169085278338,0.468673460962337,-0.8932503321503247,1.0,1.0,0.0,-0.9369496704155197,0.4022912656706721,True,False,True,1.0
0.11469575557439135,0.14708744597781212,0.7385254843821895,1.399951448462118,-1.2429837338686824,1.0,0.0,0.0,-0.1759158746609974,0.7782131917415113,False,True,True,1.0
-0.7998092072115989,0.26276536047233445,-0.1830173948895891,-0.6954240234123894,1.205150078159821,1.0,0.0,1.0,0.18730480058547927,0.0658858126328737,True,False,False,1.0
-1.6311773551988626,0.251920555988473,-0.7359431224526563,0.9343124547122276,-0.5435169304319671,0.0,1.0,1.0,-0.2094908950619322,0.03427263420644111,True,False,True,1.0
-1.1323564664065044,-1.2771968762359929,0.18559975681912233,-0.9282435202873347,1.205150078159821,0.0,0.0,1.0,-1.0132565349630989,-0.3808221433928034,False,False,True,1.0
0.3641061999705705,0.04707424907108995,-1.4731774258700792,0.9343124547122276,0.15594987300474816,1.0,0.0,1.0,0.6186929414944597,1.370616665732486,True,False,True,1.0
0.8629270887629288,0.1338326849419815,0.7385254843821895,-0.2297850296624989,-1.59271713558704,0.0,1.0,0.0,0.06724866703062148,-0.543698736589858,True,False,False,1.0
-0.7998092072115989,-0.19151144957386224,-1.6574860017244348,1.399951448462118,0.8554166764414635,0.0,1.0,0.0,-0.32649475403488687,-1.2591187092402116,True,False,True,1.0
-0.1347146888217878,-1.5688016190242677,-1.6574860017244348,1.1671319515871728,1.205150078159821,0.0,0.0,1.0,-1.2818566981705775,-1.6120179945004964,True,False,False,1.0
0.7797902739642024,0.24830562116051907,-1.2888688500157235,1.399951448462118,1.5548834798781788,1.0,0.0,1.0,-0.4628296853598949,1.4200981623999456,True,False,False,1.0
-1.714314169997589,-0.9289581544764417,0.0012911809647666106,-0.9282435202873347,-0.5435169304319671,0.0,0.0,0.0,-1.01122168524183,1.360308020593432,False,False,True,1.0
-1.6311773551988626,-1.7001442511065898,1.107142636090901,0.468673460962337,1.5548834798781788,1.0,0.0,0.0,-1.3764772102095755,0.14251340816650898,True,False,True,1.0
1.0292007183603815,-1.5073477269490527,0.18559975681912233,-0.2297850296624989,0.8554166764414635,0.0,0.0,1.0,-1.3978431322828977,1.693277258584879,True,False,True,1.0
-1.2154932812052308,-1.5302423141927606,-1.6574860017244348,1.399951448462118,-0.5435169304319671,0.0,1.0,0.0,-1.1628179894763542,-1.2477791995872523,False,False,False,1.0
0.8629270887629288,-0.3083943423443692,-1.2888688500157235,-0.2297850296624989,1.5548834798781788,1.0,1.0,1.0,-0.6612275331836005,-1.0337030021995623,False,False,True,1.0
1.6111584219514663,0.17239198977348896,1.6600683636539681,-0.6954240234123894,-0.8932503321503247,0.0,1.0,1.0,0.45285268921105454,-0.5306411194137228,False,True,True,1.0
0.11469575557439135,-0.9614925679280261,-0.3673259707439448,0.9343124547122276,0.5056832747231058,1.0,0.0,1.0,-0.9979951620535831,1.4094458957562563,True,False,False,1.0
-0.8829460220103252,-1.4591485959096686,-0.9202516983070119,-1.16106301716228,0.15594987300474816,0.0,0.0,0.0,-1.1211035701903442,1.660633215644541,True,False,True,1.0
-1.714314169997589,1.4677436364569412,0.18559975681912233,1.1671319515871728,0.5056832747231058,0.0,0.0,0.0,0.09675398798901864,-1.6924254265851186,True,False,False,1.0
1.2786111627565606,-1.1169347655300401,-0.7359431224526563,0.468673460962337,-0.8932503321503247,0.0,1.0,0.0,-1.2024975590410951,0.5531411062054966,False,False,True,1.0
-0.2178515036205142,0.5640099294684862,-0.7359431224526563,0.9343124547122276,0.15594987300474816,0.0,0.0,1.0,0.47320118642374226,-0.7488407748570344,False,False,True,1.0
-1.6311773551988626,1.1026352188336053,0.36990833267347806,0.468673460962337,1.5548834798781788,0.0,0.0,0.0,1.4468767780508518,-0.28254639306715446,False,True,True,1.0
1.3617479775552872,0.1880567073612887,-1.1045602741613676,-1.6267020109121706,0.15594987300474816,0.0,1.0,1.0,0.9524082957825392,-0.38769457348550623,True,False,False,1.0
-0.2178515036205142,-0.45660667029047564,0.36990833267347806,0.7014929578372823,-0.5435169304319671,0.0,1.0,1.0,-0.8870958522444348,-0.15059573528726228,False,False,False,1.0
0.11469575557439135,0.7604213884539769,0.36990833267347806,0.7014929578372823,-0.8932503321503247,1.0,0.0,1.0,1.1762417651221047,0.1473241092314009,True,False,True,1.0
-0.38412513321796693,-0.30116447268846147,0.9228340602365452,0.23585396408739168,1.205150078159821,1.0,0.0,0.0,0.33890110482000296,-1.1419437761596305,False,True,False,1.0
0.4472430147692969,0.0723787928667668,-0.3673259707439448,-1.16106301716228,-1.2429837338686824,1.0,0.0,1.0,0.4050337207612384,-0.6203263321234934,True,False,False,1.0
-1.6311773551988626,0.11937294563016611,-1.6574860017244348,-0.2297850296624989,-0.19378352871360946,1.0,1.0,0.0,0.2788730380425741,-0.8883511057388996,True,False,True,1.0
0.6135166443667497,-0.6578380423799052,0.5542169085278338,1.1671319515871728,-0.19378352871360946,0.0,1.0,1.0,-0.27155381156062985,1.2441639520267556,True,False,True,1.0
0.03155894077566496,-1.2567122455442545,-0.9202516983070119,-0.6954240234123894,-0.19378352871360946,1.0,1.0,1.0,-0.8402943086552529,1.138672150103769,False,False,True,1.0
-0.9660828368090516,0.3422939266873185,-0.5516345465983006,-1.6267020109121706,-0.5435169304319671,1.0,0.0,0.0,1.218973609268749,0.911538335539944,False,False,True,1.0
1.6111584219514663,0.02538464010336707,0.0012911809647666106,0.23585396408739168,-1.59271713558704,1.0,0.0,0.0,0.04283047037539595,1.5383039599944324,True,False,True,1.0
1.1954743479578342,1.5472722026719252,0.5542169085278338,-0.46260452653744416,0.5056832747231058,0.0,1.0,0.0,1.7510868113805342,1.4767957106647431,True,False,False,1.0
0.3641061999705705,-0.6228936723763515,0.5542169085278338,0.003034467212446404,-0.19378352871360946,1.0,1.0,0.0,-0.27664093586380184,0.9276885462577954,False,False,False,1.0
-0.7998092072115989,0.7001724746547466,-0.1830173948895891,-0.6954240234123894,-1.2429837338686824,1.0,0.0,0.0,-0.10774840899849338,-0.38872543799941167,True,False,True,1.0
0.3641061999705705,-1.114524808978071,0.9228340602365452,1.1671319515871728,0.15594987300474816,1.0,1.0,1.0,-1.0193610841269054,-1.4597936679471313,True,False,False,1.0
1.6942952367501927,-0.42648221339086045,-0.5516345465983006,-1.16106301716228,0.5056832747231058,1.0,0.0,0.0,0.05707441842427745,0.0679475416606846,False,False,False,1.0
1.3617479775552872,1.4846133323207258,-1.6574860017244348,0.003034467212446404,-1.59271713558704,0.0,1.0,1.0,1.095865201131988,0.7057090542634975,True,False,True,1.0
-1.5480405404001363,0.6616131698232391,1.6600683636539681,-0.6954240234123894,1.205150078159821,1.0,0.0,1.0,1.0917955016894505,1.0905651394548497,False,False,True,1.0
-0.30098831841924056,-1.2543022889922855,0.7385254843821895,0.7014929578372823,-1.59271713558704,0.0,1.0,1.0,-1.0397095813395931,-0.49524810443630374,True,False,False,1.0
1.3617479775552872,1.1038401971095901,1.6600683636539681,-0.9282435202873347,0.15594987300474816,0.0,0.0,0.0,2.170265853961902,1.3307565711948104,True,False,True,1.0
-1.049219651607778,0.1904666639132579,0.36990833267347806,-0.9282435202873347,0.5056832747231058,0.0,1.0,0.0,-0.10774840899849338,-0.6880197685366153,True,False,False,1.0
1.6942952367501927,0.4350772539381332,-0.7359431224526563,0.7014929578372823,0.5056832747231058,1.0,1.0,1.0,0.1527123553239101,0.5507357556730509,True,False,True,1.0
-0.6335355776141461,-0.6361484334121821,1.2914512119452566,-1.6267020109121706,1.5548834798781788,0.0,0.0,0.0,-0.7660222938289427,0.9634251827398498,False,False,True,1.0
-0.6335355776141461,-0.9976419162075642,-0.5516345465983006,1.399951448462118,0.8554166764414635,1.0,0.0,0.0,-0.6998896778877074,-1.4646043690120232,True,False,True,1.0
0.19783257037311774,0.05550909700298224,-0.9202516983070119,-0.9282435202873347,-0.5435169304319671,0.0,0.0,0.0,-0.780266241877824,1.1266453974415394,True,False,True,1.0
1.1954743479578342,0.08804351045456657,1.6600683636539681,1.399951448462118,-0.19378352871360946,1.0,0.0,0.0,0.8771188560955946,-1.2976043177593468,False,False,False,1.0
1.3617479775552872,-0.6891674775555049,-0.1830173948895891,0.468673460962337,0.15594987300474816,1.0,0.0,0.0,-0.562537321702065,-0.4931863754084931,False,True,True,1.0
0.5303798295680233,1.490638223700649,1.107142636090901,-0.9282435202873347,0.8554166764414635,1.0,1.0,1.0,1.935240711155359,1.2582524337167966,True,False,False,1.0
1.4448847923540136,-0.8988336975768265,0.5542169085278338,-0.46260452653744416,-0.19378352871360946,1.0,0.0,0.0,-0.9918906128897768,1.231449956355256,True,False,False,1.0
1.4448847923540136,1.3074815257509886,-1.6574860017244348,1.1671319515871728,0.8554166764414635,1.0,1.0,0.0,1.280019100906812,-1.2357524469250225,False,False,False,1.0
-1.5480405404001363,-1.4748133134974686,-0.7359431224526563,0.7014929578372823,0.5056832747231058,1.0,1.0,1.0,-1.1963930098772888,1.3386598658014182,True,False,False,1.0
1.6942952367501927,0.9483979995075759,0.9228340602365452,0.7014929578372823,1.205150078159821,1.0,0.0,0.0,0.640058863567782,-0.22206900825137055,False,False,False,1.0
-0.9660828368090516,-1.1229596569099634,0.5542169085278338,-0.6954240234123894,0.5056832747231058,1.0,0.0,0.0,-1.2716824495642336,-0.2519640791546273,True,False,False,1.0
-0.6335355776141461,1.1231198495253438,1.107142636090901,-1.3938825140372253,0.15594987300474816,1.0,1.0,0.0,1.1497887187456106,-0.7728942801814939,False,True,False,1.0
-0.051577874023061424,0.47484153704562543,1.2914512119452566,0.23585396408739168,-1.59271713558704,0.0,0.0,0.0,-0.5727115703084088,1.4273142139972836,True,False,True,1.0
0.5303798295680233,0.26517531702430364,0.7385254843821895,1.1671319515871728,-1.2429837338686824,1.0,0.0,0.0,-0.007023347795688912,1.2768079949670936,False,False,True,1.0
0.3641061999705705,-0.37948806062746093,-1.1045602741613676,0.23585396408739168,0.5056832747231058,1.0,1.0,0.0,-0.6327396370858377,-0.3471472359385602,True,False,True,1.0
1.52802160715274,0.923093455711899,0.0012911809647666106,0.468673460962337,0.5056832747231058,1.0,1.0,0.0,1.2250781584325552,1.1829993242017018,True,False,True,1.0
1.4448847923540136,-1.2904516372718235,0.36990833267347806,-1.3938825140372253,0.15594987300474816,1.0,0.0,1.0,-1.1190687204690752,-1.093493144006076,True,False,True,1.0
-0.9660828368090516,0.4230274711782874,0.18559975681912233,-1.3938825140372253,1.5548834798781788,1.0,0.0,1.0,-0.6123911398731499,-1.6731826223255508,True,False,True,1.0
0.696653459165476,-1.259122202096224,0.36990833267347806,-1.6267020109121706,1.205150078159821,1.0,1.0,1.0,-1.1221209950509783,-1.1161721633119952,False,False,True,1.0
-0.2178515036205142,0.738731779486254,1.2914512119452566,0.9343124547122276,-0.8932503321503247,1.0,0.0,0.0,0.6146232420519223,-0.2959476317479248,False,False,True,1.0
-0.9660828368090516,0.5796746470562859,0.9228340602365452,0.23585396408739168,0.5056832747231058,0.0,1.0,1.0,0.7163657281153611,1.2682174573512153,True,False,True,1.0
1.0292007183603815,0.6351036477515779,0.0012911809647666106,-0.9282435202873347,-0.19378352871360946,0.0,1.0,1.0,0.3511102031476157,0.41809785488388834,False,False,False,1.0
-1.1323564664065044,-1.7158089686943898,0.0012911809647666106,-0.46260452653744416,1.5548834798781788,1.0,1.0,0.0,-1.5006030432069708,0.8558716517890518,True,False,True,1.0
0.4472430147692969,1.2026484157403279,-1.2888688500157235,0.468673460962337,0.5056832747231058,1.0,0.0,0.0,0.13846840727502857,-1.0206453850234272,True,False,False,1.0
-1.2986300960039572,-0.9120884586126571,0.36990833267347806,0.23585396408739168,-0.8932503321503247,1.0,1.0,1.0,-0.7548306203619642,-1.4944994399152802,False,True,True,1.0
0.5303798295680233,0.0073099659635979235,1.4757597877996123,-1.6267020109121706,-0.8932503321503247,0.0,0.0,1.0,0.038760770932858485,0.7620629810236599,True,False,True,1.0
0.4472430147692969,-0.5192655406416754,1.6600683636539681,-0.6954240234123894,1.205150078159821,1.0,0.0,0.0,-0.9817163642834329,0.9909149031106605,False,False,True,1.0
1.2786111627565606,-0.021609512660032665,-0.7359431224526563,0.23585396408739168,-1.2429837338686824,1.0,1.0,1.0,-0.0985915852527839,-0.07121916771654573,True,False,True,1.0
0.03155894077566496,1.1363746105611743,0.36990833267347806,0.9343124547122276,1.205150078159821,0.0,0.0,0.0,2.167213579379999,0.17309572207903612,False,False,True,1.0
0.9460639035616552,0.9459880429556067,-0.7359431224526563,0.468673460962337,-1.59271713558704,1.0,1.0,1.0,0.809968815293725,1.719048871432514,False,False,True,1.0
1.52802160715274,-0.23850560233726198,0.9228340602365452,-1.16106301716228,-1.59271713558704,1.0,1.0,1.0,-0.4811433328513139,-0.16330973095876222,False,False,False,1.0
1.6111584219514663,-1.2302027234725932,1.107142636090901,1.1671319515871728,-0.5435169304319671,0.0,0.0,0.0,-1.0620929282735494,-0.44164314971322266,False,False,False,1.0
1.3617479775552872,1.6460804213026632,-1.1045602741613676,-0.6954240234123894,1.205150078159821,0.0,1.0,0.0,1.5994905071460102,-1.2281927738230496,False,False,False,1.0
-0.2178515036205142,0.5784696687803016,-1.1045602741613676,-0.9282435202873347,1.5548834798781788,1.0,0.0,1.0,-0.31937278001044617,0.7534724434077815,False,False,False,1.0
0.03155894077566496,-1.7158089686943898,1.107142636090901,1.6327709453370634,0.5056832747231058,0.0,0.0,0.0,-1.422261328938123,-0.5478221946454797,False,False,True,1.0
1.52802160715274,1.3737553309301418,-1.2888688500157235,-1.6267020109121706,0.15594987300474816,0.0,0.0,1.0,0.5861353459541593,1.673347211316041,True,False,False,1.0
1.6111584219514663,1.02792656572256,0.5542169085278338,-0.9282435202873347,0.15594987300474816,0.0,1.0,1.0,1.4234760062562608,-1.1381639396086438,False,True,False,1.0
0.696653459165476,0.13142272839001234,0.7385254843821895,1.399951448462118,1.205150078159821,0.0,0.0,1.0,0.9300249488485828,1.4465570182568508,True,False,True,1.0
-0.30098831841924056,-1.57723646695616,0.0012911809647666106,-0.9282435202873347,-0.19378352871360946,0.0,0.0,1.0,-1.4568537741996923,0.23013689184846886,True,False,True,1.0
-1.049219651607778,-0.8518395448134268,1.107142636090901,-0.46260452653744416,-1.2429837338686824,1.0,0.0,1.0,-0.6866631546994603,-1.0797482838206705,False,False,True,1.0
0.4472430147692969,1.2315678943639583,0.7385254843821895,-0.2297850296624989,0.5056832747231058,0.0,0.0,1.0,1.2281304330144585,-0.36398468966568165,True,False,False,1.0
0.8629270887629288,0.8327200850130535,0.36990833267347806,-0.6954240234123894,0.5056832747231058,1.0,0.0,0.0,0.9574954200857112,0.951742051582255,True,False,True,1.0
1.1954743479578342,0.49050625463342523,-1.4731774258700792,-0.2297850296624989,-0.5435169304319671,0.0,0.0,1.0,1.2871410749312528,0.8730527270208086,False,True,True,1.0
1.0292007183603815,0.7194521270705003,-1.1045602741613676,0.003034467212446404,-0.8932503321503247,1.0,0.0,1.0,0.7926725926629402,-0.1100483977403162,False,False,False,1.0
-0.5503987628154198,0.898993890192207,1.107142636090901,1.6327709453370634,0.8554166764414635,1.0,0.0,0.0,1.748034536798631,0.07069651369776563,False,False,False,1.0
-0.1347146888217878,0.6001592777480245,-1.2888688500157235,-1.6267020109121706,0.8554166764414635,0.0,0.0,0.0,0.14152068185693187,0.4895711278479966,False,False,True,1.0
-1.46490372560141,-0.9831821768957489,-1.4731774258700792,0.23585396408739168,-1.59271713558704,0.0,0.0,0.0,-0.8870958522444348,0.9331864903319574,True,False,True,1.0
1.1954743479578342,0.4435121018700255,0.5542169085278338,-1.16106301716228,-0.8932503321503247,1.0,0.0,0.0,0.9635999692495174,0.717048563916457,False,True,True,1.0
0.9460639035616552,-0.6638629337598281,-0.7359431224526563,-0.2297850296624989,1.5548834798781788,1.0,0.0,0.0,-0.6195131138975907,-1.188676300790009,True,False,False,1.0
0.2809693851718441,0.024179661827382272,0.18559975681912233,-0.46260452653744416,1.5548834798781788,1.0,0.0,1.0,-0.2888500341914144,1.6544480285611087,False,False,False,1.0
0.696653459165476,0.4893012763574404,-1.6574860017244348,1.399951448462118,0.15594987300474816,0.0,0.0,0.0,-0.5493107985138179,-1.277330648985874,False,True,True,1.0
-1.2986300960039572,-0.7554412827346582,0.18559975681912233,-0.9282435202873347,-0.5435169304319671,0.0,1.0,1.0,-0.42213269093451933,1.2781824809856344,True,False,False,1.0
-0.30098831841924056,-1.1627239400174554,-0.3673259707439448,0.468673460962337,-1.59271713558704,0.0,1.0,1.0,-1.1668876889188915,-0.17980356318124865,True,False,False,1.0
-0.30098831841924056,1.0110568698587754,0.5542169085278338,-0.9282435202873347,-0.19378352871360946,1.0,0.0,1.0,-0.3173379302891774,0.6022789813683214,True,False,False,1.0
1.2786111627565606,0.3025296435798267,1.2914512119452566,-1.16106301716228,0.8554166764414635,0.0,0.0,0.0,0.7672369711470806,-1.3570508380612256,True,False,False,1.0
0.11469575557439135,-1.6254355979955444,-0.5516345465983006,-0.46260452653744416,-0.5435169304319671,1.0,1.0,0.0,-1.4466795255933484,-0.0908055934807485,True,False,False,1.0
1.6111584219514663,-0.24694045026915426,-0.1830173948895891,0.7014929578372823,0.8554166764414635,1.0,0.0,0.0,-0.5615198968414304,1.1716598145487418,False,False,True,1.0
0.9460639035616552,0.6037742125759784,-1.6574860017244348,1.1671319515871728,0.15594987300474816,1.0,0.0,1.0,0.7896203180810369,-1.5834974096157803,False,False,True,1.0
-0.1347146888217878,0.9700876084752987,-1.2888688500157235,-0.6954240234123894,0.8554166764414635,0.0,0.0,1.0,0.9290075239879483,0.09578088353613047,False,False,False,1.0
0.9460639035616552,0.8098254977693459,-0.5516345465983006,1.1671319515871728,-1.59271713558704,0.0,0.0,0.0,0.16288660393025411,-1.6051455644077939,False,False,False,1.0
0.9460639035616552,1.2255430029840355,0.7385254843821895,0.9343124547122276,0.5056832747231058,1.0,0.0,0.0,0.297186685533993,-0.690081497564426,True,False,True,1.0
-0.9660828368090516,0.9303233253678065,1.107142636090901,0.9343124547122276,-1.59271713558704,1.0,0.0,1.0,0.23715861875656413,1.0324931051715118,False,False,True,1.0
0.7797902739642024,1.4303893099014187,-1.1045602741613676,1.6327709453370634,-1.2429837338686824,0.0,1.0,1.0,1.2169387595474803,0.018122423488589747,False,False,False,1.0
1.2786111627565606,0.38446816634677994,0.5542169085278338,0.9343124547122276,-0.19378352871360946,1.0,1.0,1.0,1.1864160137284485,-1.3677031047049146,True,False,True,1.0
0.6135166443667497,1.5653468768116943,1.6600683636539681,1.399951448462118,-1.2429837338686824,1.0,0.0,0.0,0.8923802290051103,0.027743825618373602,True,False,True,1.0
-0.1347146888217878,1.542452289567987,1.4757597877996123,-1.6267020109121706,1.205150078159821,1.0,0.0,1.0,0.490497409054527,0.4012604011567666,True,False,False,1.0
1.2786111627565606,0.7302969315543618,-1.4731774258700792,-1.6267020109121706,0.5056832747231058,0.0,1.0,1.0,1.491643471918765,-0.9910939356248054,True,False,True,1.0
1.3617479775552872,-0.6879624992795204,-1.4731774258700792,-0.6954240234123894,0.15594987300474816,1.0,0.0,0.0,-0.9359322455548855,1.3314438142040805,False,False,False,1.0
0.19783257037311774,-1.0892202651823943,-0.1830173948895891,0.23585396408739168,0.15594987300474816,0.0,0.0,1.0,-0.9705246908164546,0.14526238020359025,False,False,True,1.0
0.8629270887629288,-0.9699274158599182,-1.6574860017244348,-0.46260452653744416,0.8554166764414635,0.0,0.0,1.0,-0.8443640080977906,1.547238119114946,True,False,False,1.0
0.4472430147692969,-0.3433387123479227,-0.5516345465983006,-0.6954240234123894,-0.5435169304319671,0.0,0.0,1.0,-0.4038190434431004,0.04836111589648182,False,False,True,1.0
-0.9660828368090516,1.3219412650628037,0.18559975681912233,1.1671319515871728,1.5548834798781788,1.0,0.0,1.0,1.6595185739234395,0.09440639751758996,True,False,True,1.0
-0.1347146888217878,0.450741971525933,-0.7359431224526563,0.7014929578372823,0.15594987300474816,1.0,0.0,0.0,0.5322118283405369,0.8538099227612409,False,False,False,1.0
1.0292007183603815,-0.5650547151290903,-1.1045602741613676,1.6327709453370634,0.15594987300474816,1.0,0.0,0.0,-1.0122391101024646,-1.6749007298487266,True,False,True,1.0
0.696653459165476,-0.25778525475301567,-1.1045602741613676,-1.6267020109121706,1.205150078159821,1.0,1.0,0.0,-0.32242505459234927,-1.1433182621781706,False,False,False,1.0
-1.714314169997589,0.43025734083419487,0.5542169085278338,0.7014929578372823,1.5548834798781788,0.0,1.0,1.0,-0.0446680676391612,-1.4092813067657661,True,False,False,1.0
-1.049219651607778,-0.9940269813796103,0.0012911809647666106,-1.3938825140372253,-1.2429837338686824,0.0,0.0,0.0,-1.199445284459192,0.5754765040067807,True,False,False,1.0
-0.6335355776141461,0.714632213966562,-0.1830173948895891,1.6327709453370634,-0.5435169304319671,1.0,0.0,0.0,0.12727673380805038,1.5393348245083378,False,False,False,1.0
-0.1347146888217878,-0.45660667029047564,-0.5516345465983006,-1.6267020109121706,1.205150078159821,1.0,1.0,0.0,-0.67038435692931,1.2139252596188639,False,True,False,1.0
0.6135166443667497,-0.07221860025138614,1.2914512119452566,-1.16106301716228,0.15594987300474816,0.0,0.0,0.0,0.5403512272256119,-1.0725322322233328,True,False,False,1.0
0.5303798295680233,0.5917244298161322,-0.7359431224526563,-0.6954240234123894,1.205150078159821,1.0,1.0,0.0,0.4040162959006039,-1.689332833043402,True,False,False,1.0
0.8629270887629288,0.11696298907819694,-0.5516345465983006,-0.2297850296624989,0.8554166764414635,0.0,0.0,1.0,-0.34175612694440255,0.5342419234505642,True,False,False,1.0
0.6135166443667497,-1.7724429476656662,-0.3673259707439448,-0.6954240234123894,-0.19378352871360946,1.0,0.0,0.0,-1.527056089583465,-0.20523155452424882,True,False,True,1.0
-1.049219651607778,0.7543964970740542,-0.7359431224526563,-1.3938825140372253,-0.8932503321503247,1.0,0.0,0.0,0.3745109749422067,-0.3378694553134114,True,False,True,1.0
0.11469575557439135,0.9821373912351445,0.9228340602365452,0.7014929578372823,-1.59271713558704,1.0,1.0,1.0,0.3846852235485507,-1.0096494968751029,True,False,True,1.0
0.8629270887629288,-0.5397501713334136,-1.2888688500157235,0.468673460962337,-0.5435169304319671,0.0,1.0,1.0,-0.6734366315112134,-1.072875853727968,True,False,True,1.0
0.8629270887629288,-0.22163590647347742,0.36990833267347806,0.9343124547122276,1.5548834798781788,1.0,0.0,0.0,-0.284780334748877,0.47720075368113174,True,False,True,1.0
0.11469575557439135,-0.4240722568388913,0.5542169085278338,-0.2297850296624989,-0.8932503321503247,1.0,1.0,1.0,-0.8850610025231661,1.648262841477676,True,False,True,1.0
-0.38412513321796693,1.1122750450414822,-0.3673259707439448,0.9343124547122276,0.15594987300474816,1.0,0.0,0.0,2.028843798333722,1.4633944719839729,True,False,True,1.0
-1.6311773551988626,-0.9651075027559798,0.18559975681912233,0.468673460962337,0.5056832747231058,0.0,0.0,0.0,-1.0397095813395931,-1.3058512338705903,False,False,True,1.0
-1.714314169997589,1.2195181116041125,0.7385254843821895,0.23585396408739168,0.5056832747231058,0.0,1.0,1.0,0.08149261507950296,1.153791496307715,True,False,False,1.0
0.5303798295680233,-0.24573547199316945,0.0012911809647666106,1.6327709453370634,0.5056832747231058,1.0,1.0,0.0,-0.3122508059860054,0.12223973939303606,False,True,False,1.0
-1.2154932812052308,0.530270537740917,1.6600683636539681,1.1671319515871728,-1.2429837338686824,0.0,1.0,0.0,1.1803114645646424,1.048643315889363,False,False,True,1.0
1.6111584219514663,1.666565051994401,-0.7359431224526563,-1.16106301716228,1.205150078159821,1.0,1.0,1.0,1.8284111007887476,-0.1760237266302622,True,False,True,1.0
-0.1347146888217878,0.22902596874476533,0.7385254843821895,-0.46260452653744416,-0.19378352871360946,1.0,1.0,1.0,-0.652070709437891,-1.2453738490548063,True,False,True,1.0
-0.2178515036205142,1.7063293351018933,-0.5516345465983006,0.23585396408739168,0.5056832747231058,0.0,1.0,0.0,1.232200132456996,0.5448941900942535,False,True,False,1.0
0.7797902739642024,1.40990467920968,-0.1830173948895891,-0.9282435202873347,1.205150078159821,0.0,1.0,1.0,2.54773047725726,-0.7797667102741965,False,True,True,1.0
-0.2178515036205142,-0.08667833956320155,0.5542169085278338,1.6327709453370634,-0.5435169304319671,0.0,1.0,0.0,0.6319194646827071,1.563044708328162,True,False,False,1.0
-1.3817669108026835,1.1556542629769282,-0.9202516983070119,1.399951448462118,-1.2429837338686824,1.0,0.0,1.0,-0.13420145537498746,1.5943142652499598,True,False,False,1.0
-0.9660828368090516,-1.6820695769668208,-0.9202516983070119,0.468673460962337,-0.5435169304319671,0.0,1.0,0.0,-1.4476969504539827,-1.5484480161429965,False,False,True,1.0
-1.6311773551988626,-1.5868762931640368,-0.3673259707439448,1.1671319515871728,1.205150078159821,0.0,1.0,1.0,-1.400895406864801,-1.6821167814460645,True,False,True,1.0
-0.7998092072115989,-0.59638415030469,0.0012911809647666106,0.7014929578372823,0.15594987300474816,1.0,1.0,1.0,-0.13114918079308435,-0.07465538276289714,True,False,False,1.0
1.1954743479578342,1.562936920259725,0.0012911809647666106,0.9343124547122276,0.5056832747231058,1.0,0.0,1.0,0.9117113013571638,0.9534601591054306,False,False,False,1.0
1.1954743479578342,0.7965707367335152,-0.5516345465983006,-0.46260452653744416,1.205150078159821,1.0,0.0,0.0,-0.12300978190800924,0.3727398162720504,True,False,False,1.0
-1.5480405404001363,-1.4157693779742226,-1.1045602741613676,-1.16106301716228,1.205150078159821,1.0,0.0,1.0,-1.3581635627181565,0.8132625852142951,True,False,True,1.0
-1.46490372560141,0.126602815286074,1.107142636090901,-1.6267020109121706,-0.5435169304319671,1.0,0.0,0.0,-0.33972127722313383,0.5294312223856723,True,False,False,1.0
1.0292007183603815,0.7098123008626237,0.7385254843821895,0.9343124547122276,-0.19378352871360946,1.0,0.0,1.0,-0.25018788948730775,1.7080529832841895,True,False,False,1.0
-1.3817669108026835,0.7821109974216999,-1.4731774258700792,-1.3938825140372253,-1.59271713558704,0.0,1.0,0.0,1.4051623587648419,1.5197483987441351,True,False,False,1.0
-1.46490372560141,-1.4217942693541457,0.36990833267347806,0.7014929578372823,0.5056832747231058,0.0,0.0,0.0,-1.2686301749823303,-0.24646613508046525,False,True,True,1.0
-0.7998092072115989,1.1749339153926819,-0.9202516983070119,1.1671319515871728,-0.8932503321503247,1.0,1.0,1.0,0.030621372047783556,0.24388175203387427,True,False,True,1.0
-0.6335355776141461,0.6724579743071006,1.107142636090901,-0.9282435202873347,-1.2429837338686824,0.0,0.0,0.0,-0.07112111401565545,1.1166803738071203,False,True,False,1.0
1.4448847923540136,-0.33008395131209206,1.2914512119452566,-0.46260452653744416,-0.8932503321503247,1.0,1.0,1.0,-0.3427735518050371,1.0373038062364037,True,False,False,1.0
1.1123375331591079,0.3555486877231491,-1.1045602741613676,-0.9282435202873347,0.15594987300474816,1.0,1.0,0.0,1.1162136983446758,1.4307504290436348,True,False,True,1.0
-1.714314169997589,0.4627917542857792,1.4757597877996123,1.399951448462118,0.5056832747231058,1.0,1.0,0.0,0.6726164591080824,0.41603612585607747,False,False,False,1.0
-1.5480405404001363,0.5567800598125787,1.107142636090901,-1.3938825140372253,0.15594987300474816,1.0,1.0,0.0,-0.5472759487925491,-1.1000219525941435,True,False,False,1.0
1.3617479775552872,-1.02535641655521,-1.4731774258700792,-0.6954240234123894,0.5056832747231058,0.0,1.0,0.0,-0.7019245276089762,1.1857482962387829,True,False,True,1.0
0.9460639035616552,1.124324827801328,-0.3673259707439448,-1.3938825140372253,-1.2429837338686824,0.0,0.0,1.0,1.518096518295259,0.02052777402103571,True,False,False,1.0
0.3641061999705705,1.3749603092061267,-0.7359431224526563,0.468673460962337,1.5548834798781788,1.0,0.0,1.0,0.9544431455038079,1.0761330362601744,False,False,False,1.0
0.03155894077566496,-1.4145643996982382,1.2914512119452566,0.9343124547122276,-0.5435169304319671,0.0,1.0,1.0,-1.0956679486744845,-1.501715491512618,True,False,False,1.0
0.5303798295680233,-1.3723901600387767,-1.4731774258700792,-0.6954240234123894,-1.59271713558704,1.0,1.0,1.0,-1.304240045104534,-1.2189149931979006,True,False,True,1.0
-0.38412513321796693,1.2556674598836506,1.6600683636539681,-0.9282435202873347,0.8554166764414635,0.0,0.0,0.0,1.6727450971116862,1.0716659566999174,True,False,True,1.0
0.3641061999705705,0.024179661827382272,0.0012911809647666106,-0.2297850296624989,-1.2429837338686824,0.0,0.0,1.0,-0.7955276147873398,0.03152366216936008,False,False,False,1.0
0.3641061999705705,1.064075914002098,-0.5516345465983006,-0.46260452653744416,-0.19378352871360946,0.0,1.0,0.0,0.9015370527508197,0.7136123488701054,True,False,True,1.0
0.5303798295680233,0.9459880429556067,-1.4731774258700792,1.399951448462118,-0.8932503321503247,1.0,1.0,0.0,1.3298729190778973,-0.833715286501913,False,True,False,1.0
-0.2178515036205142,0.2687902518522576,1.107142636090901,1.399951448462118,0.15594987300474816,1.0,1.0,0.0,0.9483385963400017,1.3524047259868237,True,False,False,1.0
-0.38412513321796693,-0.8217150879138116,-0.7359431224526563,-1.16106301716228,1.205150078159821,0.0,1.0,1.0,-0.8189283865819308,-1.3247504166255226,True,False,False,1.0
0.6135166443667497,1.1038401971095901,1.6600683636539681,1.1671319515871728,-1.59271713558704,1.0,1.0,1.0,-0.036528668754086085,-1.410999414288942,False,False,True,1.0
-0.6335355776141461,-1.7350886211101435,-0.9202516983070119,1.399951448462118,1.5548834798781788,0.0,0.0,0.0,-1.4660105979454017,1.3548100765192699,True,False,True,1.0
0.11469575557439135,0.35313873117118,1.2914512119452566,-0.6954240234123894,-0.8932503321503247,0.0,1.0,1.0,-0.4262023903770568,-1.3048203693566849,False,True,False,1.0
-0.051577874023061424,-0.35056858200383034,1.6600683636539681,0.23585396408739168,1.205150078159821,0.0,0.0,0.0,-0.871834479334919,-0.5656905128865068,True,False,True,1.0
-1.2154932812052308,-0.43491706132275276,0.5542169085278338,-1.16106301716228,-1.2429837338686824,1.0,1.0,0.0,-0.13013175593245,0.13735908559698198,True,False,False,1.0
-0.9660828368090516,-0.5903592589247671,-1.2888688500157235,1.6327709453370634,1.205150078159821,1.0,1.0,1.0,-1.0458141305033992,-0.10592493968469442,True,False,True,1.0
-0.051577874023061424,0.8495897808768381,1.2914512119452566,1.399951448462118,0.5056832747231058,1.0,1.0,1.0,1.1396144701392665,0.20608338652400923,True,False,False,1.0
-1.2986300960039572,0.8556146722567612,-0.3673259707439448,-0.2297850296624989,-0.5435169304319671,0.0,1.0,0.0,0.9320597985698515,0.5775382330345916,False,False,False,1.0
-1.3817669108026835,-1.4519187262537607,-1.6574860017244348,1.1671319515871728,0.8554166764414635,0.0,1.0,0.0,-1.1383997928211287,0.9221906021836332,True,False,True,1.0
0.6135166443667497,-1.620615684891606,0.7385254843821895,1.399951448462118,0.15594987300474816,0.0,1.0,0.0,-1.4690628725273047,-0.367077283207398,False,False,False,1.0
1.6111584219514663,1.54847718094791,1.6600683636539681,1.1671319515871728,-0.8932503321503247,1.0,1.0,0.0,0.6543028116166635,-1.3938183390571852,True,False,False,1.0
1.4448847923540136,-0.030044360591924946,0.36990833267347806,0.9343124547122276,-0.8932503321503247,1.0,0.0,0.0,-0.25629243865111395,-0.30900524892406006,True,False,False,1.0
-1.3817669108026835,-0.2553752982010463,-0.9202516983070119,0.468673460962337,1.205150078159821,1.0,1.0,1.0,-0.13725372995689056,-0.8134416177284399,False,False,False,1.0
-1.1323564664065044,1.3484507871344653,-1.1045602741613676,1.1671319515871728,1.5548834798781788,1.0,0.0,0.0,-0.021267295844570405,1.5740405964764868,False,False,False,1.0
1.52802160715274,-0.12644262267069356,0.0012911809647666106,1.6327709453370634,0.15594987300474816,0.0,0.0,0.0,0.13338128297185656,-0.5241123108256552,False,True,True,1.0
0.5303798295680233,1.713559204757801,-0.9202516983070119,0.468673460962337,0.5056832747231058,1.0,0.0,1.0,0.6085186928881161,1.2448511950360261,True,False,True,1.0
0.5303798295680233,-1.3482905945190846,0.0012911809647666106,0.7014929578372823,-0.5435169304319671,0.0,1.0,1.0,-1.3551112881362535,0.914287307577025,True,False,True,1.0
1.1954743479578342,-0.6156638027204437,0.0012911809647666106,-0.6954240234123894,0.5056832747231058,0.0,1.0,1.0,-1.0600580785522808,-0.5502275451779256,True,False,True,1.0
-0.051577874023061424,-1.4470988131498226,-0.5516345465983006,-0.6954240234123894,1.205150078159821,0.0,1.0,0.0,-1.4100522306105105,0.9775136644298902,True,False,False,1.0
0.3641061999705705,0.9917772174430216,0.18559975681912233,1.399951448462118,-0.8932503321503247,1.0,1.0,1.0,1.4845214978943244,0.8589642453307681,False,False,True,1.0
-0.5503987628154198,-1.0072817424154412,1.4757597877996123,-0.6954240234123894,0.5056832747231058,1.0,1.0,1.0,-1.1109293215840002,-1.3041331263474147,False,False,False,1.0
-0.9660828368090516,-1.2627371369241778,1.107142636090901,1.6327709453370634,-1.59271713558704,1.0,0.0,0.0,-0.8738693290561876,0.21329943812134713,False,False,False,1.0
-0.9660828368090516,-0.4686564530503219,-1.4731774258700792,0.9343124547122276,-0.5435169304319671,0.0,0.0,0.0,-0.7049768021908792,-0.32068838008165457,True,False,False,1.0
1.52802160715274,-0.6530181292759666,-0.7359431224526563,-0.9282435202873347,1.205150078159821,0.0,1.0,1.0,-0.9623852919313793,-0.4368324486483307,True,False,True,1.0
-1.1323564664065044,-1.0072817424154412,-0.3673259707439448,-1.3938825140372253,0.15594987300474816,1.0,0.0,1.0,-1.2055498336229982,1.0513922879264441,False,False,True,1.0
-0.5503987628154198,0.4133876449704103,-0.9202516983070119,1.6327709453370634,0.15594987300474816,1.0,0.0,1.0,-0.39262736997612196,0.8225403658394436,False,False,True,1.0
-1.6311773551988626,0.8423599112209301,-1.2888688500157235,-0.2297850296624989,0.5056832747231058,0.0,0.0,0.0,0.09064943882521245,-0.12207515040254578,True,False,False,1.0
0.4472430147692969,0.4266424060062409,0.18559975681912233,-0.9282435202873347,1.5548834798781788,0.0,0.0,0.0,1.3064721472833063,0.2517850466404823,True,False,True,1.0
0.11469575557439135,-1.6182057283396367,0.9228340602365452,0.23585396408739168,-0.8932503321503247,0.0,0.0,0.0,-1.2879612473343838,0.4998797729870506,False,False,False,1.0
0.11469575557439135,-0.8253300227417654,1.107142636090901,1.1671319515871728,-0.19378352871360946,1.0,1.0,0.0,-1.0834588503468716,1.6626949446723518,False,False,False,1.0
-1.2154932812052308,-0.18187162336598536,-0.5516345465983006,-1.3938825140372253,-0.5435169304319671,0.0,0.0,0.0,0.07335321619442768,-0.08084056984632958,False,False,False,1.0
0.5303798295680233,0.839949954668961,-0.1830173948895891,-1.3938825140372253,-0.19378352871360946,0.0,0.0,0.0,1.0979000508532568,1.587441835157257,True,False,True,1.0
1.52802160715274,1.694279552342047,1.6600683636539681,0.23585396408739168,0.15594987300474816,0.0,1.0,0.0,0.20561844807689822,0.6596637726423892,False,False,True,1.0
0.03155894077566496,-1.614590793511683,-0.7359431224526563,-1.16106301716228,-0.8932503321503247,1.0,0.0,0.0,-1.3347627909235655,1.2496618961009183,True,False,True,1.0
1.6942952367501927,1.5002780499085255,-0.5516345465983006,1.6327709453370634,-1.59271713558704,0.0,0.0,0.0,2.1478825070279455,0.8527790582473359,True,False,False,1.0
0.2809693851718441,1.5014830281845104,-1.1045602741613676,0.003034467212446404,-0.19378352871360946,1.0,0.0,0.0,0.7733415203108871,0.6476370199801591,True,False,True,1.0
1.6111584219514663,-0.6108438896165055,0.7385254843821895,0.9343124547122276,1.5548834798781788,1.0,0.0,0.0,-0.4190804163526162,0.1689722640234146,False,True,True,1.0
-1.714314169997589,-1.6411003155833441,0.0012911809647666106,1.399951448462118,1.205150078159821,1.0,0.0,0.0,-1.4100522306105105,1.0747585502416337,False,True,False,1.0
-0.30098831841924056,1.3653204829982495,0.9228340602365452,0.7014929578372823,0.5056832747231058,1.0,1.0,1.0,1.8640209709109514,-0.9330219013414673,True,False,False,1.0
0.03155894077566496,0.19287662046522747,1.6600683636539681,0.003034467212446404,1.5548834798781788,0.0,0.0,1.0,-0.41501071691007857,0.46345589349572636,False,False,True,1.0
1.0292007183603815,-1.283221767615916,-0.3673259707439448,0.003034467212446404,0.8554166764414635,0.0,1.0,1.0,-1.3469718892511782,-0.5904312612202366,True,False,False,1.0
0.8629270887629288,0.9905722391670368,0.9228340602365452,-1.3938825140372253,-0.19378352871360946,0.0,1.0,1.0,0.6024141437243095,-1.282828593060036,True,False,False,1.0
0.19783257037311774,0.4423071235940411,0.18559975681912233,-0.6954240234123894,-1.2429837338686824,0.0,0.0,0.0,0.9615651195282487,1.1458882017011067,True,False,True,1.0
-0.8829460220103252,-1.5736215321282063,-0.7359431224526563,-1.3938825140372253,0.8554166764414635,1.0,1.0,1.0,-1.2950832213588246,-0.8453984176595076,False,False,False,1.0
-1.46490372560141,0.9761124998552219,0.36990833267347806,0.7014929578372823,-0.5435169304319671,1.0,0.0,0.0,0.9778439172983989,1.6547916500657436,True,False,True,1.0
0.2809693851718441,-1.589286249716006,-0.3673259707439448,0.468673460962337,0.5056832747231058,0.0,0.0,0.0,-1.3744423604883067,-0.43889417767614136,False,False,True,1.0
1.4448847923540136,0.15913722873765834,-1.2888688500157235,-1.16106301716228,1.5548834798781788,1.0,0.0,1.0,-0.6286699376433001,1.1943388338546612,False,False,False,1.0
0.696653459165476,-0.9120884586126571,-0.7359431224526563,1.399951448462118,-0.8932503321503247,0.0,0.0,1.0,-0.8575905312860377,1.1647873844560395,False,True,False,1.0
-0.46726194801669335,1.097815305729667,0.18559975681912233,0.9343124547122276,-1.2429837338686824,0.0,1.0,0.0,0.9951401399291837,-0.4547007668893577,False,False,True,1.0
0.3641061999705705,0.5278605811889479,0.5542169085278338,-0.6954240234123894,0.8554166764414635,0.0,0.0,1.0,-0.3234424794529836,0.3373468012946313,False,False,False,1.0
-1.714314169997589,-0.08667833956320155,0.9228340602365452,-1.3938825140372253,1.5548834798781788,1.0,0.0,0.0,0.003150900810654934,-0.984908748541373,True,False,True,1.0
-0.46726194801669335,-1.102475026218225,0.0012911809647666106,1.399951448462118,1.205150078159821,1.0,1.0,1.0,-0.8311374849095434,-0.8038202155986562,True,False,True,1.0
0.6135166443667497,-1.571211575576237,0.9228340602365452,-1.3938825140372253,0.15594987300474816,1.0,1.0,0.0,-1.3907211582584569,-1.5113368936424016,True,False,True,1.0
0.696653459165476,-0.4602216051184296,-1.4731774258700792,1.6327709453370634,-1.2429837338686824,1.0,0.0,0.0,-0.6347744868071065,0.9984745762126335,True,False,True,1.0
-0.30098831841924056,1.0267215874465752,-0.7359431224526563,1.6327709453370634,0.5056832747231058,1.0,0.0,1.0,0.7092437540909203,0.20470890050546872,False,False,False,1.0
-1.46490372560141,-0.1939214061258314,-0.1830173948895891,1.399951448462118,-0.8932503321503247,0.0,0.0,1.0,-0.830120060048909,-0.831309935969467,True,False,False,1.0
-0.38412513321796693,-1.6254355979955444,0.36990833267347806,-0.9282435202873347,0.5056832747231058,1.0,1.0,0.0,-1.380546909652113,1.176126894108999,False,False,False,1.0
0.2809693851718441,-0.45781164856646045,0.18559975681912233,-0.6954240234123894,-1.2429837338686824,0.0,0.0,1.0,-0.6235828133401282,1.1799067306599855,True,False,True,1.0
1.52802160715274,-1.0615057648347483,0.36990833267347806,1.1671319515871728,-1.2429837338686824,0.0,0.0,1.0,-0.9074443494571225,-0.5997090418453853,False,False,False,1.0
0.696653459165476,-0.679527651347628,-0.5516345465983006,-0.46260452653744416,0.15594987300474816,1.0,0.0,0.0,-1.0692149022979902,0.5060649600704833,True,False,True,1.0
-1.2986300960039572,-0.03968418679980181,-0.1830173948895891,1.399951448462118,-0.5435169304319671,0.0,1.0,1.0,0.12625930894741583,1.4087586527469862,True,False,True,1.0
-1.6311773551988626,-1.549521966608514,-0.3673259707439448,-0.6954240234123894,0.8554166764414635,0.0,0.0,1.0,-1.1933407352953858,0.25934471974245527,False,False,False,1.0
-1.1323564664065044,0.6736629525830854,-1.2888688500157235,-0.46260452653744416,-0.5435169304319671,1.0,1.0,0.0,-0.3234424794529836,-0.9433305464805215,False,True,False,1.0
-1.049219651607778,-0.6132538461684746,-1.1045602741613676,1.399951448462118,-0.8932503321503247,1.0,0.0,0.0,-0.7599177446651363,1.02768240410662,False,False,True,1.0
1.2786111627565606,-0.29393460303255375,-0.7359431224526563,-1.16106301716228,0.8554166764414635,1.0,1.0,0.0,-0.6683495072080413,0.09578088353613047,False,False,False,1.0
1.0292007183603815,-0.49396099684599853,-0.5516345465983006,1.6327709453370634,-0.8932503321503247,0.0,1.0,0.0,-0.6459661602740847,0.4744517816440507,False,False,False,1.0
1.1954743479578342,1.4400291361092952,0.36990833267347806,-1.3938825140372253,0.15594987300474816,1.0,0.0,0.0,0.9066241770539918,-0.20385706850570828,True,False,False,1.0
-1.3817669108026835,0.008514944239582505,-1.6574860017244348,0.003034467212446404,0.8554166764414635,0.0,1.0,0.0,0.621745216076363,-0.8776988390952104,False,False,False,1.0
1.1123375331591079,0.3459088615152725,1.6600683636539681,-1.3938825140372253,-0.8932503321503247,1.0,0.0,1.0,-0.35396522527201535,-0.6849271749948991,True,False,False,1.0
0.8629270887629288,-0.33008395131209206,1.107142636090901,-0.46260452653744416,1.205150078159821,1.0,1.0,1.0,-0.1759158746609974,-0.32962253920216805,True,False,False,1.0
-0.46726194801669335,0.7688562363858692,-0.7359431224526563,-0.46260452653744416,-1.2429837338686824,1.0,1.0,1.0,0.8170907893181657,1.0211535955185524,False,False,False,1.0
-1.2986300960039572,-1.2193579189887318,0.9228340602365452,0.003034467212446404,0.5056832747231058,0.0,1.0,0.0,-0.7660222938289427,-1.4786928507020638,True,False,True,1.0
-1.46490372560141,0.40254284048654887,1.4757597877996123,0.23585396408739168,0.15594987300474816,1.0,1.0,0.0,1.2596706036941245,-1.5501661236661721,True,False,False,1.0
-1.1323564664065044,0.09406840183448968,1.2914512119452566,-1.6267020109121706,-1.59271713558704,0.0,0.0,0.0,-0.28071063530633933,-0.9306165508090214,True,False,False,1.0
-0.5503987628154198,1.3689354178262034,-0.3673259707439448,1.399951448462118,-1.2429837338686824,1.0,1.0,0.0,0.05605699356364326,1.0994992985753635,True,False,True,1.0
-1.1323564664065044,0.9098386946760684,1.4757597877996123,0.003034467212446404,-0.8932503321503247,1.0,0.0,0.0,0.7173831529759956,1.0087832213516874,True,False,True,1.0
-1.6311773551988626,1.6689750085463708,-0.1830173948895891,1.6327709453370634,-0.5435169304319671,1.0,0.0,0.0,2.0888718651111513,0.5259950073393211,True,False,True,1.0
-0.38412513321796693,-1.2073081362288858,1.107142636090901,1.6327709453370634,1.205150078159821,1.0,0.0,1.0,-1.2197937816718798,0.8301000389414166,True,False,False,1.0
-1.1323564664065044,-0.1939214061258314,1.6600683636539681,0.468673460962337,1.5548834798781788,1.0,0.0,1.0,-0.374313722484703,-0.755713204949737,True,False,True,1.0
-0.6335355776141461,1.5436572678439713,0.9228340602365452,0.468673460962337,-0.5435169304319671,1.0,0.0,1.0,-0.08333021234326804,0.8060465336169569,True,False,True,1.0
-0.30098831841924056,-1.6097708804077444,0.18559975681912233,0.003034467212446404,1.205150078159821,0.0,1.0,1.0,-1.3856340339552848,0.7785568132461461,False,True,False,1.0
-0.9660828368090516,0.02658961837935165,0.7385254843821895,-1.3938825140372253,-1.59271713558704,0.0,0.0,0.0,0.6064838431668473,-1.6446620374408345,True,False,False,1.0
-0.9660828368090516,0.668843039479147,0.5542169085278338,1.6327709453370634,1.5548834798781788,0.0,0.0,0.0,1.5893162585396665,-0.17361837609781622,False,False,True,1.0
1.0292007183603815,-1.001256851035518,0.9228340602365452,-1.16106301716228,-0.5435169304319671,1.0,1.0,1.0,-0.9277928466698102,0.96479966875839,True,False,False,1.0
-0.051577874023061424,1.6039061816432016,-1.4731774258700792,1.6327709453370634,-0.5435169304319671,0.0,1.0,0.0,0.7275574015823393,1.4599582569376213,True,False,False,1.0
-1.2154932812052308,-1.4410739217698993,0.9228340602365452,-0.6954240234123894,1.205150078159821,0.0,1.0,1.0,-1.144504341984935,-1.4099685497750365,False,False,False,1.0
1.3617479775552872,1.1785488502206358,-0.7359431224526563,-0.6954240234123894,0.5056832747231058,0.0,0.0,1.0,1.2342349821782648,1.3620261281166075,True,False,False,1.0
-0.46726194801669335,-1.1313945048418554,-0.3673259707439448,0.9343124547122276,-0.8932503321503247,0.0,1.0,0.0,-1.105842197280828,0.6819991704436728,False,False,False,1.0
1.1954743479578342,-1.614590793511683,0.9228340602365452,-0.9282435202873347,0.8554166764414635,0.0,1.0,1.0,-1.304240045104534,1.7217978434695953,True,False,True,1.0
-0.051577874023061424,-1.0121016555193796,0.9228340602365452,0.23585396408739168,1.5548834798781788,0.0,1.0,0.0,-1.0743020266011623,-0.45366990237545246,True,False,False,1.0
-0.5503987628154198,-1.4989128790171606,-1.1045602741613676,0.003034467212446404,-1.59271713558704,1.0,1.0,1.0,-1.1607831397550852,1.5458636330964053,True,False,False,1.0
1.0292007183603815,-0.7494163913547353,-0.9202516983070119,0.468673460962337,1.205150078159821,1.0,1.0,1.0,-0.3936447948367565,-1.2062009975264008,False,False,True,1.0
-0.38412513321796693,-0.29634455958452316,-1.4731774258700792,0.003034467212446404,1.5548834798781788,0.0,0.0,1.0,0.3104132087222403,-1.461511775470307,False,False,False,1.0
1.1123375331591079,0.7290919532783774,-0.3673259707439448,-0.6954240234123894,-0.8932503321503247,1.0,1.0,0.0,0.613605817191288,-1.5240508893139018,True,False,True,1.0
0.8629270887629288,-0.7217018910070893,-1.2888688500157235,-0.6954240234123894,0.8554166764414635,1.0,0.0,1.0,-0.43535921412276646,1.3953574140662157,True,False,True,1.0
-0.7166723924128725,0.4543569063538869,-0.9202516983070119,0.7014929578372823,-0.5435169304319671,1.0,1.0,1.0,1.3522562660118538,0.981637122485512,False,False,False,1.0
-0.6335355776141461,1.634030638542817,0.7385254843821895,1.399951448462118,0.15594987300474816,0.0,0.0,1.0,0.018412273720170794,-0.7691144436305074,True,False,False,1.0
1.2786111627565606,1.6882546609621245,-1.2888688500157235,0.003034467212446404,-0.5435169304319671,1.0,1.0,0.0,2.4541273900788965,1.6489500844869462,False,False,True,1.0
-1.714314169997589,-0.47829627925819873,-1.1045602741613676,-1.16106301716228,1.205150078159821,0.0,1.0,1.0,-0.4974221306214641,0.18649696075980646,True,False,False,1.0
-0.5503987628154198,1.306276547475004,1.4757597877996123,0.23585396408739168,0.15594987300474816,1.0,1.0,1.0,1.9413452603191648,-1.5728451429720909,False,False,True,1.0
1.3617479775552872,-0.9506477634441645,0.7385254843821895,-1.6267020109121706,0.8554166764414635,1.0,0.0,1.0,-1.008169410659927,1.3740528807788372,False,False,False,1.0
0.9460639035616552,-1.3037063983076542,-0.9202516983070119,0.9343124547122276,1.205150078159821,1.0,0.0,1.0,-1.0336050321757866,-1.3055076123659553,False,False,True,1.0
-0.46726194801669335,0.2736101649561959,0.5542169085278338,-0.9282435202873347,-1.59271713558704,0.0,1.0,0.0,-0.4791084831300451,0.5160299837049019,False,True,True,1.0
1.1954743479578342,-0.7699010220464736,0.9228340602365452,-1.16106301716228,0.5056832747231058,1.0,0.0,1.0,-0.6154434144550531,-1.1646227954655493,False,False,True,1.0
1.4448847923540136,-1.6398953373073595,1.4757597877996123,0.003034467212446404,-1.2429837338686824,1.0,1.0,0.0,-1.3022051953832652,-0.15437557183824877,True,False,False,1.0
0.8629270887629288,0.126602815286074,0.36990833267347806,0.003034467212446404,-1.59271713558704,0.0,0.0,0.0,0.7611324219832744,-0.20969863408450568,True,False,True,1.0
-1.2986300960039572,1.4460540274892184,-0.9202516983070119,-0.2297850296624989,-1.2429837338686824,1.0,1.0,0.0,1.2159213346868458,0.4820114547460237,True,False,True,1.0
-1.1323564664065044,0.40495279703851805,-0.5516345465983006,-1.3938825140372253,-0.5435169304319671,1.0,1.0,0.0,0.14762523102073807,-1.6346970138064156,True,False,True,1.0
-0.9660828368090516,-1.4543286828057302,-0.9202516983070119,-1.16106301716228,1.205150078159821,0.0,0.0,0.0,-1.2604907760972552,-0.49696621195947954,False,False,True,1.0
-1.049219651607778,-1.1097048958741325,0.18559975681912233,-0.46260452653744416,-0.19378352871360946,1.0,0.0,0.0,-1.1211035701903442,-1.703764936238078,False,False,True,1.0
0.8629270887629288,1.0954053491776978,1.4757597877996123,0.7014929578372823,-0.8932503321503247,0.0,0.0,0.0,1.9677983066956586,1.0912523824641205,False,True,True,1.0
0.9460639035616552,1.3195313085108344,-1.6574860017244348,-1.6267020109121706,0.15594987300474816,0.0,0.0,1.0,1.7368428633316528,0.7771823272276058,False,False,False,1.0
-0.2178515036205142,1.5412473112920022,-0.9202516983070119,-0.46260452653744416,-0.5435169304319671,1.0,1.0,1.0,0.8140385147362624,0.8087955056540385,True,False,True,1.0
0.2809693851718441,1.0411813267583905,-0.3673259707439448,0.003034467212446404,-1.2429837338686824,1.0,0.0,1.0,0.28802986178828355,0.4435258462268885,False,False,True,1.0
-0.5503987628154198,0.050689183899043914,0.0012911809647666106,0.23585396408739168,1.205150078159821,1.0,1.0,1.0,-0.3773659970666063,-0.9199642841653323,True,False,False,1.0
0.696653459165476,0.17962185942939643,-1.1045602741613676,1.399951448462118,1.5548834798781788,0.0,1.0,0.0,-0.2827454850276082,-1.499310140980172,True,False,True,1.0
0.03155894077566496,0.3434989049633033,-1.2888688500157235,0.468673460962337,-1.2429837338686824,0.0,1.0,1.0,0.19646162433118874,-1.6621867341772265,False,False,True,1.0
-0.5503987628154198,0.6073891474039319,0.0012911809647666106,-0.46260452653744416,0.8554166764414635,1.0,0.0,0.0,1.3227509450534567,0.8046720475984166,True,False,True,1.0
-0.2178515036205142,-0.6614529772078589,0.0012911809647666106,-0.9282435202873347,0.8554166764414635,1.0,0.0,0.0,-0.5421888244893771,-0.09321094401319446,True,False,True,1.0
-1.2986300960039572,-0.12041773129077045,-1.6574860017244348,0.468673460962337,-0.5435169304319671,0.0,1.0,0.0,-0.05687716596677396,-0.8165342112701561,False,True,False,1.0
0.6135166443667497,-0.10595799197895527,1.2914512119452566,0.468673460962337,-0.19378352871360946,1.0,0.0,0.0,-0.5879729432179247,-1.2811104855368605,True,False,False,1.0
0.03155894077566496,-1.4386639652179303,1.107142636090901,0.9343124547122276,-1.2429837338686824,0.0,0.0,0.0,-1.2340377297207612,0.11261833726325221,True,False,True,1.0
-0.8829460220103252,-1.402514616938392,-0.7359431224526563,0.003034467212446404,-0.19378352871360946,0.0,0.0,1.0,-1.2116543827868047,1.3634006141351482,True,False,False,1.0
0.696653459165476,-0.26260516785695404,-1.1045602741613676,0.003034467212446404,-1.2429837338686824,0.0,0.0,0.0,0.0977714128496532,0.20161630696375238,True,False,False,1.0
-1.6311773551988626,-0.03968418679980181,-0.3673259707439448,-0.2297850296624989,-0.5435169304319671,0.0,0.0,0.0,-0.2868151844701457,1.3101392809167018,True,False,False,1.0
1.1954743479578342,0.1615471852896275,-0.9202516983070119,-1.6267020109121706,-0.8932503321503247,0.0,1.0,0.0,-0.17896814924290047,1.5767895685135678,True,False,False,1.0
-1.5480405404001363,-0.6024090416846132,0.36990833267347806,-0.46260452653744416,-0.5435169304319671,1.0,1.0,0.0,-1.0173262344056364,-0.4519517948522766,True,False,True,1.0
-0.7998092072115989,1.2387977640198662,1.107142636090901,0.23585396408739168,0.8554166764414635,0.0,0.0,1.0,2.021721824309281,1.644826626431325,True,False,True,1.0
0.5303798295680233,-0.9964369379315795,-0.5516345465983006,-0.6954240234123894,1.5548834798781788,1.0,1.0,1.0,-0.7141336259365887,-1.0319848946763868,True,False,False,1.0
-1.049219651607778,0.40133786221056406,1.4757597877996123,-0.6954240234123894,-0.5435169304319671,1.0,1.0,1.0,0.6431111381496852,1.2335116853830668,True,False,False,1.0
-0.5503987628154198,-1.1868235055371474,0.5542169085278338,-1.16106301716228,-0.8932503321503247,1.0,1.0,1.0,-1.2961006462194589,1.086098059894593,True,False,True,1.0
0.9460639035616552,-0.21802097164552367,-0.1830173948895891,-0.2297850296624989,0.5056832747231058,1.0,1.0,1.0,0.15983432934835082,-0.9491721120593188,True,False,False,1.0
-0.051577874023061424,-1.2747869196840238,0.5542169085278338,-0.6954240234123894,-1.2429837338686824,1.0,1.0,1.0,-1.1119467464446346,-0.13856898262503245,True,False,False,1.0
-0.051577874023061424,0.6302837346476396,1.4757597877996123,0.468673460962337,1.205150078159821,0.0,1.0,1.0,-0.2389962160203294,-1.2580878447263062,True,False,True,1.0
-1.714314169997589,-1.0542758951788407,0.7385254843821895,1.1671319515871728,-1.59271713558704,1.0,0.0,0.0,-0.6876805795600947,-1.454639345377604,False,True,False,1.0
-1.3817669108026835,-0.4758863227062294,-1.2888688500157235,0.9343124547122276,-0.5435169304319671,0.0,1.0,1.0,-0.43027208981959447,-0.6667152352492368,False,False,True,1.0
0.5303798295680233,-0.0023298602442789395,-1.1045602741613676,1.1671319515871728,0.15594987300474816,1.0,0.0,0.0,0.14559038129946933,-1.5587566612820505,True,False,True,1.0
-0.8829460220103252,1.691869595790078,0.36990833267347806,-1.6267020109121706,-0.5435169304319671,0.0,0.0,1.0,2.639298714714355,-0.33890031982731683,False,True,False,1.0
1.3617479775552872,0.08924848873055094,0.18559975681912233,1.1671319515871728,1.205150078159821,0.0,1.0,1.0,-0.09553931067088062,0.15557102534264425,True,False,True,1.0
-0.30098831841924056,-1.2386375714044855,0.18559975681912233,-0.9282435202873347,1.205150078159821,0.0,1.0,1.0,-1.086511124928775,-1.4652916120212935,True,False,False,1.0
-0.8829460220103252,0.724272040174439,-0.9202516983070119,-0.2297850296624989,-1.2429837338686824,0.0,0.0,0.0,1.1731894905402016,-0.3478344789478303,True,False,True,1.0
-0.1347146888217878,1.7075343133778782,1.4757597877996123,1.1671319515871728,-0.19378352871360946,0.0,1.0,1.0,0.39282462243362565,0.9513984300776197,False,False,False,1.0
1.1123375331591079,1.1580642195288973,-0.5516345465983006,0.7014929578372823,0.8554166764414635,0.0,0.0,1.0,0.18221767628230726,0.5363036524783752,False,False,True,1.0
0.03155894077566496,0.17359696804947375,1.2914512119452566,0.003034467212446404,0.8554166764414635,1.0,1.0,0.0,-0.7110813513546856,0.02430761057202219,True,False,True,1.0
0.3641061999705705,-0.7554412827346582,1.107142636090901,1.6327709453370634,1.5548834798781788,0.0,1.0,0.0,-0.6815760303962884,0.9328428688273226,True,False,False,1.0
0.3641061999705705,-0.43009714821881445,-1.4731774258700792,1.1671319515871728,0.15594987300474816,1.0,1.0,0.0,0.189339650306748,-0.47566167867210096,True,False,False,1.0
-0.46726194801669335,0.711017279138608,-0.3673259707439448,1.6327709453370634,-1.59271713558704,0.0,0.0,0.0,-0.051790041663601946,-0.606581471938088,False,False,False,1.0
0.8629270887629288,0.7495765839701155,1.2914512119452566,-0.6954240234123894,-0.5435169304319671,0.0,1.0,0.0,-0.10774840899849338,-0.4179332658933981,True,False,False,1.0
0.7797902739642024,0.8363350198410074,-1.2888688500157235,1.399951448462118,0.8554166764414635,1.0,1.0,1.0,1.0287151603301183,-1.2762997844719686,True,False,True,1.0
-1.714314169997589,-0.820510109637827,-0.7359431224526563,0.468673460962337,-1.2429837338686824,1.0,1.0,1.0,-0.2980068579371239,-0.09561629454564043,True,False,True,1.0
0.7797902739642024,-1.0096916989674103,-1.1045602741613676,-1.16106301716228,1.5548834798781788,0.0,1.0,0.0,-0.7619525943864051,1.511845104137527,True,False,True,1.0
0.8629270887629288,-0.7952055658421502,1.6600683636539681,-1.16106301716228,0.5056832747231058,1.0,0.0,1.0,-0.9979951620535831,0.43905876666663163,True,False,False,1.0
-1.1323564664065044,-1.0434310906949793,1.107142636090901,-1.3938825140372253,-0.8932503321503247,1.0,1.0,0.0,-1.1394172176817632,-0.6794292309207368,False,False,False,1.0
1.1954743479578342,-0.7940005875661656,0.7385254843821895,1.6327709453370634,0.5056832747231058,0.0,0.0,0.0,-0.9979951620535831,0.2449126165477797,True,False,False,1.0
-0.7998092072115989,-1.1410343310497324,1.2914512119452566,-0.46260452653744416,-0.19378352871360946,1.0,1.0,1.0,-0.8697996296136502,-0.9959046366896974,True,False,False,1.0
1.2786111627565606,-0.5096257144337984,0.9228340602365452,-0.46260452653744416,-0.5435169304319671,1.0,1.0,1.0,-0.5869555183572902,0.8256329593811599,False,True,True,1.0
-0.8829460220103252,-0.4084075392510915,-0.5516345465983006,-1.6267020109121706,-0.5435169304319671,0.0,1.0,0.0,0.1099805111772656,1.1531042532984448,False,True,True,1.0
1.52802160715274,-1.7350886211101435,0.0012911809647666106,-1.3938825140372253,0.5056832747231058,0.0,1.0,1.0,-1.4059825311679728,-0.19217393734811355,False,False,False,1.0
-1.5480405404001363,0.37482834013890287,-1.6574860017244348,-0.46260452653744416,-0.8932503321503247,1.0,0.0,0.0,0.5912224702573313,0.5290876008810375,False,False,True,1.0
-1.714314169997589,1.1291447409052668,-0.1830173948895891,0.9343124547122276,-1.59271713558704,0.0,0.0,1.0,1.2484789302271462,0.3198221045582394,False,False,False,1.0
-0.7998092072115989,-0.9120884586126571,0.0012911809647666106,-0.46260452653744416,1.5548834798781788,0.0,0.0,1.0,-0.3631220490177248,-0.7199765684676829,True,False,True,1.0
1.4448847923540136,1.3014566343710656,-0.3673259707439448,-1.3938825140372253,0.8554166764414635,1.0,1.0,0.0,-0.10164385983468699,0.7191102929442679,True,False,False,1.0
-0.1347146888217878,-1.2012832448489628,-0.3673259707439448,1.399951448462118,0.8554166764414635,1.0,0.0,1.0,-0.7527957706406956,-0.6959230631432234,True,False,True,1.0
0.696653459165476,-1.07235056931861,-0.9202516983070119,-1.6267020109121706,1.5548834798781788,0.0,0.0,1.0,-0.8840435776625315,-0.6739312868465747,True,False,True,1.0
0.3641061999705705,1.1978285026363895,0.5542169085278338,0.468673460962337,0.8554166764414635,0.0,0.0,1.0,2.1977363251990307,1.4290323215204592,False,False,True,1.0
0.2809693851718441,1.079740631589898,-0.5516345465983006,1.6327709453370634,-1.59271713558704,0.0,0.0,0.0,1.700215568348815,0.22807516282065798,False,False,True,1.0
-1.2154932812052308,-1.4699934003935302,0.5542169085278338,0.003034467212446404,-0.8932503321503247,1.0,1.0,0.0,-1.1556960154519134,-1.1378203181040085,True,False,True,1.0
0.2809693851718441,0.2965047521999036,0.9228340602365452,-0.2297850296624989,0.15594987300474816,1.0,1.0,1.0,0.9106938764965293,-1.0687523956723461,False,False,False,1.0
0.5303798295680233,-1.7447284473180205,-1.2888688500157235,-1.16106301716228,0.8554166764414635,0.0,1.0,0.0,-1.4263310283806605,-0.3894126810086818,True,False,True,1.0
1.4448847923540136,1.5231726371522332,0.18559975681912233,-1.3938825140372253,1.5548834798781788,0.0,0.0,0.0,0.5942747448392346,0.8830177506552277,True,False,True,1.0
1.4448847923540136,0.7592164101779926,-0.1830173948895891,1.1671319515871728,0.5056832747231058,1.0,0.0,0.0,1.0704295796161283,-0.6309785987671827,True,False,False,1.0
1.2786111627565606,0.8809192160524376,-1.4731774258700792,0.003034467212446404,-0.5435169304319671,0.0,1.0,1.0,0.9198507002422388,-1.0821536343531164,True,False,False,1.0
1.6111584219514663,-1.4157693779742226,-1.1045602741613676,0.23585396408739168,0.8554166764414635,1.0,1.0,0.0,-1.3693552361851349,1.2496618961009183,False,False,True,1.0
-0.7998092072115989,0.251920555988473,-1.4731774258700792,-1.16106301716228,-0.19378352871360946,0.0,1.0,1.0,-0.30004170765839283,0.010906371891251857,False,False,True,1.0
0.8629270887629288,-1.0036668075874873,0.7385254843821895,0.7014929578372823,0.5056832747231058,0.0,1.0,0.0,-0.9745943902589922,1.0393655352642146,False,False,False,1.0
-1.049219651607778,0.8170553674252538,-0.5516345465983006,-0.46260452653744416,-1.59271713558704,0.0,1.0,1.0,0.7743589451715213,-1.1697771180350762,True,False,True,1.0
0.7797902739642024,-1.565186684196314,1.6600683636539681,-1.16106301716228,0.15594987300474816,1.0,1.0,1.0,-1.3439196146692751,0.929406653780971,False,False,False,1.0
1.6942952367501927,-1.182003592433209,-0.5516345465983006,0.468673460962337,-0.5435169304319671,0.0,0.0,1.0,-0.780266241877824,1.1699417070255662,True,False,False,1.0
0.5303798295680233,-1.0566858517308098,0.9228340602365452,0.003034467212446404,-0.5435169304319671,0.0,1.0,0.0,-0.9033746500145851,1.2304190918413505,True,False,False,1.0
-1.5480405404001363,-0.11559781818683212,0.0012911809647666106,0.003034467212446404,-1.2429837338686824,1.0,0.0,1.0,-0.6042517409880748,-1.1958923523873466,True,False,True,1.0
-0.30098831841924056,1.419544505417557,1.2914512119452566,0.468673460962337,0.8554166764414635,1.0,0.0,0.0,2.1387256832822366,-0.024143021581532146,True,False,False,1.0
-1.049219651607778,-0.7168819779031507,-1.1045602741613676,1.6327709453370634,0.15594987300474816,1.0,0.0,1.0,-0.6368093365283752,1.655822514579649,True,False,False,1.0
0.11469575557439135,-1.2651470934761468,-1.4731774258700792,1.6327709453370634,1.205150078159821,0.0,0.0,1.0,-0.8708170544742846,-1.0436680258339812,True,False,True,1.0
-0.2178515036205142,1.2134932202241893,-0.1830173948895891,1.399951448462118,-1.59271713558704,1.0,0.0,0.0,1.5374275906473125,-0.10695580419859986,False,False,True,1.0
0.19783257037311774,-0.8952187627488726,-1.2888688500157235,1.6327709453370634,-0.8932503321503247,1.0,0.0,1.0,-0.4312895146802288,-1.4470796722756312,False,False,True,1.0
0.4472430147692969,0.40977271014245636,1.2914512119452566,-0.2297850296624989,0.5056832747231058,0.0,0.0,0.0,0.1547472050451788,0.3906081345130773,True,False,False,1.0
1.3617479775552872,-0.09029327439115528,-1.1045602741613676,-0.9282435202873347,1.5548834798781788,1.0,0.0,0.0,-0.24510076518413576,1.440715452678054,True,False,True,1.0
-1.5480405404001363,-0.685552542727551,-0.7359431224526563,0.468673460962337,-0.8932503321503247,0.0,0.0,1.0,-0.7904404904841679,0.3390649088178069,True,False,True,1.0
1.0292007183603815,-1.092835200010348,0.5542169085278338,0.7014929578372823,1.5548834798781788,0.0,1.0,0.0,-0.9959603123323144,-1.4402072421829284,True,False,True,1.0
-0.38412513321796693,1.180958806772605,1.107142636090901,-1.3938825140372253,-0.8932503321503247,1.0,0.0,1.0,1.869108095214123,-0.967384051804981,True,False,True,1.0
-1.2154932812052308,-1.408539508318315,-0.3673259707439448,-1.16106301716228,-0.5435169304319671,1.0,1.0,1.0,-1.2238634811144171,-0.3952542465874792,True,False,False,1.0
-0.2178515036205142,0.6097991039559011,-0.3673259707439448,0.468673460962337,-1.59271713558704,0.0,1.0,0.0,0.0977714128496532,-1.4759438786649828,False,False,False,1.0
0.696653459165476,-1.1193447220820096,-0.1830173948895891,1.6327709453370634,-0.5435169304319671,1.0,0.0,0.0,-1.1933407352953858,0.19714922740349575,True,False,True,1.0
0.696653459165476,1.6569252257865246,-0.3673259707439448,1.6327709453370634,-0.5435169304319671,1.0,0.0,1.0,1.2311827075963617,1.398450007607932,False,False,True,1.0
1.0292007183603815,0.39892790565859493,1.4757597877996123,-0.9282435202873347,-0.5435169304319671,1.0,1.0,1.0,-0.3682091733208968,-1.3508656509777932,True,False,False,1.0
-0.30098831841924056,-1.1133198307020864,0.7385254843821895,0.23585396408739168,-0.8932503321503247,0.0,0.0,0.0,-1.2238634811144171,0.1480113522406713,True,False,True,1.0
1.6942952367501927,-0.5530049323692443,0.36990833267347806,1.1671319515871728,0.5056832747231058,0.0,0.0,0.0,-0.11588780788356849,-1.058100129028657,True,False,True,1.0
0.7797902739642024,-1.2916566155478084,1.2914512119452566,-1.6267020109121706,-0.5435169304319671,0.0,1.0,1.0,-1.0509012548065713,-0.5756555365209257,False,False,True,1.0
-1.6311773551988626,-0.9036536106807649,1.4757597877996123,0.9343124547122276,1.205150078159821,0.0,1.0,1.0,-0.46486453508116365,1.5609829793003518,False,False,False,1.0
1.2786111627565606,1.5063029412884488,-0.3673259707439448,-0.6954240234123894,0.5056832747231058,1.0,0.0,0.0,2.149917356749215,1.163756519942134,True,False,False,1.0
0.19783257037311774,0.3784432749668568,-0.5516345465983006,-0.9282435202873347,0.15594987300474816,1.0,0.0,0.0,1.087725802246913,-1.0158346839585353,False,False,True,1.0
0.6135166443667497,1.6545152692345553,0.18559975681912233,-0.6954240234123894,1.205150078159821,0.0,1.0,0.0,1.747017111937997,1.2867730186015127,False,False,False,1.0
-1.46490372560141,-0.5867443240968132,-1.1045602741613676,-0.46260452653744416,-1.2429837338686824,0.0,0.0,0.0,-0.3356515777805964,-1.1673717675026303,True,False,False,1.0
-1.6311773551988626,1.3906250267939264,-0.3673259707439448,-1.6267020109121706,1.5548834798781788,1.0,1.0,0.0,0.7336619507461459,-1.0577565075240218,False,True,False,1.0
1.1954743479578342,1.4086997009336957,1.6600683636539681,-1.6267020109121706,-1.59271713558704,1.0,1.0,1.0,2.3432280802697485,-1.6800550524182536,True,False,True,1.0
-0.2178515036205142,0.7845209539736694,0.0012911809647666106,0.003034467212446404,1.5548834798781788,1.0,0.0,0.0,1.1569106927700514,-0.6804600954346423,True,False,True,1.0
-0.1347146888217878,-0.2360956457852928,0.7385254843821895,0.23585396408739168,-0.19378352871360946,0.0,0.0,1.0,-0.30411140710093026,-0.8498654972197645,False,False,True,1.0
0.9460639035616552,-0.49878090994993707,0.0012911809647666106,-1.6267020109121706,-0.8932503321503247,1.0,0.0,1.0,-0.1352188802356218,1.5678554093930541,True,False,True,1.0
1.6942952367501927,1.6521053126825862,0.18559975681912233,0.23585396408739168,-0.19378352871360946,0.0,0.0,1.0,2.694239657188612,0.276182173469577,True,False,True,1.0
0.696653459165476,-1.3952847472824845,-1.4731774258700792,0.23585396408739168,0.5056832747231058,1.0,0.0,1.0,-1.3398499152267376,-1.4439870787339149,True,False,True,1.0
0.7797902739642024,1.2183131333281276,-0.7359431224526563,-0.46260452653744416,0.8554166764414635,0.0,0.0,1.0,2.233346195321235,-0.452639037861547,False,False,True,1.0
0.19783257037311774,1.4424390926612645,-0.1830173948895891,-1.3938825140372253,-0.5435169304319671,1.0,0.0,0.0,1.9606763326712187,-1.1604993374099275,True,False,False,1.0
-0.7998092072115989,0.46761166738971754,-0.9202516983070119,-0.46260452653744416,0.5056832747231058,1.0,1.0,1.0,1.3665002140607352,-0.5711884569606689,True,False,False,1.0
-0.30098831841924056,0.5001460808413019,1.6600683636539681,1.399951448462118,1.5548834798781788,0.0,0.0,0.0,0.0896320139645779,-0.9189334196514268,False,False,True,1.0
1.52802160715274,1.590651420607371,0.7385254843821895,-0.9282435202873347,-0.8932503321503247,1.0,1.0,1.0,1.5496366889749253,1.2919273411710395,True,False,False,1.0
1.4448847923540136,-1.5567518362644217,0.18559975681912233,-0.46260452653744416,0.5056832747231058,0.0,1.0,0.0,-1.254386226933449,1.0373038062364037,True,False,True,1.0
0.3641061999705705,0.7917508236295769,-1.2888688500157235,1.399951448462118,-1.59271713558704,1.0,1.0,0.0,1.1630152419338575,-0.7196329469630477,True,False,True,1.0
-0.6335355776141461,0.23866579495264242,-1.4731774258700792,-0.9282435202873347,-1.2429837338686824,1.0,0.0,0.0,0.6309020398220725,-1.0086186323611974,True,False,True,1.0
1.0292007183603815,-1.5880812714400214,-0.5516345465983006,0.003034467212446404,0.5056832747231058,1.0,1.0,1.0,-1.4446446758720797,1.06513714811185,True,False,False,1.0
-1.1323564664065044,-0.38792290855935324,0.7385254843821895,1.6327709453370634,1.205150078159821,0.0,1.0,1.0,-0.5696592957265055,-1.2639294103051038,True,False,False,1.0
-1.6311773551988626,-0.5807194327168903,-0.1830173948895891,1.399951448462118,-0.8932503321503247,1.0,0.0,1.0,-0.03958094333598937,-0.7158531104120612,True,False,True,1.0
0.696653459165476,-1.6917094031746978,-1.4731774258700792,1.399951448462118,0.5056832747231058,1.0,1.0,0.0,-1.4181916294955854,0.34353198837806376,True,False,True,1.0
-1.3817669108026835,0.7869309105256386,-1.4731774258700792,-0.2297850296624989,-1.2429837338686824,1.0,0.0,0.0,1.3756570378064448,-0.11245374827276193,False,False,False,1.0
-0.38412513321796693,0.283249991164073,0.5542169085278338,0.9343124547122276,1.205150078159821,0.0,0.0,1.0,0.6817732828537919,-0.473256328139655,True,False,True,1.0
1.1954743479578342,-0.5819244109928748,-1.2888688500157235,0.9343124547122276,0.8554166764414635,0.0,0.0,1.0,-0.6591926834623318,1.2489746530916475,True,False,False,1.0
1.3617479775552872,-0.4457618658066142,-1.6574860017244348,-1.3938825140372253,0.15594987300474816,1.0,1.0,0.0,-0.7049768021908792,-1.3749191563022525,False,True,True,1.0
-0.5503987628154198,1.278562047127358,0.36990833267347806,-0.46260452653744416,-0.8932503321503247,1.0,0.0,0.0,0.7031392049271141,0.21673565316769855,True,False,False,1.0
-0.30098831841924056,1.5195577023242792,1.2914512119452566,0.468673460962337,0.15594987300474816,1.0,1.0,1.0,2.444970566333187,0.08169240184609,False,True,False,1.0
-0.30098831841924056,0.26276536047233445,0.18559975681912233,0.468673460962337,-0.8932503321503247,0.0,0.0,1.0,-0.6480010099953536,0.24285088751996883,True,False,True,1.0
-0.7166723924128725,1.6111360512991095,-0.1830173948895891,0.468673460962337,-1.59271713558704,1.0,0.0,1.0,2.1488999318885798,0.3146677819887124,False,False,False,1.0
0.11469575557439135,0.8254902153571461,-0.7359431224526563,0.468673460962337,0.5056832747231058,0.0,0.0,0.0,-0.03958094333598937,-1.2158223996561843,True,False,False,1.0
-0.2178515036205142,-0.8253300227417654,0.5542169085278338,1.6327709453370634,0.8554166764414635,0.0,1.0,0.0,-0.6551229840197942,-1.2625549242865632,False,False,False,1.0
-0.8829460220103252,-1.3422657031391616,0.36990833267347806,-0.2297850296624989,-0.19378352871360946,0.0,0.0,1.0,-0.921688297506004,-0.07843521931388361,True,False,False,1.0
-0.38412513321796693,-1.5603667710923756,1.6600683636539681,-1.6267020109121706,-0.5435169304319671,0.0,1.0,0.0,-1.3947908577009946,-1.3958800680849959,False,False,False,1.0
1.52802160715274,0.21697618598491952,1.4757597877996123,0.003034467212446404,-0.19378352871360946,1.0,0.0,1.0,-0.237978791159695,1.6798760199041085,False,False,False,1.0
-1.714314169997589,0.126602815286074,0.9228340602365452,-0.6954240234123894,0.5056832747231058,1.0,1.0,0.0,0.011290299695730048,-0.5735938074931148,True,False,False,1.0
-1.46490372560141,-0.7156769996271661,0.7385254843821895,0.23585396408739168,1.5548834798781788,1.0,0.0,0.0,-0.7578828949438675,1.6513554350193924,True,False,True,1.0
0.7797902739642024,-0.7241118475590584,1.6600683636539681,0.003034467212446404,-1.2429837338686824,0.0,1.0,1.0,-0.2959720082158552,0.4380279021527262,False,True,True,1.0
1.52802160715274,1.1604741760808663,0.18559975681912233,1.1671319515871728,0.8554166764414635,1.0,0.0,1.0,2.188579501453321,0.1480113522406713,True,False,True,1.0
1.52802160715274,-0.5289053668495522,-1.2888688500157235,0.003034467212446404,-1.2429837338686824,1.0,1.0,1.0,-0.5493107985138179,1.0043161417914308,True,False,True,1.0
0.4472430147692969,1.3412209174785574,1.4757597877996123,-0.9282435202873347,1.205150078159821,0.0,0.0,1.0,0.4345390417196356,0.10746401469372523,False,False,False,1.0
1.1954743479578342,1.1170949581454206,1.6600683636539681,0.7014929578372823,1.5548834798781788,1.0,1.0,1.0,0.46302693781739857,1.4465570182568508,True,False,True,1.0
-0.051577874023061424,0.008514944239582505,-1.2888688500157235,0.003034467212446404,-0.19378352871360946,1.0,0.0,0.0,-0.39160994511548763,-0.37120074126301955,False,True,False,1.0
-1.46490372560141,0.45194694980191774,-1.1045602741613676,1.1671319515871728,0.8554166764414635,1.0,1.0,0.0,1.054150781845978,0.9397152989200249,True,False,True,1.0
-0.5503987628154198,-1.2326126800245625,0.18559975681912233,0.468673460962337,0.8554166764414635,1.0,0.0,0.0,-0.8657299301711125,1.3104829024213371,True,False,False,1.0
-0.7166723924128725,-0.9241382413725031,-1.2888688500157235,0.9343124547122276,1.205150078159821,0.0,1.0,1.0,-0.9054094997358538,0.28442908958082036,False,True,False,1.0
-1.6311773551988626,-0.3276739947601229,0.5542169085278338,-0.6954240234123894,-1.2429837338686824,1.0,0.0,1.0,-0.4262023903770568,-1.058100129028657,True,False,True,1.0
-1.049219651607778,-1.4796332266014067,1.6600683636539681,1.399951448462118,1.205150078159821,0.0,0.0,0.0,-1.398860557143532,0.8039848045891465,True,False,False,1.0
-0.7998092072115989,-1.5290373359167757,1.6600683636539681,-0.9282435202873347,0.8554166764414635,1.0,1.0,1.0,-1.4497318001752515,1.6925900155756088,False,False,True,1.0
-0.30098831841924056,0.7447566708661771,1.2914512119452566,0.9343124547122276,-0.19378352871360946,1.0,1.0,0.0,0.2198623961257797,1.5860673491387163,False,False,True,1.0
-1.1323564664065044,0.8917640205362991,1.2914512119452566,1.1671319515871728,-0.19378352871360946,0.0,0.0,1.0,1.1233356723691164,-1.0697832601862516,False,False,True,1.0
0.6135166443667497,0.024179661827382272,0.5542169085278338,-0.6954240234123894,-1.2429837338686824,1.0,1.0,0.0,0.37552839980284125,0.1651924274724281,True,False,False,1.0
-0.46726194801669335,1.615955964403048,1.107142636090901,-0.6954240234123894,-1.59271713558704,1.0,1.0,1.0,1.3878661361340574,-0.27945379952543836,False,False,True,1.0
0.11469575557439135,-1.6037459890278214,1.6600683636539681,0.7014929578372823,-1.59271713558704,0.0,1.0,1.0,-1.4375227018476389,0.35899495608664495,False,False,True,1.0
-1.46490372560141,-0.1939214061258314,0.18559975681912233,-1.16106301716228,-1.2429837338686824,1.0,0.0,1.0,0.23919346847783324,0.7314806671111328,True,False,True,1.0
1.0292007183603815,-1.491683009361253,0.18559975681912233,0.23585396408739168,-0.8932503321503247,0.0,0.0,1.0,-1.1821490618284072,0.030836419160089702,True,False,False,1.0
-1.2154932812052308,0.6519733436153625,-1.1045602741613676,-1.6267020109121706,0.5056832747231058,1.0,1.0,0.0,-0.35905234957518734,-0.7704889296490479,True,False,False,1.0
1.1123375331591079,-0.03486427369586327,1.107142636090901,-1.3938825140372253,0.15594987300474816,1.0,1.0,0.0,-0.22983939227461989,0.7912708089176463,False,False,True,1.0
1.2786111627565606,0.2760201215081651,1.6600683636539681,-0.46260452653744416,-1.59271713558704,1.0,1.0,1.0,-0.4811433328513139,0.9562091311425116,False,False,True,1.0
-0.30098831841924056,-1.0181265468993026,0.36990833267347806,0.468673460962337,-0.19378352871360946,0.0,1.0,1.0,-0.5157357781128831,0.5696349384279833,True,False,False,1.0
0.5303798295680233,1.2556674598836506,-0.1830173948895891,0.23585396408739168,0.8554166764414635,1.0,1.0,1.0,1.4712949747060773,-0.09424180852709992,True,False,False,1.0
0.03155894077566496,-1.3217810724474235,-0.9202516983070119,1.1671319515871728,-0.8932503321503247,1.0,1.0,1.0,-0.9033746500145851,-1.5295488333880638,True,False,True,1.0
1.2786111627565606,0.3471138397912569,0.18559975681912233,1.1671319515871728,-1.2429837338686824,1.0,1.0,0.0,-0.27155381156062985,1.04039639977812,True,False,True,1.0
-1.049219651607778,1.3785752440340806,1.107142636090901,-1.3938825140372253,-1.2429837338686824,0.0,0.0,0.0,1.344116867126779,1.1678799779977553,False,False,False,1.0
1.2786111627565606,0.20010649012113496,0.36990833267347806,-0.2297850296624989,0.8554166764414635,0.0,0.0,0.0,0.804881690990553,-0.8433366886316969,True,False,False,1.0
-0.7998092072115989,-1.4422789000458842,-1.6574860017244348,-1.16106301716228,1.205150078159821,1.0,0.0,1.0,-1.1322952436573224,1.236947900429418,False,True,True,1.0
0.4472430147692969,1.0435912833103598,-0.7359431224526563,-0.9282435202873347,-0.8932503321503247,0.0,0.0,0.0,0.5230550045948275,1.0843799523714175,True,False,False,1.0
1.1123375331591079,-0.7072421516952738,-0.5516345465983006,0.468673460962337,1.5548834798781788,1.0,0.0,0.0,-0.9104966240390258,1.0919396254733904,True,False,False,1.0
1.1123375331591079,-0.013174664728140384,-1.6574860017244348,-0.2297850296624989,-0.19378352871360946,0.0,0.0,1.0,-0.5381191250468397,-1.5821229235972398,False,False,False,1.0
0.7797902739642024,0.8038006063894232,1.107142636090901,1.399951448462118,-0.19378352871360946,1.0,1.0,1.0,0.2402108933384674,0.8644621894049301,False,False,True,1.0
-1.5480405404001363,-1.48565811798133,1.6600683636539681,-1.3938825140372253,-0.5435169304319671,1.0,1.0,1.0,-1.2798218484493087,0.4084764527541045,False,False,False,1.0
-0.7166723924128725,0.3097595132357342,-1.4731774258700792,1.1671319515871728,-0.8932503321503247,0.0,0.0,1.0,1.090778076828816,-0.313815949988952,False,True,True,1.0
1.0292007183603815,-1.5724165538522215,1.2914512119452566,1.1671319515871728,-0.19378352871360946,0.0,0.0,0.0,-1.3530764384149847,-0.7433428307828722,False,False,True,1.0
-0.5503987628154198,0.35193375289519563,-1.1045602741613676,0.23585396408739168,0.5056832747231058,1.0,1.0,0.0,0.160851754208985,0.7514107143799706,False,False,True,1.0
-1.049219651607778,0.7664462798339,-0.9202516983070119,0.7014929578372823,-0.8932503321503247,0.0,0.0,1.0,1.3827790118308856,-0.7375012652040749,True,False,False,1.0
0.9460639035616552,-1.4591485959096686,1.4757597877996123,0.468673460962337,1.5548834798781788,1.0,0.0,0.0,-1.0651452028554527,1.5304006653878246,False,False,True,1.0
-0.9660828368090516,-0.33128892958807665,0.5542169085278338,-1.16106301716228,0.15594987300474816,1.0,1.0,1.0,-0.20338634589812582,-1.1151412987980898,True,False,False,1.0
0.9460639035616552,0.9496029777835603,-1.4731774258700792,1.399951448462118,-0.5435169304319671,1.0,1.0,1.0,0.6095361177487503,-0.9642914582632648,True,False,False,1.0
-1.46490372560141,-1.0892202651823943,-0.1830173948895891,0.23585396408739168,1.205150078159821,1.0,0.0,1.0,-0.725325299403567,1.193995212350026,True,False,True,1.0
-0.8829460220103252,0.7351168446583005,0.36990833267347806,1.399951448462118,1.205150078159821,1.0,1.0,1.0,0.2432631679203707,-1.1725260900721572,True,False,True,1.0
-0.9660828368090516,-0.6927824123834587,0.9228340602365452,-1.6267020109121706,-0.8932503321503247,1.0,1.0,0.0,-0.693785128723901,1.5530796846937434,True,False,False,1.0
1.1954743479578342,-1.4374589869419456,1.4757597877996123,0.23585396408739168,-0.19378352871360946,0.0,0.0,0.0,-1.0325876073151523,0.563793372849186,False,False,True,1.0
0.2809693851718441,1.6774098564782631,0.5542169085278338,-1.3938825140372253,-0.8932503321503247,0.0,0.0,0.0,0.011290299695730048,1.3943265495523103,True,False,True,1.0
-1.5480405404001363,-0.21320105854158514,-0.5516345465983006,-0.9282435202873347,-0.19378352871360946,0.0,0.0,1.0,-0.7599177446651363,-0.42377483147219547,True,False,False,1.0
-0.6335355776141461,1.6268007688869093,-0.9202516983070119,1.1671319515871728,0.5056832747231058,1.0,0.0,1.0,1.8467247482801665,-0.21416571364476228,False,False,True,1.0
-0.6335355776141461,-0.32285408165618434,0.5542169085278338,-0.6954240234123894,-0.19378352871360946,0.0,0.0,0.0,-0.402801618582466,1.3874541194596075,True,False,True,1.0
-1.6311773551988626,1.1845737416005584,-1.1045602741613676,0.23585396408739168,1.205150078159821,1.0,0.0,0.0,1.4255108559775296,-0.0938981870224646,True,False,False,1.0
-0.7166723924128725,0.48327638497751774,0.9228340602365452,-0.46260452653744416,-1.59271713558704,0.0,1.0,1.0,0.8160733644575312,0.3493735539568611,True,False,True,1.0
0.3641061999705705,0.8266951936331304,-0.1830173948895891,-0.6954240234123894,-1.2429837338686824,0.0,1.0,0.0,1.4428070786083145,-1.5584130397774154,True,False,True,1.0
-1.2154932812052308,-0.854249501365396,0.7385254843821895,1.6327709453370634,1.5548834798781788,1.0,1.0,0.0,-1.086511124928775,0.9654869117676601,False,False,False,1.0
-1.1323564664065044,1.5038929847364795,0.18559975681912233,0.23585396408739168,-1.2429837338686824,0.0,1.0,0.0,1.8568989968865106,1.257565190707526,True,False,True,1.0
-0.1347146888217878,0.03261450975927455,-0.3673259707439448,1.399951448462118,0.5056832747231058,1.0,0.0,1.0,-0.1504802531451377,0.31398053897944206,False,False,False,1.0
-0.38412513321796693,-0.9120884586126571,1.107142636090901,-0.46260452653744416,1.205150078159821,1.0,1.0,0.0,-0.41399329204944424,-1.446392429266361,True,False,False,1.0
0.11469575557439135,-0.050528991283663255,0.0012911809647666106,0.468673460962337,-0.5435169304319671,1.0,1.0,1.0,0.5942747448392346,0.6314868092623077,True,False,True,1.0
1.4448847923540136,-0.7759259134263965,-0.3673259707439448,1.1671319515871728,-0.8932503321503247,0.0,0.0,1.0,-0.4292546649589601,0.16725415650023875,True,False,False,1.0
-0.9660828368090516,0.5881094949881782,0.18559975681912233,1.6327709453370634,0.5056832747231058,0.0,1.0,0.0,1.538445015507947,1.3259458701299183,False,False,False,1.0
-0.38412513321796693,1.100225262281636,-1.2888688500157235,-0.2297850296624989,-0.19378352871360946,1.0,0.0,1.0,1.245426655645243,0.323945562613861,False,False,True,1.0
1.6942952367501927,1.0688958271060365,1.107142636090901,0.468673460962337,-0.19378352871360946,0.0,1.0,1.0,1.4885911973368617,0.5988427663219702,True,False,False,1.0
-0.8829460220103252,0.7604213884539769,-0.1830173948895891,0.23585396408739168,1.5548834798781788,0.0,0.0,1.0,0.1781479768397698,0.3579640915727395,True,False,True,1.0
0.6135166443667497,1.5075079195644334,0.0012911809647666106,-0.46260452653744416,-0.5435169304319671,1.0,1.0,1.0,1.4214411565349923,0.19714922740349575,True,False,True,1.0
-1.5480405404001363,1.391830005069911,-1.1045602741613676,-1.3938825140372253,-1.59271713558704,1.0,1.0,1.0,0.8343870119489502,-1.2209767222257117,True,False,True,1.0
-1.3817669108026835,0.0567140752789666,1.2914512119452566,0.9343124547122276,1.5548834798781788,0.0,1.0,1.0,-0.38957509539421886,-0.7182584609445072,True,False,False,1.0
-1.5480405404001363,1.3870100919659727,-0.3673259707439448,0.7014929578372823,-0.19378352871360946,0.0,1.0,1.0,0.31143063358287454,-1.1601557159052924,False,False,False,1.0
1.4448847923540136,1.590651420607371,-0.1830173948895891,-0.9282435202873347,0.8554166764414635,1.0,0.0,1.0,1.1640326667944922,-0.5601925688123445,True,False,False,1.0
-0.6335355776141461,0.1555222939097044,-1.4731774258700792,0.9343124547122276,-0.19378352871360946,0.0,0.0,1.0,-0.15861965203021278,1.7039295252285682,True,False,False,1.0
-0.9660828368090516,-0.14090236198250877,-0.7359431224526563,1.1671319515871728,-0.8932503321503247,1.0,1.0,1.0,-0.5462585239319148,-1.4189027088955501,False,False,True,1.0
-1.1323564664065044,-1.1434442876017017,0.36990833267347806,0.23585396408739168,-1.2429837338686824,0.0,0.0,1.0,-1.118051295608441,1.6262710651810273,True,False,False,1.0
-0.6335355776141461,0.1904666639132579,-1.2888688500157235,0.9343124547122276,-1.59271713558704,1.0,0.0,0.0,-0.4526554367535511,1.4956948934196757,False,False,False,1.0
1.4448847923540136,-1.4724033569454993,-0.7359431224526563,0.003034467212446404,0.15594987300474816,0.0,1.0,0.0,-1.1770619375252354,-0.8601741423588186,False,False,False,1.0
0.6135166443667497,0.48689131980547123,1.6600683636539681,-0.46260452653744416,-0.8932503321503247,0.0,0.0,1.0,-0.31632050542854284,-1.420964437923361,True,False,False,1.0
1.6111584219514663,0.7652413015579157,-1.1045602741613676,-0.6954240234123894,1.205150078159821,0.0,0.0,1.0,1.4295805554200673,1.410820381774797,False,False,True,1.0
-1.714314169997589,-1.589286249716006,-1.4731774258700792,1.6327709453370634,1.5548834798781788,0.0,0.0,0.0,-1.3418847649480063,1.43109405054827,True,False,False,1.0
-1.6311773551988626,0.16757207666955062,1.107142636090901,0.9343124547122276,0.15594987300474816,1.0,1.0,0.0,0.19646162433118874,-1.249840928615063,False,False,False,1.0
-1.2986300960039572,1.4026748095537727,0.5542169085278338,1.6327709453370634,-1.59271713558704,1.0,1.0,0.0,1.3827790118308856,1.1654746274653096,True,False,True,1.0
1.1954743479578342,0.9218884774359142,-0.1830173948895891,-1.6267020109121706,0.8554166764414635,1.0,1.0,0.0,1.064325030452322,1.6668184027279735,True,False,True,1.0
-0.5503987628154198,0.09045346700653573,-0.9202516983070119,1.1671319515871728,-1.59271713558704,1.0,1.0,0.0,-0.4312895146802288,-1.5560076892449695,True,False,True,1.0
1.3617479775552872,0.5519601467086399,-1.6574860017244348,-0.46260452653744416,0.5056832747231058,1.0,0.0,1.0,1.292228199234425,1.1888408897804987,False,False,False,1.0
1.52802160715274,-1.329010942103331,0.7385254843821895,-0.6954240234123894,-0.19378352871360946,0.0,1.0,0.0,-1.307292319686437,0.04595576536403586,True,False,False,1.0
1.2786111627565606,0.25794544736839614,0.36990833267347806,-0.2297850296624989,1.5548834798781788,1.0,0.0,1.0,0.1099805111772656,-0.5759991580255608,False,True,True,1.0
-0.6335355776141461,-1.3735951383147615,0.36990833267347806,-1.6267020109121706,-0.8932503321503247,0.0,0.0,0.0,-1.2431945534664708,-0.8175650757840616,False,False,True,1.0
-1.2986300960039572,0.6242588432677165,-1.2888688500157235,-0.6954240234123894,-0.19378352871360946,1.0,0.0,1.0,-0.15454995258767515,0.4624250289818209,False,False,True,1.0
1.6111584219514663,-1.7001442511065898,-1.6574860017244348,0.468673460962337,0.8554166764414635,1.0,0.0,0.0,-1.5006030432069708,-1.2354088254203874,True,False,False,1.0
0.19783257037311774,0.7953657584575309,0.9228340602365452,0.23585396408739168,0.8554166764414635,1.0,0.0,1.0,1.5526889635568282,-0.057817929035775394,False,False,False,1.0
0.7797902739642024,-1.7652130780097588,-1.1045602741613676,0.9343124547122276,1.205150078159821,1.0,1.0,1.0,-1.4660105979454017,1.401198979645013,False,False,True,1.0
-1.5480405404001363,-0.08788331783918613,1.6600683636539681,-0.46260452653744416,1.205150078159821,0.0,1.0,1.0,-0.5910252177998279,-0.8811350541415619,True,False,True,1.0
1.1123375331591079,1.6569252257865246,-0.3673259707439448,-0.2297850296624989,0.5056832747231058,0.0,0.0,1.0,0.023499398023342808,0.31294967446553656,False,False,False,1.0
-0.30098831841924056,-0.37225819097155327,-0.5516345465983006,0.003034467212446404,1.205150078159821,0.0,0.0,1.0,0.25343741652671437,1.403260708672824,True,False,True,1.0
0.7797902739642024,-0.7192919344551201,0.9228340602365452,0.468673460962337,-1.59271713558704,0.0,1.0,0.0,-0.9593330173494765,-1.5566949322542396,False,True,True,1.0
-1.2986300960039572,0.42423244945427174,1.4757597877996123,0.7014929578372823,-1.59271713558704,1.0,1.0,1.0,-0.013127896959495292,0.8606823528539437,False,False,True,1.0
1.1954743479578342,0.9749075215792371,1.6600683636539681,-0.46260452653744416,1.205150078159821,1.0,0.0,0.0,0.2463154425022736,1.7132073058537167,False,False,True,1.0
0.19783257037311774,0.6760729091350546,0.7385254843821895,0.9343124547122276,1.205150078159821,0.0,0.0,1.0,0.21274042210133898,1.5551414137215542,True,False,False,1.0
-1.049219651607778,0.6290787563716548,-1.1045602741613676,-0.9282435202873347,-0.8932503321503247,1.0,0.0,1.0,1.298332748398231,1.597750480296311,False,False,False,1.0
0.2809693851718441,-0.6337384768602129,-0.1830173948895891,1.1671319515871728,0.15594987300474816,1.0,1.0,0.0,-0.4913175814576577,1.3558409410331749,True,False,False,1.0
0.03155894077566496,-0.9783622637918103,0.7385254843821895,0.468673460962337,-0.5435169304319671,0.0,1.0,0.0,-1.118051295608441,-1.3371207907923874,True,False,False,1.0
-0.1347146888217878,-1.445893834873838,1.107142636090901,-1.6267020109121706,1.205150078159821,1.0,1.0,1.0,-1.372407510767038,0.9507111870683496,True,False,False,1.0
-0.2178515036205142,-0.5927692154767363,1.107142636090901,-1.16106301716228,-0.19378352871360946,1.0,1.0,0.0,-0.8016321639511461,-0.26055461677050573,True,False,False,1.0
1.4448847923540136,-0.2553752982010463,0.7385254843821895,-0.46260452653744416,-1.59271713558704,0.0,1.0,0.0,-0.2990242827977583,1.0988120555660934,True,False,True,1.0
0.9460639035616552,-0.04932401300767867,-1.2888688500157235,0.7014929578372823,0.5056832747231058,1.0,0.0,1.0,-0.5645721714233337,-0.21519657815866775,True,False,True,1.0
0.696653459165476,-0.6843475644515664,-0.3673259707439448,0.003034467212446404,1.5548834798781788,0.0,0.0,1.0,-0.5564327725382586,-1.5560076892449695,False,False,False,1.0
-0.051577874023061424,0.012129879067536247,0.7385254843821895,1.6327709453370634,-1.59271713558704,0.0,0.0,0.0,-0.7965450396479742,1.2816186960319855,True,False,False,1.0
-1.049219651607778,1.7039193785499243,0.7385254843821895,-1.6267020109121706,-0.19378352871360946,0.0,0.0,0.0,0.3511102031476157,0.21329943812134713,True,False,False,1.0
-0.6335355776141461,0.17962185942939643,1.6600683636539681,-0.2297850296624989,0.15594987300474816,0.0,0.0,1.0,0.05707441842427745,-1.69586164163147,False,False,False,1.0
1.6111584219514663,-0.6421733247921052,-0.1830173948895891,-0.46260452653744416,-1.59271713558704,0.0,1.0,1.0,-0.5452410990712803,0.6960876521337137,False,True,True,1.0
-0.2178515036205142,0.18203181598136603,1.107142636090901,0.003034467212446404,0.15594987300474816,1.0,1.0,1.0,0.6949998060420388,1.515281319183878,True,False,False,1.0
-1.2154932812052308,1.0869705012458055,-1.1045602741613676,-1.3938825140372253,-0.19378352871360946,0.0,1.0,1.0,0.6013967188636753,0.32016572606287447,False,False,False,1.0
1.2786111627565606,0.09527338011047405,0.0012911809647666106,0.9343124547122276,1.5548834798781788,1.0,1.0,0.0,-0.20440377075876018,-0.07912246232315376,True,False,False,1.0
-0.46726194801669335,0.7797010408697307,0.36990833267347806,-1.3938825140372253,0.15594987300474816,1.0,1.0,1.0,0.9005196278901856,-1.217196885674725,False,False,False,1.0
-1.5480405404001363,-1.6965293162786361,-1.1045602741613676,0.23585396408739168,0.8554166764414635,1.0,0.0,0.0,-1.3947908577009946,-1.3096310704215768,True,False,True,1.0
-1.6311773551988626,1.3568856350663576,-0.9202516983070119,1.1671319515871728,-0.19378352871360946,1.0,0.0,1.0,2.070558217619732,1.3695858012185806,True,False,True,1.0
-1.3817669108026835,0.033819488035259346,-1.4731774258700792,0.003034467212446404,-0.19378352871360946,1.0,0.0,0.0,0.4793057355875488,-1.3560199735473202,False,False,True,1.0
1.4448847923540136,1.2894068516112194,-1.4731774258700792,-1.3938825140372253,-1.2429837338686824,0.0,0.0,0.0,0.16390402879088828,-0.052663606466248396,False,False,False,1.0
0.6135166443667497,-0.019199556108063502,0.18559975681912233,0.7014929578372823,-0.19378352871360946,1.0,0.0,0.0,0.5281421288979995,-1.5003410054940773,True,False,True,1.0
0.6135166443667497,-0.21922594992150823,0.7385254843821895,-0.46260452653744416,0.5056832747231058,1.0,0.0,0.0,0.3653541511964972,1.0012235482497145,False,False,False,1.0
-0.7166723924128725,0.02658961837935165,0.36990833267347806,1.399951448462118,0.8554166764414635,1.0,0.0,0.0,-0.21457801936510404,1.6853739639782708,False,False,False,1.0
-0.9660828368090516,0.7061973660346698,-0.7359431224526563,0.9343124547122276,1.205150078159821,0.0,0.0,0.0,1.1711546408189326,-1.6821167814460645,True,False,True,1.0
0.696653459165476,-0.7168819779031507,-1.2888688500157235,1.6327709453370634,1.205150078159821,0.0,1.0,1.0,-0.5147183532522487,0.5661987233816321,True,False,True,1.0
0.5303798295680233,-1.0060767641394563,-1.6574860017244348,-0.6954240234123894,0.15594987300474816,1.0,0.0,0.0,-0.8647125053104782,1.5750714609903922,False,False,False,1.0
-0.7998092072115989,-0.1878965147459085,-0.3673259707439448,1.6327709453370634,0.5056832747231058,0.0,0.0,0.0,-0.14234085426006257,0.7160176994025516,True,False,True,1.0
0.696653459165476,0.6748679308590702,1.6600683636539681,-0.6954240234123894,-0.8932503321503247,1.0,1.0,0.0,0.1801828265610385,-0.4144970508470469,True,False,False,1.0
-1.3817669108026835,-0.15777205784629333,-0.5516345465983006,-0.6954240234123894,-0.5435169304319671,1.0,0.0,0.0,0.42232994339202284,1.5393348245083378,False,False,True,1.0
1.1123375331591079,-0.6530181292759666,0.18559975681912233,0.9343124547122276,1.205150078159821,0.0,1.0,1.0,-0.23085681713525427,0.5448941900942535,True,False,True,1.0
0.03155894077566496,1.1966235243604046,-1.1045602741613676,-0.9282435202873347,-0.8932503321503247,0.0,0.0,0.0,0.8191256390394345,0.8136062067189304,True,False,False,1.0
-1.5480405404001363,1.0990202840056518,-0.9202516983070119,1.1671319515871728,0.5056832747231058,0.0,0.0,0.0,0.06724866703062148,1.0988120555660934,True,False,False,1.0
1.6942952367501927,-1.0362012210390716,1.6600683636539681,0.468673460962337,0.5056832747231058,1.0,1.0,0.0,-1.1719748132220635,0.27102785090005,False,False,False,1.0
1.6111584219514663,-1.7194239035223435,-0.3673259707439448,-0.2297850296624989,-0.8932503321503247,0.0,0.0,0.0,-1.3927560079797257,0.9740774493835386,True,False,True,1.0
0.7797902739642024,-0.62771358548029,-0.5516345465983006,-1.6267020109121706,0.5056832747231058,1.0,1.0,0.0,-0.036528668754086085,0.7630938455375649,False,False,True,1.0
-0.7998092072115989,-1.0169215686233177,1.4757597877996123,0.003034467212446404,-1.2429837338686824,1.0,0.0,1.0,-1.2258983308356861,0.6294250802344974,True,False,True,1.0
-0.9660828368090516,1.0676908488300518,0.7385254843821895,0.468673460962337,-1.59271713558704,1.0,0.0,1.0,1.0785689785012036,0.20951960157036065,True,False,False,1.0
1.3617479775552872,-0.05534890438760179,-0.7359431224526563,1.399951448462118,0.5056832747231058,1.0,1.0,0.0,0.08149261507950296,0.02533847508592764,True,False,False,1.0
-1.6311773551988626,-1.1904384403651014,1.6600683636539681,-0.9282435202873347,-1.59271713558704,1.0,1.0,1.0,-0.7639874441076737,-0.931991036827562,True,False,False,1.0
1.6942952367501927,0.9893672608910525,-1.6574860017244348,-0.9282435202873347,-0.19378352871360946,0.0,0.0,1.0,0.025534247744611542,-0.043042204336464544,True,False,False,1.0
-0.8829460220103252,-0.3349038644160304,1.4757597877996123,-1.6267020109121706,0.15594987300474816,0.0,0.0,0.0,-0.9003223754326818,1.4431208032104996,True,False,True,1.0
-1.46490372560141,0.43266729738616405,-0.3673259707439448,0.23585396408739168,1.5548834798781788,0.0,1.0,0.0,-0.28071063530633933,0.818073286279187,False,False,False,1.0
0.3641061999705705,1.282176981955312,-0.1830173948895891,1.6327709453370634,-0.19378352871360946,0.0,1.0,0.0,1.89861341617252,0.8544971657705115,True,False,False,1.0
0.7797902739642024,1.3110964605789424,0.7385254843821895,0.23585396408739168,-0.19378352871360946,1.0,1.0,1.0,0.18120025142167306,-1.5467299086198207,True,False,False,1.0
-1.1323564664065044,-0.7180869561791355,0.0012911809647666106,1.1671319515871728,1.5548834798781788,1.0,0.0,0.0,-0.9135488986209289,-1.6645920847096725,False,False,True,1.0
0.19783257037311774,-1.1964633317450242,-0.5516345465983006,-0.6954240234123894,0.8554166764414635,0.0,1.0,1.0,-1.0040997112173893,1.5578903857586353,False,False,False,1.0
-0.7998092072115989,-1.3651602903828692,0.36990833267347806,0.9343124547122276,1.205150078159821,1.0,0.0,1.0,-1.0091868355205613,-0.17464924061172166,True,False,True,1.0
1.3617479775552872,-1.4748133134974686,0.9228340602365452,0.9343124547122276,0.5056832747231058,1.0,0.0,0.0,-1.102789922698925,-0.5014332915197361,False,False,False,1.0
-1.714314169997589,0.3278341873755031,0.36990833267347806,1.6327709453370634,0.15594987300474816,1.0,0.0,1.0,-0.5930600675210965,-1.1350713460669275,True,False,True,1.0
1.52802160715274,-0.5819244109928748,-1.4731774258700792,-0.6954240234123894,1.5548834798781788,1.0,0.0,0.0,-0.507596379227808,1.2259520122810939,True,False,True,1.0
0.7797902739642024,-1.3097312896875772,1.4757597877996123,0.7014929578372823,-0.5435169304319671,1.0,0.0,0.0,-1.3337453660629313,0.9874786880643088,True,False,False,1.0
-0.051577874023061424,0.6483584087874086,-0.5516345465983006,0.003034467212446404,0.8554166764414635,0.0,0.0,0.0,1.2240607335719211,0.44112049569444256,False,True,False,1.0
-1.3817669108026835,0.03622944458722851,0.36990833267347806,-1.6267020109121706,-0.8932503321503247,1.0,1.0,0.0,0.7804634943353275,0.15591464684727932,True,False,True,1.0
1.2786111627565606,-1.4145643996982382,1.107142636090901,-1.16106301716228,-0.5435169304319671,0.0,0.0,1.0,-1.3205188428746841,1.693277258584879,True,False,True,1.0
0.11469575557439135,-1.6495351635152364,-0.1830173948895891,-0.2297850296624989,-1.2429837338686824,0.0,0.0,1.0,-1.472115147109208,-1.4103121712796716,True,False,True,1.0
-0.38412513321796693,0.5929294080921169,-0.7359431224526563,0.468673460962337,-1.59271713558704,1.0,1.0,1.0,1.1223182475084823,-1.2690837328746307,False,False,True,1.0
0.3641061999705705,1.5713717681916173,-0.7359431224526563,-0.6954240234123894,-0.8932503321503247,1.0,1.0,0.0,-0.07417338859755855,-0.7474662888384939,True,False,True,1.0
0.696653459165476,0.557985038088563,-1.2888688500157235,-0.6954240234123894,0.8554166764414635,1.0,1.0,1.0,1.4835040730336897,0.7060526757681324,True,False,False,1.0
-1.5480405404001363,0.41941253635033343,1.6600683636539681,-1.16106301716228,-0.19378352871360946,1.0,0.0,0.0,0.7540104479588335,1.3036104723286344,False,False,True,1.0
-0.2178515036205142,-0.05655388266358637,1.6600683636539681,0.9343124547122276,0.8554166764414635,0.0,1.0,0.0,-0.7110813513546856,-1.4577319389193206,False,False,True,1.0
0.19783257037311774,-0.6361484334121821,1.2914512119452566,0.003034467212446404,1.205150078159821,0.0,1.0,1.0,-0.8392768837946185,-1.6041146998938884,True,False,False,1.0
-1.2154932812052308,-0.8662992841252419,-0.1830173948895891,-0.6954240234123894,-0.19378352871360946,0.0,0.0,0.0,-1.0468315553640337,-0.2980093607757357,False,False,True,1.0
0.7797902739642024,0.871279389844561,0.18559975681912233,0.23585396408739168,-0.19378352871360946,0.0,0.0,1.0,0.7428187744918554,0.07688170078119808,False,False,False,1.0
-0.46726194801669335,-0.2288657761293851,-1.6574860017244348,-0.2297850296624989,-1.59271713558704,0.0,0.0,1.0,0.006203175392558215,0.5363036524783752,False,False,True,1.0
-0.051577874023061424,1.4785884409408028,-0.7359431224526563,0.468673460962337,-0.8932503321503247,0.0,1.0,1.0,0.663459635362373,-0.7990095145337642,True,False,True,1.0
0.6135166443667497,0.9279133688158373,1.107142636090901,0.23585396408739168,0.15594987300474816,0.0,0.0,0.0,1.0928129265500848,1.0850671953806876,True,False,False,1.0
-0.30098831841924056,1.4279793533494494,0.36990833267347806,-0.46260452653744416,0.15594987300474816,1.0,0.0,0.0,0.33279655565619676,-0.5873386676785203,False,False,True,1.0
-0.30098831841924056,-0.19030647129787764,-1.2888688500157235,-0.6954240234123894,-1.59271713558704,0.0,0.0,1.0,-0.7863707910416303,0.3002356787940366,False,False,False,1.0
-0.7998092072115989,-0.011969686452155803,-0.3673259707439448,-1.6267020109121706,-1.59271713558704,0.0,1.0,1.0,-0.07315596373692419,-0.4859703238111552,True,False,True,1.0
1.3617479775552872,0.6218488867157473,0.9228340602365452,-0.46260452653744416,-0.8932503321503247,0.0,0.0,0.0,-0.38957509539421886,-0.14578503422237035,True,False,True,1.0
-0.5503987628154198,-0.5903592589247671,0.5542169085278338,1.1671319515871728,1.205150078159821,1.0,1.0,0.0,-1.0213959338481742,-1.643631172926929,True,False,False,1.0
1.52802160715274,0.913453629504022,-0.1830173948895891,-1.16106301716228,1.5548834798781788,0.0,0.0,1.0,1.6564662993415362,1.4200981623999456,False,False,True,1.0
-0.7998092072115989,0.2326409035727193,0.0012911809647666106,1.6327709453370634,1.5548834798781788,1.0,0.0,0.0,-0.013127896959495292,-1.403439741186969,False,False,False,1.0
-0.30098831841924056,-0.45540169201449104,-1.6574860017244348,-1.6267020109121706,-1.59271713558704,1.0,1.0,0.0,-0.23390909171715754,1.4462133967522162,False,True,False,1.0
-0.9660828368090516,0.29891470875187276,0.7385254843821895,-1.16106301716228,-0.19378352871360946,0.0,0.0,0.0,-0.15760222716957842,1.2132380166095937,True,False,True,1.0
0.11469575557439135,-0.8385847837775962,1.4757597877996123,0.7014929578372823,-0.5435169304319671,1.0,1.0,0.0,-0.6764889060931164,1.6953389876126899,False,False,True,1.0
-0.7166723924128725,1.4617187450770182,-1.6574860017244348,0.7014929578372823,1.205150078159821,0.0,0.0,0.0,2.2882871377954914,0.5675732094001724,True,False,True,1.0
-0.051577874023061424,-0.5746945413369672,1.2914512119452566,0.468673460962337,0.15594987300474816,0.0,0.0,1.0,-0.578816119472215,0.8060465336169569,True,False,False,1.0
-0.051577874023061424,1.6027012033672172,1.6600683636539681,1.1671319515871728,-0.19378352871360946,0.0,0.0,0.0,0.6705816093868137,1.0524231524403496,False,False,True,1.0
0.6135166443667497,-1.7374985776621128,-1.6574860017244348,-0.6954240234123894,0.5056832747231058,1.0,0.0,0.0,-1.4436272510114452,0.3545278765263881,True,False,True,1.0
-1.049219651607778,-0.6891674775555049,0.7385254843821895,-1.6267020109121706,-0.19378352871360946,1.0,0.0,1.0,-0.7711094181321145,-0.05541257850332943,True,False,True,1.0
1.0292007183603815,0.7375268012102697,-1.2888688500157235,0.468673460962337,-0.5435169304319671,1.0,0.0,0.0,1.391935835576595,1.0720095782045527,False,False,True,1.0
-0.46726194801669335,1.2484375902277427,-1.6574860017244348,-1.16106301716228,0.5056832747231058,0.0,0.0,0.0,1.7429474124954594,0.7118942413469298,False,False,True,1.0
1.2786111627565606,1.0905854360737595,1.6600683636539681,1.1671319515871728,0.15594987300474816,0.0,0.0,0.0,-0.22983939227461989,0.7517543358846054,True,False,False,1.0
-0.7166723924128725,-1.3157561810675003,-1.1045602741613676,-0.6954240234123894,-0.19378352871360946,1.0,0.0,1.0,-1.1516263160093758,-1.0367955957412784,True,False,True,1.0
-0.30098831841924056,1.6521053126825862,0.9228340602365452,0.468673460962337,-0.8932503321503247,0.0,0.0,1.0,0.2005313237737262,1.0768202792694446,False,False,True,1.0
-0.7166723924128725,1.6027012033672172,1.2914512119452566,-0.2297850296624989,-0.8932503321503247,0.0,1.0,1.0,2.292356837238029,1.092970489987296,False,True,True,1.0
-1.1323564664065044,0.5507551684326556,1.6600683636539681,-1.6267020109121706,0.15594987300474816,1.0,1.0,1.0,0.4213125185313886,0.3634620356469016,True,False,False,1.0
-1.1323564664065044,-1.7579832083538511,-1.6574860017244348,0.003034467212446404,-0.19378352871360946,1.0,0.0,0.0,-1.5392651879110777,0.24594348106168518,True,False,True,1.0
-1.5480405404001363,-0.49034606201804476,0.7385254843821895,-1.3938825140372253,1.205150078159821,0.0,0.0,0.0,-0.20033407131622272,-1.5896825966992127,True,False,False,1.0
1.6111584219514663,-0.9795672420677952,0.9228340602365452,-0.2297850296624989,-1.59271713558704,0.0,0.0,1.0,-1.081424000625603,-1.3601434316029417,True,False,True,1.0
-1.6311773551988626,0.03020455320730539,1.4757597877996123,0.7014929578372823,-0.5435169304319671,0.0,0.0,1.0,-0.04772034222106448,1.266842971332675,False,True,False,1.0
1.6111584219514663,-1.4940929659132223,0.36990833267347806,0.9343124547122276,-0.5435169304319671,0.0,0.0,0.0,-1.254386226933449,-1.2099808340773872,False,False,True,1.0
0.11469575557439135,0.6435384956834702,1.107142636090901,-0.9282435202873347,-1.59271713558704,1.0,0.0,1.0,1.5587935127206347,0.10918212221690081,True,False,True,1.0
1.2786111627565606,0.7664462798339,1.107142636090901,-0.2297850296624989,1.205150078159821,1.0,0.0,0.0,1.7327731638891153,-0.34886534346173576,True,False,False,1.0
1.2786111627565606,-1.4133594214222536,-0.1830173948895891,-1.6267020109121706,-1.2429837338686824,0.0,1.0,0.0,-1.2248809059750518,-1.6072072934356045,False,False,False,1.0
-0.2178515036205142,0.9435780864036372,-1.4731774258700792,1.6327709453370634,0.15594987300474816,0.0,0.0,1.0,0.791655167802306,1.1775013801275394,False,False,True,1.0
0.3641061999705705,-0.8000254789460888,1.4757597877996123,0.9343124547122276,-0.5435169304319671,1.0,1.0,1.0,-0.8809913030806285,-1.655314304084524,True,False,True,1.0
1.1123375331591079,0.742346714314208,-0.1830173948895891,1.399951448462118,1.5548834798781788,0.0,1.0,1.0,1.0714470044767628,-0.6921432265922369,False,False,True,1.0
0.9460639035616552,0.48568634152948686,1.4757597877996123,-0.9282435202873347,0.15594987300474816,1.0,1.0,1.0,0.9056067521933573,-0.8711700305071428,True,False,True,1.0
1.2786111627565606,0.35193375289519563,0.7385254843821895,0.468673460962337,-0.8932503321503247,1.0,1.0,0.0,0.9890355907653772,-0.0011203807709779605,True,False,True,1.0
-0.5503987628154198,0.8291051501850996,0.0012911809647666106,-0.2297850296624989,0.8554166764414635,0.0,1.0,0.0,0.5617171492989341,-1.0584437505332922,False,False,False,1.0
0.7797902739642024,0.3049396001317959,1.4757597877996123,0.23585396408739168,-0.8932503321503247,0.0,1.0,0.0,0.21375784696197353,1.1183984813302958,False,False,False,1.0
-1.46490372560141,1.1592691978048821,1.2914512119452566,-1.6267020109121706,0.15594987300474816,0.0,0.0,0.0,-0.0670514145731178,-1.69586164163147,False,False,True,1.0
0.4472430147692969,-1.7230388383502975,0.7385254843821895,0.003034467212446404,1.205150078159821,0.0,0.0,0.0,-1.4741499968304768,0.3651801431700774,True,False,False,1.0
-0.1347146888217878,-1.0687356344906558,1.2914512119452566,0.7014929578372823,-1.59271713558704,0.0,1.0,1.0,-1.0641277779948182,-0.7247872695325749,True,False,False,1.0
1.1123375331591079,1.1267347843532978,0.9228340602365452,0.7014929578372823,1.5548834798781788,1.0,0.0,0.0,1.7124246666764273,-1.2893574016481035,False,True,False,1.0
-0.7998092072115989,1.6786148347542473,0.5542169085278338,-0.6954240234123894,-0.19378352871360946,0.0,1.0,0.0,2.2781128891891473,-1.6480982524871859,True,False,False,1.0
-0.2178515036205142,0.3013246653038419,0.18559975681912233,-1.3938825140372253,1.5548834798781788,0.0,0.0,1.0,-0.45062058703228214,-0.7460918028199534,True,False,False,1.0
-0.7166723924128725,-0.060168817491540114,1.107142636090901,-0.46260452653744416,-0.5435169304319671,1.0,0.0,1.0,0.2442805927810049,0.18340436721809036,False,False,True,1.0
1.0292007183603815,1.2918168081631884,-1.2888688500157235,0.468673460962337,-1.2429837338686824,0.0,1.0,0.0,1.208799360662405,-1.4828163087576853,False,False,False,1.0
0.3641061999705705,-1.5808514017841138,0.0012911809647666106,-0.6954240234123894,1.5548834798781788,0.0,0.0,1.0,-1.3998779820041665,-0.8429930671270618,False,True,False,1.0
-0.7166723924128725,0.5146058201531173,0.0012911809647666106,1.399951448462118,0.8554166764414635,1.0,1.0,0.0,1.2403395313420713,1.3785199603390943,False,False,False,1.0
-1.049219651607778,1.4568988319730798,1.6600683636539681,-0.6954240234123894,-0.5435169304319671,0.0,0.0,1.0,1.4346676797232394,1.3276639776530939,False,True,False,1.0
0.11469575557439135,-0.13969738370652418,-1.6574860017244348,0.468673460962337,1.205150078159821,0.0,0.0,1.0,-0.46486453508116365,-0.6983284136756693,False,False,True,1.0
-1.1323564664065044,-1.6133858152356984,0.0012911809647666106,1.1671319515871728,-0.5435169304319671,1.0,0.0,0.0,-1.2767695738674056,0.8998552043823492,False,False,False,1.0
-0.1347146888217878,-0.3469536471758766,-0.5516345465983006,0.003034467212446404,-1.2429837338686824,1.0,1.0,1.0,-0.5482933736531835,-0.6976411706663991,True,False,False,1.0
1.6942952367501927,-1.2868367024438698,-0.3673259707439448,-0.6954240234123894,-0.8932503321503247,1.0,1.0,1.0,-1.280839273309943,1.231449956355256,True,False,False,1.0
-0.38412513321796693,-0.7024222385913356,0.9228340602365452,-1.6267020109121706,0.15594987300474816,0.0,0.0,0.0,-0.14539312884196567,1.2328244423737962,False,True,False,1.0
0.8629270887629288,0.9459880429556067,0.7385254843821895,-0.2297850296624989,1.205150078159821,0.0,1.0,1.0,1.7266686147253087,-1.0601618580564678,True,False,False,1.0
1.4448847923540136,0.815850389149269,-1.4731774258700792,-0.2297850296624989,-0.8932503321503247,1.0,1.0,0.0,1.24237438106334,-0.8440239316409671,True,False,False,1.0
0.11469575557439135,-0.2999594944124769,1.2914512119452566,-0.9282435202873347,0.15594987300474816,1.0,0.0,1.0,9.862622875183437e-05,1.6297072802273789,True,False,True,1.0
1.4448847923540136,-0.5903592589247671,0.9228340602365452,-1.16106301716228,1.5548834798781788,0.0,1.0,1.0,-0.027371845008376607,-0.9350836303692782,True,False,True,1.0
0.11469575557439135,1.367730439550219,-0.9202516983070119,1.399951448462118,0.15594987300474816,0.0,1.0,0.0,-0.2176302939470073,0.9716720988510928,True,False,True,1.0
0.4472430147692969,0.11214307597425861,-1.4731774258700792,0.9343124547122276,0.5056832747231058,1.0,1.0,1.0,-0.5411713996287427,0.2816801175437393,False,True,True,1.0
-1.46490372560141,-0.1854865581939391,-0.7359431224526563,0.468673460962337,0.15594987300474816,0.0,1.0,1.0,-0.8708170544742846,-0.25677478021951927,True,False,True,1.0
-0.8829460220103252,0.013334857343520828,1.107142636090901,-1.3938825140372253,1.205150078159821,1.0,0.0,1.0,0.16492145365152283,-0.35058345098491156,True,False,True,1.0
-0.051577874023061424,0.49773612428933267,-0.5516345465983006,0.468673460962337,-1.2429837338686824,0.0,0.0,1.0,0.4894799841938925,-1.408594063756496,False,True,True,1.0
-0.7998092072115989,0.8050055846654075,0.5542169085278338,0.9343124547122276,1.5548834798781788,0.0,0.0,1.0,0.2595419656905209,-0.8319971789787374,True,False,False,1.0
-0.7998092072115989,-0.33008395131209206,0.0012911809647666106,0.7014929578372823,0.5056832747231058,1.0,1.0,0.0,-0.6775063309537508,0.038396092262062656,False,False,True,1.0
-1.2986300960039572,0.7447566708661771,1.6600683636539681,1.1671319515871728,1.5548834798781788,0.0,0.0,0.0,1.5008002956644746,0.21261219511207674,True,False,True,1.0
-1.3817669108026835,-0.42045732201093755,-0.9202516983070119,0.9343124547122276,-0.8932503321503247,0.0,0.0,0.0,-0.22271741825017916,-0.3900999240179522,True,False,True,1.0
-0.051577874023061424,-1.590491227991991,1.6600683636539681,1.6327709453370634,1.205150078159821,0.0,1.0,1.0,-1.3337453660629313,-0.3413056703597628,True,False,False,1.0
1.52802160715274,0.38928807945071825,-1.1045602741613676,1.399951448462118,-0.8932503321503247,1.0,1.0,0.0,0.6054664183062128,0.43424806560173973,True,False,True,1.0
1.2786111627565606,0.6917376267228543,0.7385254843821895,0.003034467212446404,0.8554166764414635,0.0,0.0,1.0,0.3348314053774655,1.7028986607146628,True,False,False,1.0
0.19783257037311774,-0.9494427851681799,-0.3673259707439448,1.399951448462118,-0.5435169304319671,1.0,1.0,0.0,-0.7354995480099109,-0.24955872862218137,False,False,False,1.0
0.5303798295680233,0.7592164101779926,1.107142636090901,0.003034467212446404,1.205150078159821,1.0,0.0,1.0,1.485538922754959,-0.20351344700107324,True,False,False,1.0
-1.3817669108026835,0.7905458453535921,0.18559975681912233,0.003034467212446404,1.205150078159821,0.0,0.0,0.0,-0.042633217917892464,-0.46604027654231733,False,False,False,1.0
-1.6311773551988626,1.499073071632541,-0.3673259707439448,-0.2297850296624989,-1.2429837338686824,1.0,1.0,0.0,0.8638923329073473,0.1717212360604956,False,False,True,1.0
-0.30098831841924056,0.5664198860204553,0.9228340602365452,1.6327709453370634,-0.19378352871360946,0.0,0.0,0.0,1.2820539506280813,1.0489869373939984,True,False,False,1.0
-0.8829460220103252,0.26517531702430364,1.6600683636539681,-1.6267020109121706,0.15594987300474816,0.0,0.0,0.0,1.0297325851907528,-1.0123984689121839,False,False,False,1.0
-1.3817669108026835,-1.5422920969526064,1.4757597877996123,-1.6267020109121706,0.8554166764414635,0.0,1.0,0.0,-1.23607257944203,-0.003525731303423924,True,False,False,1.0
-0.2178515036205142,-0.10595799197895527,0.5542169085278338,-0.46260452653744416,0.5056832747231058,0.0,0.0,1.0,0.3429708042625408,0.8221967443348087,True,False,False,1.0
-0.30098831841924056,0.7194521270705003,1.4757597877996123,0.23585396408739168,-0.5435169304319671,0.0,1.0,0.0,0.4457307151866138,-0.8770115960859401,True,False,True,1.0
0.7797902739642024,0.8387449763929766,-1.2888688500157235,0.003034467212446404,-0.19378352871360946,0.0,1.0,0.0,1.3715873383639072,-0.919277041156062,False,False,False,1.0
-0.1347146888217878,-0.7855657396342733,-0.1830173948895891,-0.6954240234123894,1.205150078159821,0.0,0.0,1.0,-0.5208229024160551,-0.5076184786031687,False,False,True,1.0
0.8629270887629288,-0.5746945413369672,0.18559975681912233,-0.2297850296624989,1.5548834798781788,0.0,0.0,1.0,-0.24815303976603886,-0.7113860308518045,True,False,False,1.0
-0.1347146888217878,-1.0181265468993026,0.9228340602365452,-1.16106301716228,-0.8932503321503247,0.0,0.0,0.0,-1.0987202232563875,0.3476554464336853,True,False,True,1.0
1.1954743479578342,1.615955964403048,0.9228340602365452,-0.46260452653744416,0.5056832747231058,0.0,0.0,0.0,1.870125520074758,0.13667184258771184,False,False,False,1.0
0.03155894077566496,-1.3796200296946846,1.107142636090901,-1.3938825140372253,0.5056832747231058,1.0,1.0,0.0,-1.1251732696328816,-1.0948676300246165,False,False,False,1.0
-1.714314169997589,-1.525422401088822,1.2914512119452566,1.6327709453370634,-1.2429837338686824,0.0,0.0,0.0,-1.417174204634951,0.03873971376669797,False,False,True,1.0
0.5303798295680233,-0.2710400157888463,1.107142636090901,0.468673460962337,1.5548834798781788,0.0,0.0,1.0,-0.1555673774483097,-0.6148283880493313,False,False,False,1.0
-0.1347146888217878,-0.36382334303966096,-0.5516345465983006,1.6327709453370634,-0.19378352871360946,1.0,1.0,1.0,0.14152068185693187,-1.418559087390915,True,False,False,1.0
0.4472430147692969,1.3315810912706807,-0.9202516983070119,0.003034467212446404,0.8554166764414635,0.0,1.0,1.0,0.655320236477298,-0.9900630711109,False,False,False,1.0
1.0292007183603815,0.9580378257154525,-1.4731774258700792,-0.2297850296624989,1.5548834798781788,1.0,0.0,1.0,0.37349355008157215,0.26140644877026614,True,False,True,1.0
-1.714314169997589,1.5713717681916173,0.18559975681912233,0.9343124547122276,0.8554166764414635,0.0,1.0,0.0,1.7551565108230718,0.4493674118056856,False,False,True,1.0
-0.7998092072115989,-1.4567386393576993,-1.6574860017244348,0.9343124547122276,-0.19378352871360946,0.0,1.0,1.0,-1.372407510767038,1.604622910389014,True,False,True,1.0
1.52802160715274,0.3302441439274723,-0.1830173948895891,0.003034467212446404,1.5548834798781788,0.0,0.0,0.0,0.7173831529759956,-1.5309233194066043,True,False,False,1.0
0.696653459165476,0.18082683770538124,0.18559975681912233,0.7014929578372823,0.8554166764414635,0.0,1.0,1.0,-0.6235828133401282,-1.6652793277189428,True,False,False,1.0
1.4448847923540136,-0.5614397803011365,0.7385254843821895,-0.9282435202873347,0.8554166764414635,0.0,0.0,1.0,-0.2440833403235014,-0.2822027715625194,True,False,True,1.0
1.52802160715274,-1.430229117286038,-1.1045602741613676,0.003034467212446404,1.205150078159821,1.0,0.0,1.0,-1.1149990210265377,-0.4031575411940872,True,False,False,1.0
-0.8829460220103252,-1.3651602903828692,1.107142636090901,-1.3938825140372253,-0.19378352871360946,0.0,1.0,1.0,-1.1638354143369882,-1.4195899519048205,True,False,False,1.0
0.9460639035616552,-0.15777205784629333,0.18559975681912233,1.1671319515871728,1.5548834798781788,1.0,0.0,1.0,0.3633193014752285,-0.5904312612202366,False,False,True,1.0
1.1954743479578342,-0.9337780675803801,-0.5516345465983006,-1.16106301716228,0.15594987300474816,0.0,0.0,1.0,-0.6734366315112134,0.3806431108786584,False,False,True,1.0
1.0292007183603815,0.38205820979481075,-0.3673259707439448,-0.9282435202873347,-1.2429837338686824,1.0,1.0,0.0,-0.15760222716957842,0.22601343379284708,True,False,False,1.0
-0.30098831841924056,0.843564889496915,0.36990833267347806,-0.6954240234123894,-0.5435169304319671,0.0,0.0,0.0,0.6461634127315885,1.6486064629823114,False,False,True,1.0
-1.6311773551988626,0.2663802953002884,-0.1830173948895891,0.003034467212446404,-0.5435169304319671,0.0,0.0,0.0,0.045882744957299236,-1.207231862040306,False,False,False,1.0
0.2809693851718441,0.9941871739949908,-0.5516345465983006,-0.2297850296624989,-0.8932503321503247,0.0,1.0,0.0,0.9707219432739582,1.232137199364526,True,False,True,1.0
0.2809693851718441,1.1833687633245742,-0.9202516983070119,-0.2297850296624989,0.8554166764414635,1.0,0.0,0.0,1.652396599898999,-1.186614571762198,True,False,False,1.0
1.0292007183603815,-0.4674514747743373,-0.1830173948895891,-0.2297850296624989,-0.8932503321503247,0.0,1.0,1.0,-0.4373940638440352,-0.90175234441967,False,False,False,1.0
0.9460639035616552,-0.18187162336598536,-0.7359431224526563,0.003034467212446404,0.15594987300474816,0.0,0.0,0.0,0.09064943882521245,-0.3911307885318577,True,False,False,1.0
1.2786111627565606,1.149629371597005,1.6600683636539681,0.468673460962337,-1.59271713558704,0.0,1.0,1.0,0.3795980992453787,-1.2137606706283737,True,False,True,1.0
1.4448847923540136,-0.1445172968104625,1.2914512119452566,0.9343124547122276,-0.8932503321503247,1.0,1.0,1.0,-0.32649475403488687,-0.12413687943035667,False,False,False,1.0
-0.30098831841924056,0.913453629504022,0.36990833267347806,-1.3938825140372253,0.15594987300474816,1.0,0.0,1.0,-0.3753311473453374,0.697462138152254,True,False,True,1.0
-1.5480405404001363,-0.11318786163486276,0.18559975681912233,-0.2297850296624989,-1.59271713558704,0.0,1.0,1.0,0.33279655565619676,-1.6563451685984294,False,False,True,1.0
-1.46490372560141,-0.0613737957675247,-1.1045602741613676,0.23585396408739168,-1.2429837338686824,0.0,0.0,0.0,0.4487829897685171,-1.1113614622471033,True,False,False,1.0
0.11469575557439135,0.7580114319020078,0.7385254843821895,-1.6267020109121706,-0.8932503321503247,1.0,0.0,0.0,1.4529813272146583,0.45933243544010455,False,False,False,1.0
-0.30098831841924056,-0.24453049371718488,0.0012911809647666106,-1.3938825140372253,1.5548834798781788,0.0,1.0,1.0,-0.41399329204944424,-1.4838471732715908,True,False,False,1.0
-1.3817669108026835,1.1026352188336053,1.2914512119452566,0.9343124547122276,0.15594987300474816,0.0,1.0,0.0,0.6370065889858787,-0.3230937306141005,False,False,False,1.0
1.52802160715274,1.4737685278368644,1.107142636090901,-0.2297850296624989,1.5548834798781788,0.0,1.0,0.0,2.499911508807444,-0.6993592781895747,True,False,False,1.0
-1.2986300960039572,-1.5266273793648066,-0.5516345465983006,-1.6267020109121706,1.205150078159821,1.0,1.0,1.0,-1.259473351236621,-0.048883769915261915,False,False,False,1.0
1.1954743479578342,0.4278473842822257,0.7385254843821895,0.7014929578372823,0.8554166764414635,1.0,0.0,0.0,-0.2949545833552208,1.2857421540876073,False,True,True,1.0
0.9460639035616552,-1.5013228355691297,0.5542169085278338,1.1671319515871728,1.5548834798781788,1.0,0.0,1.0,-1.1190687204690752,-1.560474768805226,False,False,True,1.0
-0.6335355776141461,-1.2048981796769165,0.7385254843821895,-1.16106301716228,1.5548834798781788,0.0,0.0,1.0,-1.2462468280483738,1.2795569670041747,True,False,True,1.0
1.1123375331591079,-1.013306633795364,-0.7359431224526563,-0.46260452653744416,1.5548834798781788,0.0,0.0,1.0,-0.7365169728705453,-0.3615793391332357,True,False,True,1.0
1.2786111627565606,1.2255430029840355,0.7385254843821895,-0.46260452653744416,-0.8932503321503247,1.0,0.0,1.0,0.5149156057097521,0.2590010982378202,False,False,False,1.0
0.5303798295680233,0.8447698677728998,0.9228340602365452,0.23585396408739168,-0.8932503321503247,0.0,1.0,1.0,1.54149729008985,0.9204724946604577,True,False,False,1.0
-0.9660828368090516,-1.2085131145048702,0.0012911809647666106,-0.46260452653744416,-0.8932503321503247,1.0,1.0,0.0,-0.9328799709729823,-1.7003287211917266,True,False,False,1.0
0.8629270887629288,0.13985757632190463,1.2914512119452566,1.399951448462118,-1.59271713558704,0.0,0.0,0.0,0.1496600807420068,0.6651617167165512,False,False,True,1.0
-0.38412513321796693,1.1592691978048821,0.36990833267347806,-0.9282435202873347,1.205150078159821,1.0,1.0,1.0,1.410249483068014,-0.7110424093471693,False,False,True,1.0
-0.30098831841924056,-0.03847920852381723,-0.1830173948895891,-1.16106301716228,0.8554166764414635,0.0,1.0,0.0,-0.5727115703084088,0.0775689437904682,True,False,True,1.0
1.6942952367501927,-1.7013492293825745,1.107142636090901,-0.46260452653744416,0.15594987300474816,1.0,1.0,1.0,-1.403947681446704,-0.7643037425656155,True,False,False,1.0
-1.2986300960039572,1.5508871374998792,-1.1045602741613676,1.399951448462118,0.8554166764414635,0.0,1.0,1.0,2.1855272268714176,-0.8811350541415619,True,False,False,1.0
0.6135166443667497,1.6725899433743243,-1.4731774258700792,1.399951448462118,0.8554166764414635,1.0,0.0,1.0,0.5332292532011711,-0.49078102487604713,True,False,True,1.0
-1.2154932812052308,-0.16620690577818562,-1.2888688500157235,0.7014929578372823,1.5548834798781788,0.0,1.0,1.0,0.14762523102073807,1.5479253621242162,True,False,False,1.0
0.5303798295680233,1.447259005765203,-1.1045602741613676,-0.46260452653744416,-0.5435169304319671,1.0,1.0,1.0,1.3715873383639072,-0.7612111490238993,True,False,False,1.0
-0.38412513321796693,0.6989674963787622,-0.3673259707439448,1.6327709453370634,-0.8932503321503247,1.0,1.0,0.0,1.3960055350191325,0.011593614900522237,False,True,True,1.0
-0.5503987628154198,-0.26140018958096944,0.36990833267347806,-0.6954240234123894,-1.59271713558704,1.0,0.0,1.0,0.06012669300618073,1.0768202792694446,True,False,True,1.0
1.6942952367501927,0.13503766321796631,-1.4731774258700792,-0.2297850296624989,-0.19378352871360946,0.0,1.0,0.0,-0.2522227392085765,-1.4749130141510773,True,False,False,1.0
1.6111584219514663,0.38205820979481075,1.6600683636539681,1.1671319515871728,1.205150078159821,1.0,1.0,1.0,-0.26850153697872675,0.32463280562313135,True,False,True,1.0
1.1123375331591079,-1.2398425496804704,0.7385254843821895,0.7014929578372823,1.205150078159821,0.0,1.0,1.0,-1.1109293215840002,-0.2196636577189246,False,False,False,1.0
0.2809693851718441,-1.2217678755407009,1.107142636090901,1.399951448462118,-1.59271713558704,0.0,1.0,0.0,-1.0539535293884745,-0.6041761214056419,True,False,True,1.0
-0.38412513321796693,-0.6469932378960436,-0.5516345465983006,-0.9282435202873347,1.5548834798781788,1.0,1.0,1.0,-0.24001364088096375,0.8342234969970383,True,False,True,1.0
-1.049219651607778,1.3689354178262034,-1.6574860017244348,0.23585396408739168,1.5548834798781788,0.0,0.0,1.0,0.7824983440565966,-0.14922124926872152,True,False,True,1.0
-1.2986300960039572,1.042386305034375,-0.9202516983070119,0.9343124547122276,-0.19378352871360946,0.0,1.0,1.0,0.4253822179739261,-1.6896764545480374,True,False,False,1.0
-1.2986300960039572,-1.6700197942069748,0.5542169085278338,1.399951448462118,-0.19378352871360946,0.0,0.0,1.0,-1.3734249356276724,-1.471476799104726,True,False,False,1.0
-0.1347146888217878,1.2894068516112194,0.5542169085278338,-0.46260452653744416,-0.19378352871360946,0.0,0.0,1.0,2.186544651732053,1.3252586271206483,True,False,False,1.0
-0.7998092072115989,0.6146190170598399,1.4757597877996123,1.1671319515871728,-0.19378352871360946,0.0,0.0,0.0,-0.5421888244893771,1.4084150312423507,True,False,False,1.0
0.19783257037311774,-1.0699406127666407,0.5542169085278338,-0.46260452653744416,0.8554166764414635,1.0,1.0,1.0,-0.8260503606063714,1.6039356673797438,False,True,True,1.0
-1.2154932812052308,1.4978680933565565,-1.4731774258700792,1.399951448462118,-1.2429837338686824,1.0,0.0,0.0,1.067377305034225,-0.10523769667542428,True,False,True,1.0
-0.2178515036205142,0.4893012763574404,1.2914512119452566,1.1671319515871728,1.205150078159821,0.0,1.0,0.0,0.20256617349499495,-0.6643098847167909,True,False,True,1.0
-0.2178515036205142,1.1556542629769282,1.4757597877996123,1.6327709453370634,-0.8932503321503247,0.0,1.0,1.0,1.1497887187456106,0.4906019923619021,True,False,False,1.0
0.9460639035616552,0.641128539131501,-0.3673259707439448,-0.46260452653744416,0.15594987300474816,0.0,1.0,1.0,-0.008040772656323279,0.15076032427775232,False,True,False,1.0
-0.46726194801669335,1.5508871374998792,-0.7359431224526563,0.003034467212446404,-0.5435169304319671,0.0,0.0,0.0,0.763167271704543,0.9754519354020793,True,False,True,1.0
-0.7998092072115989,1.4400291361092952,-0.3673259707439448,1.1671319515871728,0.15594987300474816,1.0,0.0,0.0,0.7753763700321558,0.35693322705883407,True,False,True,1.0
0.19783257037311774,0.6736629525830854,1.107142636090901,-1.16106301716228,-1.59271713558704,0.0,1.0,0.0,0.4029988710399697,1.0671988771396608,True,False,True,1.0
1.4448847923540136,-1.3928747907305152,1.107142636090901,-1.16106301716228,-0.5435169304319671,1.0,0.0,0.0,-1.3337453660629313,-1.2189149931979006,True,False,True,1.0
0.9460639035616552,-1.0036668075874873,-1.4731774258700792,1.1671319515871728,0.5056832747231058,1.0,1.0,0.0,-0.484195607433217,0.7606884950051191,False,False,False,1.0
-1.1323564664065044,-0.6783226730716435,-1.6574860017244348,0.468673460962337,0.8554166764414635,1.0,0.0,0.0,-0.14742797856323459,0.8129189637096598,False,False,False,1.0
0.03155894077566496,0.41700257979836425,1.107142636090901,0.003034467212446404,-0.5435169304319671,1.0,0.0,0.0,0.8303173125064127,0.07791256529510353,True,False,False,1.0
1.1123375331591079,-0.19633136267780077,0.5542169085278338,0.7014929578372823,0.15594987300474816,1.0,1.0,1.0,-0.07824308804009603,1.2503491391101884,True,False,False,1.0
-0.46726194801669335,0.9917772174430216,-0.9202516983070119,-1.3938825140372253,1.205150078159821,1.0,0.0,0.0,1.5404798652292158,0.7318242886157676,True,False,False,1.0
0.11469575557439135,-1.356725442450977,-0.5516345465983006,-0.6954240234123894,0.15594987300474816,1.0,1.0,0.0,-1.0844762752075061,-0.45092093033837116,True,False,True,1.0
0.03155894077566496,-0.9831821768957489,-1.4731774258700792,1.1671319515871728,0.5056832747231058,1.0,1.0,1.0,-1.1953755850166543,-1.3900385025061988,False,False,True,1.0
0.5303798295680233,-0.4746813444302448,0.5542169085278338,-1.16106301716228,0.8554166764414635,0.0,0.0,0.0,-0.9959603123323144,-0.35470690904053315,True,False,True,1.0
1.6111584219514663,0.5507551684326556,1.6600683636539681,-0.2297850296624989,0.8554166764414635,1.0,1.0,0.0,0.828282462785144,1.1111824297329582,True,False,True,1.0
-0.051577874023061424,-1.6362804024794058,-0.3673259707439448,-1.6267020109121706,-1.2429837338686824,1.0,1.0,1.0,-1.4263310283806605,0.2816801175437393,True,False,False,1.0
-1.46490372560141,1.490638223700649,0.7385254843821895,-0.2297850296624989,1.5548834798781788,0.0,0.0,0.0,1.6025427817279134,-0.8546761982846564,True,False,True,1.0
0.6135166443667497,-0.7614661741145813,-0.1830173948895891,1.399951448462118,-1.2429837338686824,0.0,1.0,1.0,-1.0193610841269054,0.6606946371562946,True,False,False,1.0
-0.46726194801669335,0.07719870597070512,-1.4731774258700792,-0.6954240234123894,0.8554166764414635,1.0,0.0,0.0,-0.41399329204944424,-0.9608552432169135,True,False,True,1.0
1.6942952367501927,-0.48311619236213704,0.5542169085278338,-0.6954240234123894,-0.19378352871360946,1.0,0.0,1.0,-1.000030011774852,-0.7842337898344535,True,False,True,1.0
0.4472430147692969,1.511122854392387,0.9228340602365452,0.003034467212446404,0.8554166764414635,0.0,1.0,0.0,1.0368545592151936,0.16106896941680632,True,False,False,1.0
0.2809693851718441,1.3412209174785574,-0.5516345465983006,-1.6267020109121706,-1.2429837338686824,0.0,1.0,0.0,1.6829193457180303,-1.2701145973885362,True,False,False,1.0
0.2809693851718441,-0.6204837158243823,0.7385254843821895,1.399951448462118,0.5056832747231058,1.0,1.0,1.0,-0.20440377075876018,0.24628710256632022,True,False,False,1.0
-1.46490372560141,0.26276536047233445,-1.4731774258700792,1.399951448462118,-1.2429837338686824,1.0,0.0,1.0,0.19442677460992,-1.1519087997940491,False,False,True,1.0
0.6135166443667497,-0.995231959655595,0.0012911809647666106,-1.6267020109121706,1.5548834798781788,0.0,0.0,1.0,-0.5767812697509463,-0.9491721120593188,False,False,False,1.0
-0.9660828368090516,-0.22525084130143114,-1.1045602741613676,-0.9282435202873347,-1.2429837338686824,1.0,0.0,1.0,0.4406435908834418,-0.003182109798788612,False,False,True,1.0
-0.7166723924128725,-1.3470856162431002,-1.1045602741613676,-0.46260452653744416,0.15594987300474816,1.0,0.0,1.0,-1.2971180710800931,0.5899086072014564,True,False,False,1.0
-0.051577874023061424,1.000212065374914,-1.2888688500157235,-1.16106301716228,0.5056832747231058,1.0,0.0,1.0,1.8955611415906177,-1.072875853727968,False,False,False,1.0
1.6942952367501927,-0.8036404137740425,1.4757597877996123,1.6327709453370634,-0.8932503321503247,1.0,1.0,0.0,-0.27358866128189857,1.4826372762435407,False,False,True,1.0
0.9460639035616552,0.696557539826793,1.6600683636539681,1.1671319515871728,-0.8932503321503247,1.0,0.0,0.0,0.7438361993524896,0.05901338254017088,False,False,True,1.0
-0.7998092072115989,-1.7362935993861282,-0.1830173948895891,1.1671319515871728,1.5548834798781788,1.0,0.0,1.0,-1.5209515404196587,0.47994972571821276,False,False,False,1.0
0.6135166443667497,-1.7664180562857432,-1.4731774258700792,-1.6267020109121706,0.5056832747231058,0.0,1.0,0.0,-1.5016204680676053,-0.2131348491308571,True,False,True,1.0
-1.5480405404001363,-1.5989260759238828,-0.1830173948895891,1.6327709453370634,-1.59271713558704,1.0,1.0,1.0,-1.27778699872804,0.2263570552974824,False,False,False,1.0
-1.1323564664065044,0.23384588184870408,-0.7359431224526563,-0.2297850296624989,0.15594987300474816,1.0,0.0,0.0,0.21579269668324225,1.2242339047579178,True,False,True,1.0
0.696653459165476,-1.525422401088822,-0.7359431224526563,0.468673460962337,0.8554166764414635,1.0,0.0,1.0,-1.1506088911487413,-0.8948799143269672,False,False,True,1.0
-0.38412513321796693,1.5026880064604948,-0.3673259707439448,-1.6267020109121706,-0.5435169304319671,1.0,1.0,1.0,-0.02024987098393604,1.6084027469400004,True,False,False,1.0
1.52802160715274,-1.1892334620891165,0.9228340602365452,-0.2297850296624989,1.205150078159821,1.0,1.0,1.0,-0.8759041787774566,0.8538099227612409,False,False,False,1.0
0.8629270887629288,-0.9385979806843184,1.6600683636539681,0.003034467212446404,0.5056832747231058,0.0,1.0,1.0,-0.4597774107779916,-0.44233039272249275,True,False,False,1.0
0.3641061999705705,0.0012850745836748036,0.5542169085278338,-0.9282435202873347,-0.8932503321503247,1.0,1.0,0.0,0.7845331937778652,0.14113892214796847,False,False,True,1.0
-1.1323564664065044,-0.6614529772078589,-0.3673259707439448,0.468673460962337,0.15594987300474816,0.0,1.0,1.0,-0.6764889060931164,1.5980941018009462,True,False,False,1.0
1.1954743479578342,0.6724579743071006,-0.1830173948895891,0.7014929578372823,0.15594987300474816,0.0,1.0,0.0,1.3939706852978637,0.8380033335480248,False,False,True,1.0
1.52802160715274,0.5977493211960553,-0.7359431224526563,-1.6267020109121706,0.8554166764414635,0.0,1.0,0.0,1.2993501732588657,-0.20832414806596516,True,False,True,1.0
-0.051577874023061424,-1.7760578824936202,0.9228340602365452,0.7014929578372823,-1.59271713558704,1.0,1.0,0.0,-1.4853416702974551,-0.3969723541106548,False,False,True,1.0
-0.7166723924128725,-1.6374853807553904,1.4757597877996123,-1.16106301716228,-0.19378352871360946,1.0,0.0,1.0,-1.3754597853489412,-0.7687708221258723,False,False,False,1.0
-0.46726194801669335,-0.13367249232660106,1.107142636090901,-0.6954240234123894,-0.8932503321503247,1.0,1.0,1.0,-0.10876583385912775,-1.426118760492888,True,False,False,1.0
0.03155894077566496,0.24951059943650386,-1.1045602741613676,0.9343124547122276,-0.19378352871360946,1.0,1.0,1.0,0.9340946482911202,0.49163285687580754,True,False,True,1.0
0.11469575557439135,-1.3302159203793158,-1.4731774258700792,-1.6267020109121706,0.5056832747231058,0.0,0.0,1.0,-1.0651452028554527,0.5132810116678209,False,False,False,1.0
0.2809693851718441,-0.3481586254518612,-0.1830173948895891,0.003034467212446404,-0.8932503321503247,0.0,1.0,0.0,-0.12606205648991234,0.19440025536641473,True,False,False,1.0
-1.6311773551988626,1.2978416995431117,0.7385254843821895,1.399951448462118,0.8554166764414635,1.0,0.0,0.0,0.25140256680544565,-1.0766556902789544,False,True,False,1.0
0.2809693851718441,1.4448490492132335,0.9228340602365452,1.399951448462118,-0.8932503321503247,1.0,1.0,0.0,1.7724527334538567,-1.3484603004453473,True,False,True,1.0
0.6135166443667497,1.6737949216503092,-0.7359431224526563,1.399951448462118,0.8554166764414635,1.0,0.0,1.0,0.927990099127314,-1.689332833043402,False,True,True,1.0
0.03155894077566496,1.149629371597005,-1.4731774258700792,1.1671319515871728,0.5056832747231058,0.0,0.0,1.0,1.2362698318995335,-0.17396199760245154,True,False,True,1.0
1.3617479775552872,-0.7554412827346582,1.2914512119452566,0.9343124547122276,-0.8932503321503247,0.0,0.0,1.0,-1.0509012548065713,-1.383166072413496,True,False,True,1.0
-0.30098831841924056,-0.8072553486019962,0.5542169085278338,0.23585396408739168,0.8554166764414635,0.0,0.0,1.0,-0.39262736997612196,0.2572829907146446,False,False,False,1.0
-0.5503987628154198,0.11334805425024341,0.0012911809647666106,0.9343124547122276,1.205150078159821,0.0,0.0,1.0,0.27683818832130536,-0.7306288351113721,True,False,False,1.0
0.3641061999705705,-1.5808514017841138,-0.5516345465983006,1.399951448462118,-1.59271713558704,0.0,1.0,0.0,-1.2350551545813957,-1.0223634925466027,True,False,True,1.0
0.3641061999705705,-1.773647925941651,-1.6574860017244348,-0.46260452653744416,-0.8932503321503247,0.0,0.0,0.0,-1.5514742862386903,-1.095898494538522,False,False,False,1.0
-0.30098831841924056,-1.2759918979600082,-1.6574860017244348,-0.9282435202873347,0.15594987300474816,0.0,1.0,0.0,-1.1149990210265377,-0.20969863408450568,False,True,True,1.0
0.3641061999705705,-1.543497075228591,-0.9202516983070119,-1.3938825140372253,0.8554166764414635,1.0,0.0,0.0,-1.2136892325080733,0.6105258974795644,True,False,False,1.0
1.2786111627565606,-0.29754953786050775,-1.6574860017244348,-0.6954240234123894,-0.5435169304319671,0.0,1.0,0.0,0.12218960950487835,-1.282828593060036,True,False,False,1.0
0.8629270887629288,-1.7495483604219588,0.18559975681912233,1.1671319515871728,-0.19378352871360946,1.0,1.0,1.0,-1.5067075923707773,-0.20385706850570828,True,False,False,1.0
-0.38412513321796693,-0.44937680063456814,1.107142636090901,0.23585396408739168,-0.19378352871360946,0.0,1.0,0.0,-0.9806989394227985,-1.345367706903631,False,False,True,1.0
0.6135166443667497,0.5423203205007633,-0.7359431224526563,0.23585396408739168,1.205150078159821,1.0,0.0,1.0,0.320587457328584,0.15763275437045515,False,False,True,1.0
0.2809693851718441,0.6206439084397626,-0.7359431224526563,-0.2297850296624989,0.15594987300474816,0.0,0.0,0.0,0.06114411786681528,-1.4804109582252394,True,False,False,1.0
-1.714314169997589,-0.9831821768957489,0.9228340602365452,0.23585396408739168,-0.5435169304319671,1.0,0.0,0.0,-0.8077367131149525,-0.6203263321234934,True,False,True,1.0
-0.30098831841924056,0.9471930212315911,-0.9202516983070119,0.468673460962337,-1.59271713558704,1.0,1.0,0.0,1.962711182392487,-1.2955425887315362,False,False,False,1.0
1.3617479775552872,0.48327638497751774,1.2914512119452566,-1.16106301716228,-0.8932503321503247,0.0,1.0,1.0,0.5668042736021062,0.3256636701370368,True,False,True,1.0
1.6111584219514663,0.11937294563016611,1.6600683636539681,0.9343124547122276,0.8554166764414635,0.0,0.0,1.0,-0.07824308804009603,-0.42927277554635773,False,False,False,1.0
0.5303798295680233,0.0567140752789666,-1.4731774258700792,0.23585396408739168,1.5548834798781788,1.0,0.0,0.0,-0.1871075481279756,-1.6869274825109561,True,False,True,1.0
-1.2154932812052308,0.9447830646796219,0.0012911809647666106,0.003034467212446404,-1.2429837338686824,1.0,1.0,1.0,-0.030424119590279887,1.6297072802273789,False,False,True,1.0
-1.6311773551988626,-0.05775886093957095,-0.1830173948895891,-0.6954240234123894,1.5548834798781788,1.0,0.0,0.0,-0.1494628282845033,0.08272326635999545,False,False,False,1.0
1.1123375331591079,-1.126574591737917,-0.9202516983070119,0.003034467212446404,1.5548834798781788,1.0,0.0,0.0,-1.1872361861315792,1.494320407401135,True,False,True,1.0
0.5303798295680233,0.926708390539853,-0.3673259707439448,0.9343124547122276,0.5056832747231058,1.0,0.0,0.0,-0.15149767800577205,-1.6931126695943886,True,False,True,1.0
-1.6311773551988626,0.35193375289519563,1.107142636090901,-1.3938825140372253,-0.5435169304319671,1.0,1.0,1.0,1.0266803106088496,-0.5632851623540608,True,False,True,1.0
0.5303798295680233,0.07960866252267429,0.7385254843821895,-1.16106301716228,0.15594987300474816,0.0,1.0,1.0,-0.030424119590279887,-0.364328311170317,True,False,True,1.0
0.6135166443667497,0.5676248642964401,0.0012911809647666106,-1.3938825140372253,1.205150078159821,0.0,1.0,1.0,-0.003971073213785813,0.8995115828777144,True,False,False,1.0
1.52802160715274,-0.07944846990729384,-0.3673259707439448,-1.16106301716228,-0.5435169304319671,1.0,1.0,1.0,0.5698565481840094,1.3891722269827835,True,False,True,1.0
0.2809693851718441,0.8785092595004684,-0.3673259707439448,-0.9282435202873347,-1.59271713558704,1.0,1.0,1.0,0.47320118642374226,1.600499452333392,False,False,True,1.0
1.4448847923540136,1.3351960260986344,0.5542169085278338,-0.6954240234123894,1.5548834798781788,1.0,1.0,1.0,2.471423612709681,-0.9794108044672108,True,False,True,1.0
-1.714314169997589,0.5375004073968249,0.5542169085278338,1.1671319515871728,0.5056832747231058,1.0,1.0,1.0,0.23308891931402667,-1.0790610408114003,False,False,True,1.0
-0.38412513321796693,1.2869968950592503,-1.1045602741613676,1.399951448462118,-0.19378352871360946,1.0,1.0,1.0,1.7083549672338898,0.15076032427775232,False,False,True,1.0
0.19783257037311774,-1.1735687445013168,1.107142636090901,-0.46260452653744416,1.205150078159821,0.0,0.0,1.0,-1.165870264058257,0.7507234713707,True,False,True,1.0
-0.6335355776141461,1.6195708992310018,0.0012911809647666106,-0.46260452653744416,-1.2429837338686824,1.0,1.0,1.0,-0.010075622377592013,-1.3742319132929823,True,False,True,1.0
-0.46726194801669335,0.22420605564082702,0.7385254843821895,0.23585396408739168,-0.19378352871360946,0.0,1.0,1.0,0.08657973938267498,1.130425233992526,False,False,False,1.0
1.2786111627565606,0.8146454108732846,1.4757597877996123,1.1671319515871728,-1.59271713558704,0.0,0.0,1.0,-0.029406694729645518,-0.6777111233975611,True,False,True,1.0
1.1123375331591079,-0.04088916507578639,-0.9202516983070119,-0.2297850296624989,-1.2429837338686824,1.0,1.0,1.0,-0.4262023903770568,1.5833183771016353,False,False,True,1.0
0.696653459165476,-0.04811903473169409,0.18559975681912233,0.003034467212446404,0.15594987300474816,0.0,1.0,0.0,0.08861458910394372,-0.2313467888765191,False,True,False,1.0
0.696653459165476,1.588241464055402,0.9228340602365452,0.468673460962337,-1.59271713558704,0.0,0.0,0.0,0.1547472050451788,-1.4831599302623204,True,False,True,1.0
-1.2154932812052308,1.5954713337113093,0.36990833267347806,0.468673460962337,0.15594987300474816,1.0,0.0,0.0,2.612845668337861,1.0754457932509038,False,False,False,1.0
1.0292007183603815,-0.9012436541287957,0.5542169085278338,0.468673460962337,0.5056832747231058,1.0,0.0,1.0,-0.8250329357457372,-1.5072134355867801,True,False,False,1.0
-1.6311773551988626,1.2616923512635734,1.6600683636539681,0.23585396408739168,-1.2429837338686824,1.0,0.0,1.0,1.9372755608766272,0.9812935009808766,False,False,True,1.0
-0.2178515036205142,0.10129827149039718,0.5542169085278338,-0.2297850296624989,-1.59271713558704,1.0,1.0,1.0,0.640058863567782,-0.7450609383060479,False,False,True,1.0
-1.3817669108026835,-1.4784282483254223,1.2914512119452566,-0.46260452653744416,-0.8932503321503247,0.0,1.0,1.0,-1.1251732696328816,1.582631134092365,False,True,True,1.0
1.6111584219514663,-1.6001310541998675,0.36990833267347806,-1.3938825140372253,0.15594987300474816,1.0,1.0,1.0,-1.3947908577009946,-0.5931802332573176,True,False,False,1.0
-0.38412513321796693,-0.48793610546607563,-1.2888688500157235,0.003034467212446404,1.5548834798781788,1.0,1.0,0.0,-0.7141336259365887,-1.5793739515601588,True,False,True,1.0
0.19783257037311774,1.4677436364569412,1.4757597877996123,-0.46260452653744416,-1.59271713558704,0.0,1.0,1.0,0.4660792123993015,-1.1422873976642651,True,False,True,1.0
1.1954743479578342,0.2965047521999036,0.5542169085278338,-0.9282435202873347,1.205150078159821,0.0,0.0,0.0,0.09064943882521245,0.42531390648122624,True,False,False,1.0
0.5303798295680233,-0.869914218953196,1.107142636090901,0.468673460962337,-1.2429837338686824,1.0,0.0,1.0,-0.5777986946115807,0.8211658798209033,True,False,False,1.0
0.4472430147692969,-0.20597118888567764,1.2914512119452566,-0.2297850296624989,-0.19378352871360946,1.0,1.0,1.0,-0.7884056407628991,1.6348616027969056,False,False,True,1.0
0.8629270887629288,-1.4037195952143766,0.36990833267347806,0.003034467212446404,-1.59271713558704,0.0,0.0,0.0,-1.317466568292781,1.567168166383784,False,True,True,1.0
-1.1323564664065044,1.3388109609265884,-0.3673259707439448,1.1671319515871728,1.5548834798781788,0.0,1.0,1.0,-0.1525151028664064,-0.8900692132620753,False,False,True,1.0
0.9460639035616552,0.6833027787909625,1.6600683636539681,0.003034467212446404,1.205150078159821,1.0,1.0,1.0,0.19239192488865128,0.15522740383800918,False,False,True,1.0
-0.30098831841924056,0.8050055846654075,1.6600683636539681,1.6327709453370634,-1.2429837338686824,1.0,1.0,1.0,1.24237438106334,-0.09355456551782954,True,False,True,1.0
-1.46490372560141,-1.5230124445368527,0.9228340602365452,0.003034467212446404,0.15594987300474816,1.0,1.0,0.0,-1.37749463507021,0.5978119018080648,True,False,True,1.0
0.3641061999705705,-0.7361616303189045,1.6600683636539681,-1.3938825140372253,0.8554166764414635,0.0,1.0,0.0,-0.599164616684903,0.6954004091244431,True,False,True,1.0
1.6111584219514663,1.361705548170296,-1.4731774258700792,-1.3938825140372253,1.205150078159821,1.0,1.0,1.0,2.3625591526218015,0.9472749720219984,True,False,True,1.0
1.1123375331591079,0.8315151067370687,0.36990833267347806,-1.3938825140372253,0.15594987300474816,1.0,1.0,1.0,1.7236163401434055,-1.420964437923361,True,False,False,1.0
1.2786111627565606,0.7206571053464851,1.107142636090901,0.9343124547122276,0.8554166764414635,1.0,1.0,0.0,-0.01719759640203276,-0.08840024294830254,False,False,False,1.0
-0.7166723924128725,-0.4059975826991222,-0.3673259707439448,0.7014929578372823,0.5056832747231058,0.0,1.0,0.0,-0.7080290767727825,0.14354427268041442,True,False,True,1.0
1.6942952367501927,0.8941739770882686,-1.1045602741613676,-1.6267020109121706,1.205150078159821,1.0,1.0,0.0,1.473329824427346,0.30298465083111764,True,False,False,1.0
1.6942952367501927,-0.7662860872185197,-0.7359431224526563,0.003034467212446404,-1.2429837338686824,0.0,0.0,1.0,-0.688698004420729,0.3091698379145501,True,False,True,1.0
-0.7166723924128725,1.6219808557829711,-1.4731774258700792,0.7014929578372823,0.8554166764414635,1.0,0.0,0.0,1.9433801100404338,1.3613388851073374,False,False,True,1.0
-1.6311773551988626,-1.3940797690064999,0.0012911809647666106,-1.3938825140372253,0.15594987300474816,1.0,0.0,0.0,-1.089563399510678,1.1098079437144175,False,True,True,1.0
0.8629270887629288,0.9616527605434064,-1.4731774258700792,-0.2297850296624989,-0.8932503321503247,1.0,0.0,0.0,0.6024141437243095,-0.1598735159124108,False,True,True,1.0
0.03155894077566496,1.597881290263279,1.107142636090901,1.6327709453370634,-1.59271713558704,0.0,1.0,0.0,0.4314867671377323,0.2263570552974824,True,False,False,1.0
0.2809693851718441,-1.2663520717521315,-1.2888688500157235,-0.2297850296624989,-1.59271713558704,0.0,1.0,0.0,-0.8260503606063714,-0.35608139505907366,False,False,True,1.0
-0.7998092072115989,-0.9566726548240876,-1.2888688500157235,-1.16106301716228,-1.59271713558704,0.0,0.0,1.0,-1.0213959338481742,0.37995586786938823,True,False,True,1.0
-0.46726194801669335,0.24830562116051907,-0.3673259707439448,1.1671319515871728,0.8554166764414635,0.0,0.0,0.0,-0.24713561490540448,1.2781824809856344,True,False,False,1.0
0.7797902739642024,-1.3916698124545304,-1.2888688500157235,0.7014929578372823,0.5056832747231058,1.0,0.0,1.0,-1.165870264058257,-0.5065876140892634,False,False,False,1.0
-1.2986300960039572,-0.05293894783563242,-0.9202516983070119,0.23585396408739168,-1.2429837338686824,0.0,0.0,0.0,0.35212762800825026,0.9654869117676601,True,False,False,1.0
0.9460639035616552,1.6496953561306171,0.5542169085278338,-0.2297850296624989,-0.8932503321503247,1.0,1.0,0.0,2.6331941655505493,-1.1972668384058873,True,False,False,1.0
-0.46726194801669335,-0.35177356027981493,1.4757597877996123,0.23585396408739168,-0.8932503321503247,0.0,1.0,1.0,-0.4882653068757546,-0.003525731303423924,False,False,True,1.0
1.4448847923540136,-0.6072289547885514,-0.1830173948895891,1.399951448462118,0.5056832747231058,1.0,1.0,1.0,-1.0447967056427652,0.07791256529510353,True,False,True,1.0
0.5303798295680233,-0.0011248819682943584,-0.7359431224526563,1.1671319515871728,0.8554166764414635,1.0,0.0,0.0,0.7102611789515549,-0.2832336360764248,True,False,False,1.0
-0.9660828368090516,0.8038006063894232,-1.2888688500157235,0.9343124547122276,-0.8932503321503247,1.0,0.0,1.0,-0.4373940638440352,1.5029109450170133,False,True,False,1.0
0.11469575557439135,0.992982195719006,0.7385254843821895,0.003034467212446404,-1.59271713558704,1.0,1.0,1.0,0.20663587293753277,0.6156802200490917,True,False,False,1.0
0.11469575557439135,-1.7531632952499128,-1.4731774258700792,1.399951448462118,0.5056832747231058,0.0,0.0,1.0,-1.5178992658377555,0.631143187757673,False,False,False,1.0
-1.049219651607778,0.1205779239061509,-1.6574860017244348,0.003034467212446404,1.205150078159821,1.0,0.0,0.0,0.3765458246634754,0.8496864647056196,True,False,True,1.0
-0.9660828368090516,0.09647835838645885,0.0012911809647666106,0.468673460962337,0.5056832747231058,0.0,1.0,0.0,-0.11080068358039648,0.9493367010498088,False,False,True,1.0
-1.46490372560141,-0.14692725336243187,1.2914512119452566,0.003034467212446404,-1.59271713558704,1.0,1.0,1.0,-0.33158187833805874,0.11949076735595504,True,False,False,1.0
-1.46490372560141,-0.17343677543409308,-1.1045602741613676,-0.9282435202873347,1.5548834798781788,1.0,1.0,1.0,0.11710248520170634,1.0775075222787147,True,False,True,1.0
-1.46490372560141,1.4159295705896031,0.9228340602365452,0.003034467212446404,-1.59271713558704,1.0,0.0,0.0,2.0552968447102167,-1.425775138988253,True,False,False,1.0
-1.46490372560141,0.13624264149395066,1.107142636090901,-1.3938825140372253,0.15594987300474816,0.0,1.0,1.0,-0.6561404088804287,-1.231628988869401,True,False,False,1.0
0.696653459165476,-0.5023958447778908,0.7385254843821895,-0.46260452653744416,0.15594987300474816,0.0,0.0,1.0,0.11201536089853469,0.039770578280603416,False,False,False,1.0
1.52802160715274,-0.06619370887146324,-0.9202516983070119,-1.16106301716228,-0.19378352871360946,0.0,0.0,1.0,-0.11283553330166521,1.5407093105268785,False,False,True,1.0
-0.1347146888217878,0.6893276701708851,1.2914512119452566,0.468673460962337,1.205150078159821,0.0,1.0,0.0,0.3897723478517224,-0.7220382974954936,True,False,False,1.0
1.52802160715274,-0.20476621060969286,-1.2888688500157235,0.468673460962337,0.15594987300474816,1.0,0.0,1.0,-0.21661286908637295,-1.2965734532454414,False,False,False,1.0
0.7797902739642024,-1.5760314886801754,0.0012911809647666106,-0.2297850296624989,-1.59271713558704,1.0,0.0,1.0,-1.3032226202438997,1.1194293458442013,False,True,False,1.0
0.2809693851718441,1.0351564353784675,-0.9202516983070119,0.003034467212446404,-1.2429837338686824,1.0,0.0,0.0,1.2433918059239741,0.18031177367637402,False,False,True,1.0
0.5303798295680233,-1.3410607248631772,1.4757597877996123,-0.9282435202873347,-1.2429837338686824,0.0,0.0,1.0,-0.9868034885866049,1.6108080974724461,True,False,True,1.0
-1.3817669108026835,-1.512167640052991,-0.7359431224526563,-1.6267020109121706,1.205150078159821,0.0,0.0,0.0,-1.2350551545813957,0.8943572603081872,False,False,False,1.0
1.6942952367501927,0.1482924242537969,0.36990833267347806,0.003034467212446404,-0.19378352871360946,0.0,0.0,0.0,0.34398822912317495,1.385736011936432,True,False,False,1.0
0.2809693851718441,-1.3229860507234081,-0.3673259707439448,0.23585396408739168,-0.8932503321503247,0.0,1.0,1.0,-1.0397095813395931,-1.1065507611822114,True,False,False,1.0
0.19783257037311774,-0.6747077382436896,-1.1045602741613676,-1.16106301716228,1.205150078159821,1.0,0.0,1.0,-1.008169410659927,1.020122731004647,True,False,True,1.0
0.2809693851718441,-1.7266537731782512,0.0012911809647666106,0.7014929578372823,1.205150078159821,0.0,1.0,0.0,-1.417174204634951,1.3087647948981616,False,False,True,1.0
0.11469575557439135,1.1616791543568512,0.36990833267347806,-1.6267020109121706,1.5548834798781788,1.0,0.0,0.0,0.4508178394897858,-1.2330034748879413,False,False,True,1.0
-1.6311773551988626,-0.14331231853447793,-0.1830173948895891,-0.46260452653744416,1.5548834798781788,1.0,1.0,0.0,-0.7924753402054368,0.5579518072703886,False,False,False,1.0
-1.2986300960039572,-0.8771440886091034,-0.1830173948895891,1.1671319515871728,0.5056832747231058,1.0,0.0,0.0,-0.7823010915990927,-1.0993347095848733,False,False,False,1.0
-1.2154932812052308,-0.9084735237847031,-0.5516345465983006,1.1671319515871728,-1.2429837338686824,0.0,0.0,0.0,-1.186218761270945,-1.3302483606996849,True,False,False,1.0
-0.30098831841924056,-0.3746681475235224,-0.3673259707439448,-1.3938825140372253,-0.8932503321503247,0.0,0.0,0.0,-0.3600697744358217,1.527651693350743,False,False,True,1.0
0.19783257037311774,-0.4421469309786605,-1.4731774258700792,0.468673460962337,-0.19378352871360946,0.0,1.0,0.0,-0.25018788948730775,-1.1113614622471033,True,False,True,1.0
0.4472430147692969,1.006236956754837,-0.9202516983070119,-0.6954240234123894,1.5548834798781788,1.0,0.0,1.0,0.9239203996847762,-0.818595940297967,True,False,True,1.0
-0.1347146888217878,-1.3820299862466539,-1.6574860017244348,0.468673460962337,-0.19378352871360946,1.0,0.0,0.0,-1.008169410659927,0.10780763619836028,True,False,False,1.0
0.11469575557439135,0.5399103639487941,0.9228340602365452,-0.9282435202873347,1.5548834798781788,1.0,0.0,1.0,1.1070568745989662,-0.7900753554132507,True,False,True,1.0
0.3641061999705705,-0.5096257144337984,-1.4731774258700792,-0.2297850296624989,-0.5435169304319671,0.0,0.0,0.0,-0.6480010099953536,-1.3106619349354822,True,False,False,1.0
0.4472430147692969,0.7556014753500386,1.107142636090901,1.399951448462118,0.5056832747231058,1.0,1.0,0.0,0.8933976538657449,0.5806308265763079,False,True,True,1.0
0.11469575557439135,0.35193375289519563,-0.7359431224526563,-1.16106301716228,0.15594987300474816,0.0,1.0,1.0,0.2870124369276494,1.7022114177053926,True,False,False,1.0
-0.30098831841924056,0.10009329321441238,0.9228340602365452,0.23585396408739168,0.15594987300474816,0.0,0.0,1.0,0.9025544776114544,-1.2477791995872523,False,False,False,1.0
-0.2178515036205142,1.3291711347187116,1.4757597877996123,0.23585396408739168,-1.2429837338686824,0.0,1.0,1.0,0.7458710490737582,0.563793372849186,False,False,False,1.0
-0.7166723924128725,-1.2109230710568395,0.9228340602365452,-1.6267020109121706,-0.8932503321503247,1.0,1.0,0.0,-0.8189283865819308,-0.0021512452848834085,True,False,True,1.0
0.4472430147692969,-0.8132802399819193,1.107142636090901,-0.2297850296624989,0.15594987300474816,0.0,1.0,1.0,-0.4373940638440352,-1.1147976772934545,True,False,False,1.0
0.5303798295680233,-0.9747473289638566,-0.1830173948895891,-1.16106301716228,-0.19378352871360946,0.0,1.0,1.0,-1.1506088911487413,-0.6440362159433178,True,False,True,1.0
0.8629270887629288,-0.5421601278853828,1.2914512119452566,0.468673460962337,0.5056832747231058,0.0,0.0,0.0,-0.11283553330166521,-1.1178902708351708,True,False,True,1.0
1.4448847923540136,0.3832631880707951,-0.7359431224526563,1.1671319515871728,0.15594987300474816,0.0,1.0,1.0,0.9839484664622051,-0.08324592037877554,True,False,False,1.0
-1.6311773551988626,0.2398707732286268,-0.7359431224526563,0.9343124547122276,0.15594987300474816,0.0,1.0,1.0,0.5657868487414716,0.41603612585607747,True,False,True,1.0
1.2786111627565606,0.9652676953713605,1.107142636090901,1.1671319515871728,0.5056832747231058,1.0,1.0,1.0,1.4539987520752926,-1.4773183646835233,True,False,False,1.0
-0.7998092072115989,1.312301438854927,-1.1045602741613676,-0.9282435202873347,0.15594987300474816,1.0,0.0,0.0,1.7968709301090813,-0.8886947272435348,False,True,False,1.0
0.9460639035616552,1.6496953561306171,1.6600683636539681,0.9343124547122276,0.15594987300474816,1.0,1.0,1.0,0.2208798209864139,-1.4986228979709018,False,True,False,1.0
-1.049219651607778,0.436282232214118,1.2914512119452566,0.9343124547122276,0.5056832747231058,1.0,0.0,1.0,-0.5482933736531835,-0.9629169722447243,True,False,True,1.0
0.9460639035616552,-0.560234802025152,-1.4731774258700792,1.1671319515871728,1.5548834798781788,0.0,1.0,0.0,-0.8657299301711125,1.080600115820431,False,False,False,1.0
1.6111584219514663,-1.384439942798623,-0.5516345465983006,0.7014929578372823,1.205150078159821,1.0,0.0,0.0,-1.1801142121071386,-0.3705134982537494,True,False,False,1.0
0.6135166443667497,1.0399763484824058,1.6600683636539681,1.1671319515871728,-0.8932503321503247,0.0,1.0,1.0,1.7439648373560936,0.5875032566690103,True,False,False,1.0
-0.7998092072115989,-1.7435234690420358,0.36990833267347806,1.399951448462118,1.5548834798781788,1.0,0.0,0.0,-1.4761848465517455,1.1647873844560395,True,False,True,1.0
1.52802160715274,1.520762680600264,-1.2888688500157235,0.7014929578372823,1.205150078159821,0.0,0.0,1.0,2.432761468005574,-0.10489407517078897,False,True,False,1.0
0.5303798295680233,-0.6530181292759666,0.36990833267347806,-1.3938825140372253,1.205150078159821,1.0,1.0,0.0,-0.9572981676282075,-0.2433735415387489,True,False,True,1.0
-0.9660828368090516,0.8604345853606995,1.107142636090901,0.7014929578372823,-0.19378352871360946,0.0,1.0,0.0,1.84062019911636,1.1249272899183633,False,False,True,1.0
-0.38412513321796693,-0.12282768784273962,0.36990833267347806,1.399951448462118,0.8554166764414635,1.0,1.0,1.0,-0.33972127722313383,-0.5828715881182636,False,False,False,1.0
0.3641061999705705,0.020564726999428528,0.36990833267347806,-1.6267020109121706,0.15594987300474816,1.0,0.0,0.0,0.32160488218921857,-0.182896156722965,True,False,False,1.0
-0.38412513321796693,-0.08788331783918613,1.107142636090901,0.468673460962337,-1.2429837338686824,1.0,1.0,0.0,0.14355553157820058,-1.5618492548237668,False,False,True,1.0
-1.46490372560141,0.5688298425724245,0.0012911809647666106,-0.2297850296624989,1.5548834798781788,0.0,0.0,0.0,-0.3814356965091438,-0.1849578857507759,False,False,True,1.0
1.2786111627565606,-1.5001178572931453,-1.1045602741613676,0.9343124547122276,-0.8932503321503247,1.0,0.0,1.0,-1.1577308651731821,0.00609567082635993,True,False,False,1.0
0.03155894077566496,0.5567800598125787,-0.7359431224526563,-1.16106301716228,1.205150078159821,0.0,0.0,1.0,-0.41704556663134734,0.29817394976622574,False,True,True,1.0
0.8629270887629288,-0.8289449575697193,-1.1045602741613676,1.6327709453370634,-0.5435169304319671,1.0,0.0,0.0,-0.9593330173494765,0.5521102416915917,True,False,True,1.0
0.696653459165476,0.33506405703141107,-1.6574860017244348,-0.46260452653744416,-0.19378352871360946,1.0,1.0,0.0,0.20867072265880152,0.15728913286581983,True,False,True,1.0
0.11469575557439135,-0.024019469212001827,-0.3673259707439448,-1.6267020109121706,-0.8932503321503247,1.0,0.0,1.0,0.6512505370347602,0.8819868861413223,True,False,False,1.0
0.19783257037311774,0.3398839701353494,-0.9202516983070119,-1.3938825140372253,0.5056832747231058,0.0,1.0,0.0,0.786568043499134,-1.5910570827177533,True,False,False,1.0
0.9460639035616552,-1.5266273793648066,0.9228340602365452,1.1671319515871728,-0.5435169304319671,0.0,1.0,1.0,-1.270665024703599,0.8678984044512819,True,False,False,1.0
-1.6311773551988626,0.5640099294684862,1.107142636090901,-0.2297850296624989,0.8554166764414635,0.0,1.0,1.0,0.07030094161252476,-0.07534262577216727,True,False,True,1.0
1.52802160715274,-0.6710928034157357,1.4757597877996123,1.1671319515871728,-0.5435169304319671,0.0,1.0,0.0,-0.4801259079906795,0.6476370199801591,True,False,False,1.0
1.6111584219514663,-0.9566726548240876,0.7385254843821895,1.1671319515871728,0.5056832747231058,0.0,0.0,0.0,-0.6693669320686757,-0.43958142068541173,False,False,True,1.0
-0.38412513321796693,0.5989542994720396,-1.2888688500157235,-0.6954240234123894,0.15594987300474816,1.0,1.0,0.0,1.2596706036941245,-0.5217069602932093,True,False,True,1.0
1.3617479775552872,0.3097595132357342,-0.3673259707439448,-0.6954240234123894,-0.19378352871360946,1.0,0.0,1.0,0.3938420472942602,-0.17361837609781622,True,False,True,1.0
1.2786111627565606,1.5002780499085255,0.18559975681912233,-0.2297850296624989,-0.5435169304319671,0.0,0.0,0.0,-0.024319570426473505,1.4503368548078375,True,False,False,1.0
-1.5480405404001363,-0.5517999540932597,-0.5516345465983006,-0.6954240234123894,0.8554166764414635,0.0,1.0,0.0,-0.607304015569978,1.240384115475769,False,False,False,1.0
1.4448847923540136,0.8134404325972998,-0.5516345465983006,-0.9282435202873347,-0.8932503321503247,1.0,1.0,1.0,1.5923685331215693,-1.2134170491237386,False,False,False,1.0
0.5303798295680233,-0.6192787375483977,0.0012911809647666106,-0.9282435202873347,1.205150078159821,1.0,1.0,0.0,-0.5543979228169899,-1.0412626753015353,False,False,False,1.0
-0.8829460220103252,-0.28790971165263085,1.6600683636539681,0.468673460962337,-0.5435169304319671,0.0,0.0,1.0,0.3470405037050783,1.567168166383784,True,False,True,1.0
-0.1347146888217878,0.9833423695111294,0.18559975681912233,0.7014929578372823,0.15594987300474816,0.0,1.0,0.0,0.1720434276759636,-0.8216885338396833,True,False,False,1.0
-0.46726194801669335,0.8098254977693459,-1.1045602741613676,-0.9282435202873347,0.8554166764414635,1.0,0.0,1.0,0.7031392049271141,-1.0020898237731297,False,True,False,1.0
-0.46726194801669335,0.44471708014601025,0.18559975681912233,-0.6954240234123894,1.5548834798781788,1.0,1.0,1.0,0.018412273720170794,0.025682096590562704,False,True,False,1.0
-0.2178515036205142,1.0568460443461902,1.6600683636539681,-1.3938825140372253,-0.5435169304319671,0.0,0.0,1.0,1.28408880034935,0.40022953664286115,False,False,False,1.0
0.8629270887629288,-0.7903856527382119,-0.7359431224526563,1.1671319515871728,1.5548834798781788,0.0,0.0,0.0,-0.6001820415455373,-0.4852830808018848,False,True,False,1.0
-1.1323564664065044,-0.5939741937527209,0.36990833267347806,-0.9282435202873347,-0.8932503321503247,0.0,0.0,0.0,-0.006005922935054546,0.1682850210141442,True,False,True,1.0
0.19783257037311774,-1.5760314886801754,-1.2888688500157235,1.399951448462118,1.205150078159821,0.0,1.0,1.0,-1.422261328938123,-0.07602986878143765,False,False,True,1.0
-1.3817669108026835,0.7074023443106545,-0.7359431224526563,1.6327709453370634,-0.19378352871360946,0.0,0.0,1.0,0.10489338687409394,-1.2989788037778873,False,False,True,1.0
-0.7166723924128725,-1.555546857988437,-1.6574860017244348,-0.6954240234123894,1.205150078159821,1.0,0.0,0.0,-1.2554036517940832,-1.2989788037778873,False,True,True,1.0
0.3641061999705705,-1.062710743110733,1.4757597877996123,-0.46260452653744416,0.5056832747231058,1.0,0.0,0.0,-0.7182033253791263,-1.1477853417384276,False,False,False,1.0
-1.46490372560141,0.6748679308590702,-0.9202516983070119,1.6327709453370634,1.205150078159821,0.0,1.0,1.0,0.7723240954502525,1.7049603897424737,False,False,False,1.0
1.6942952367501927,-0.13608244887857043,-1.1045602741613676,0.9343124547122276,1.5548834798781788,0.0,0.0,1.0,-0.33870385236249945,0.4184414763885234,True,False,True,1.0
0.3641061999705705,1.0351564353784675,-0.1830173948895891,-0.9282435202873347,0.5056832747231058,1.0,1.0,0.0,1.7968709301090813,1.1506989027659986,True,False,False,1.0
1.6111584219514663,1.3327860695466651,1.4757597877996123,-0.46260452653744416,0.5056832747231058,1.0,1.0,1.0,0.8262476130638752,-0.9904066926155352,True,False,False,1.0
0.03155894077566496,1.466538658180957,0.0012911809647666106,0.9343124547122276,-1.2429837338686824,0.0,0.0,1.0,0.5271247040373649,0.23254224238091484,False,False,False,1.0
-1.6311773551988626,0.6893276701708851,1.107142636090901,-0.46260452653744416,1.5548834798781788,0.0,0.0,1.0,0.9574954200857112,-1.0175527914817108,False,False,False,1.0
0.03155894077566496,-0.031249338867909527,-0.3673259707439448,0.7014929578372823,-0.19378352871360946,1.0,1.0,0.0,-0.16370677633338462,-1.0189272775002514,True,False,False,1.0
-0.5503987628154198,-0.32164910338019975,1.6600683636539681,1.399951448462118,1.205150078159821,1.0,1.0,0.0,-0.7517783457800612,-0.17705459114416763,False,True,False,1.0
-0.051577874023061424,-0.32164910338019975,-1.4731774258700792,0.003034467212446404,0.15594987300474816,0.0,1.0,1.0,-0.8372420340733497,0.1407953006433334,True,False,True,1.0
1.1123375331591079,1.1508343498729898,-1.4731774258700792,-0.2297850296624989,0.15594987300474816,1.0,1.0,1.0,0.663459635362373,1.557203142749365,False,False,True,1.0
-0.2178515036205142,0.8074155412173767,0.5542169085278338,-0.2297850296624989,0.5056832747231058,1.0,0.0,0.0,1.7877141063633724,-0.5196452312653984,False,True,True,1.0
0.5303798295680233,-1.402514616938392,-0.3673259707439448,0.9343124547122276,1.5548834798781788,1.0,1.0,1.0,-1.0020648614961205,1.2658121068187695,False,False,False,1.0
1.2786111627565606,0.37000842703496456,-0.9202516983070119,0.23585396408739168,-1.59271713558704,0.0,0.0,0.0,0.3633193014752285,-0.7103551663378991,True,False,True,1.0
-0.38412513321796693,-1.644715250411298,0.7385254843821895,0.23585396408739168,1.205150078159821,1.0,0.0,0.0,-1.4029302565860697,-1.365641375677104,True,False,True,1.0
-1.46490372560141,-1.2494823758883469,-0.3673259707439448,0.23585396408739168,-1.59271713558704,1.0,0.0,1.0,-0.9522110433250357,0.28374184657154994,False,False,False,1.0
-1.3817669108026835,0.27120020840422676,-1.1045602741613676,-1.6267020109121706,0.8554166764414635,1.0,1.0,1.0,0.5586648747170309,-0.15746816537996486,False,False,False,1.0
0.11469575557439135,-1.1554940703615477,0.9228340602365452,0.23585396408739168,1.205150078159821,1.0,1.0,0.0,-0.8820087279412628,1.3183861970279454,True,False,False,1.0
-0.6335355776141461,-0.6831425861755818,0.36990833267347806,1.399951448462118,0.5056832747231058,1.0,1.0,1.0,-0.6856457298388259,-0.7199765684676829,True,False,True,1.0
-0.2178515036205142,1.2243380247080506,-1.6574860017244348,1.399951448462118,1.5548834798781788,0.0,0.0,0.0,1.9952687779327873,-0.2997274682989113,True,False,True,1.0
0.03155894077566496,0.7556014753500386,-0.5516345465983006,0.003034467212446404,-0.19378352871360946,0.0,0.0,1.0,0.25648969110861763,0.7785568132461461,True,False,False,1.0
-0.8829460220103252,-0.00955972990018664,-0.9202516983070119,0.9343124547122276,-1.2429837338686824,1.0,0.0,1.0,0.4945671084970645,1.6008430738380273,False,False,False,1.0
1.6942952367501927,0.3085545349597494,-0.9202516983070119,0.23585396408739168,1.205150078159821,1.0,1.0,0.0,-0.5686418708658713,-1.6621867341772265,False,False,True,1.0
-0.9660828368090516,-0.005944795072232897,1.4757597877996123,-1.3938825140372253,1.5548834798781788,1.0,1.0,1.0,-0.5126835035309799,-0.13822536112039716,True,False,True,1.0
1.1954743479578342,-0.45901662684244504,-0.9202516983070119,0.003034467212446404,-0.8932503321503247,0.0,0.0,0.0,-0.30207655737966155,0.609495032965659,True,False,True,1.0
-0.7998092072115989,-0.49637095339796766,1.4757597877996123,0.23585396408739168,-1.2429837338686824,0.0,0.0,0.0,-0.4567251361960885,1.1572277113540665,True,False,True,1.0
0.7797902739642024,-0.8711191972291805,0.36990833267347806,0.9343124547122276,-0.5435169304319671,0.0,1.0,0.0,-0.7395692474524485,0.6837172779668488,False,False,False,1.0
0.03155894077566496,-1.14826420070564,1.6600683636539681,-0.2297850296624989,0.8554166764414635,1.0,1.0,0.0,-0.7273601491248358,0.11502368779569817,True,False,False,1.0
-0.6335355776141461,1.5099178761164027,0.36990833267347806,-1.16106301716228,-0.5435169304319671,1.0,0.0,1.0,1.6432397761532889,0.6180855705815375,True,False,True,1.0
1.52802160715274,-0.09270323094312445,-1.1045602741613676,1.399951448462118,0.8554166764414635,1.0,0.0,1.0,0.5332292532011711,0.7617193595190246,True,False,False,1.0
1.6942952367501927,1.538837354740033,-1.4731774258700792,0.003034467212446404,0.15594987300474816,1.0,1.0,0.0,2.5294168297658413,-1.36873396921882,True,False,False,1.0
-0.6335355776141461,-1.0759655041465637,0.18559975681912233,1.399951448462118,1.5548834798781788,0.0,1.0,1.0,-0.6184956890369563,-0.9453922755083323,False,False,True,1.0
-0.7166723924128725,1.468948614732926,0.0012911809647666106,-1.16106301716228,0.15594987300474816,0.0,1.0,0.0,0.7550278728194677,-1.5456990441059153,True,False,False,1.0
-1.714314169997589,-1.7194239035223435,-1.1045602741613676,-0.6954240234123894,0.15594987300474816,0.0,0.0,0.0,-1.5260386647228306,-1.5364212634807668,True,False,False,1.0
1.6942952367501927,-1.4217942693541457,1.2914512119452566,1.1671319515871728,1.205150078159821,1.0,0.0,1.0,-1.3083097445470717,0.8819868861413223,True,False,True,1.0
1.0292007183603815,1.6557202475105397,1.2914512119452566,-1.16106301716228,-0.5435169304319671,0.0,0.0,0.0,1.5404798652292158,0.9479622150312685,False,True,False,1.0
0.4472430147692969,0.5953393646440861,-1.6574860017244348,1.399951448462118,1.5548834798781788,0.0,1.0,1.0,-0.4241675406557881,-1.1220137288907923,False,False,False,1.0
-0.7998092072115989,-0.8168951748098731,-0.1830173948895891,-0.2297850296624989,-0.8932503321503247,1.0,0.0,1.0,-0.9257579969485414,-1.4756002571603475,False,False,True,1.0
-0.1347146888217878,-1.1699538096733628,1.4757597877996123,-1.6267020109121706,0.15594987300474816,1.0,0.0,0.0,-0.898287525711413,-1.0216762495373326,False,True,True,1.0
1.1954743479578342,0.4206175146263178,0.9228340602365452,-0.9282435202873347,0.5056832747231058,1.0,1.0,1.0,0.613605817191288,0.6352666458132943,False,True,False,1.0
1.4448847923540136,-1.5784414452321447,-0.1830173948895891,1.399951448462118,-1.59271713558704,0.0,0.0,1.0,-1.2991529208013621,0.06726029865141422,True,False,True,1.0
0.19783257037311774,0.6037742125759784,-0.3673259707439448,0.23585396408739168,-0.8932503321503247,0.0,1.0,1.0,-0.21966514366827605,0.2315113778670094,True,False,False,1.0
-0.9660828368090516,1.0628709357261135,-0.9202516983070119,1.1671319515871728,-0.19378352871360946,1.0,0.0,0.0,1.0449939581002685,1.6465447339545005,True,False,False,1.0
1.1123375331591079,-1.6965293162786361,-1.6574860017244348,1.6327709453370634,-1.59271713558704,1.0,1.0,0.0,-1.4202264792168544,-0.18083442769515412,False,False,True,1.0
-0.38412513321796693,-1.2217678755407009,-1.2888688500157235,-1.6267020109121706,1.5548834798781788,1.0,1.0,0.0,-1.1556960154519134,0.28786530462717175,True,False,True,1.0
0.11469575557439135,-0.7192919344551201,1.2914512119452566,0.003034467212446404,-0.19378352871360946,0.0,1.0,1.0,-0.7416040971737173,-1.0646289376167246,True,False,True,1.0
1.1954743479578342,-1.408539508318315,1.6600683636539681,-1.16106301716228,0.15594987300474816,1.0,1.0,1.0,-1.1628179894763542,-0.7704889296490479,False,False,False,1.0
-1.1323564664065044,1.6737949216503092,-0.7359431224526563,1.6327709453370634,-0.8932503321503247,1.0,1.0,0.0,0.7641846965651772,-1.5271434828556179,False,False,True,1.0
0.4472430147692969,-0.9060635672327341,0.5542169085278338,-1.6267020109121706,0.8554166764414635,0.0,1.0,1.0,-1.0539535293884745,0.9740774493835386,False,True,True,1.0
0.6135166443667497,1.4327992664533877,0.18559975681912233,-0.2297850296624989,-0.8932503321503247,1.0,0.0,1.0,0.9371469228730235,-0.07740435479997816,True,False,False,1.0
0.696653459165476,0.22661601219279617,1.2914512119452566,-1.16106301716228,-1.2429837338686824,0.0,0.0,1.0,-0.5737289951690432,-0.28701347262741134,True,False,False,1.0
1.2786111627565606,0.4037478187625337,1.4757597877996123,1.399951448462118,0.8554166764414635,0.0,0.0,1.0,0.4050337207612384,0.04939198041038703,True,False,True,1.0
-1.5480405404001363,0.22179609908885786,1.4757597877996123,-0.9282435202873347,1.5548834798781788,1.0,0.0,1.0,0.4386087411621731,-0.8718572735164132,False,False,True,1.0
1.1954743479578342,0.666433082927178,-0.3673259707439448,1.399951448462118,0.8554166764414635,1.0,0.0,0.0,0.5484906261106872,-0.08049694834169427,False,False,False,1.0
-1.46490372560141,-0.5493899975412905,0.36990833267347806,0.468673460962337,0.15594987300474816,1.0,0.0,1.0,-0.23594394143842629,-0.42377483147219547,True,False,False,1.0
-1.5480405404001363,0.4495369932499486,0.18559975681912233,-0.46260452653744416,1.5548834798781788,0.0,0.0,1.0,0.7224702772791677,1.3280075991577294,True,False,False,1.0
-0.5503987628154198,-0.4819112140861525,0.9228340602365452,1.399951448462118,-1.2429837338686824,1.0,0.0,0.0,-0.6327396370858377,-0.5986781773314799,True,False,True,1.0
0.6135166443667497,-0.32887897303610747,0.36990833267347806,-1.16106301716228,0.8554166764414635,0.0,0.0,1.0,-0.17388102493972865,-0.9484848690500485,True,False,True,1.0
-0.5503987628154198,1.3508607436864346,-0.3673259707439448,1.399951448462118,-0.5435169304319671,0.0,1.0,1.0,2.486684985619197,-1.5230200247999963,True,False,True,1.0
0.8629270887629288,1.3002516560950808,-0.7359431224526563,1.399951448462118,1.5548834798781788,1.0,1.0,1.0,-0.10266128469532136,-0.5399189000388716,True,False,False,1.0
-0.46726194801669335,0.08201861907464345,0.0012911809647666106,0.468673460962337,-0.8932503321503247,0.0,1.0,0.0,-0.21356059450446968,1.4630508504793376,False,True,True,1.0
-0.8829460220103252,0.668843039479147,0.7385254843821895,-1.16106301716228,0.8554166764414635,0.0,1.0,1.0,-0.3498955258294777,1.2362606574201478,True,False,False,1.0
0.2809693851718441,0.941168129851668,1.107142636090901,0.9343124547122276,0.5056832747231058,0.0,1.0,0.0,1.0999349005745254,-0.26364721031222205,True,False,True,1.0
1.0292007183603815,0.15070238080576606,-1.1045602741613676,-0.9282435202873347,0.15594987300474816,0.0,1.0,0.0,-0.4292546649589601,0.6778757123880514,False,False,False,1.0
0.6135166443667497,-0.7421865216988276,-0.1830173948895891,-1.16106301716228,0.15594987300474816,0.0,0.0,1.0,-0.534049425604302,-0.644379837447953,False,False,False,1.0
0.7797902739642024,-1.614590793511683,-0.5516345465983006,1.6327709453370634,-0.19378352871360946,0.0,0.0,1.0,-1.2513339523515459,-1.1453799912059817,True,False,True,1.0
-1.46490372560141,-0.808460326877981,1.107142636090901,-1.16106301716228,-1.59271713558704,0.0,0.0,1.0,-0.963402716792014,0.6493551275033352,True,False,False,1.0
0.696653459165476,1.330376112994696,0.7385254843821895,1.399951448462118,-0.19378352871360946,0.0,0.0,1.0,2.1875620765926866,-1.5288615903787937,True,False,False,1.0
-0.7166723924128725,1.6846397261341706,0.18559975681912233,0.003034467212446404,1.5548834798781788,0.0,1.0,1.0,0.7163657281153611,1.302579607814729,False,False,False,1.0
-1.46490372560141,0.6351036477515779,1.6600683636539681,0.9343124547122276,1.205150078159821,1.0,0.0,1.0,1.386848711273423,0.3840793259250098,True,False,False,1.0
0.9460639035616552,-1.2145380058847934,-1.2888688500157235,-1.16106301716228,-0.19378352871360946,0.0,0.0,1.0,-0.830120060048909,1.0967503265382825,False,False,True,1.0
-1.5480405404001363,-1.2265877886446395,1.4757597877996123,0.7014929578372823,-1.2429837338686824,1.0,1.0,0.0,-1.2452294031877396,0.356589605554199,False,False,False,1.0
1.4448847923540136,-1.0362012210390716,-0.3673259707439448,0.9343124547122276,1.205150078159821,0.0,0.0,0.0,-1.1322952436573224,-1.683491267464605,True,False,False,1.0
-0.1347146888217878,-0.278269885444754,-0.9202516983070119,0.468673460962337,0.8554166764414635,1.0,1.0,1.0,0.42029509367075407,-1.4103121712796716,True,False,False,1.0
-1.6311773551988626,1.3267611781667425,-0.3673259707439448,1.399951448462118,-0.19378352871360946,0.0,0.0,0.0,0.10489338687409394,-1.4982792764662667,True,False,True,1.0
-1.6311773551988626,1.1930085895324507,1.107142636090901,-0.46260452653744416,-1.59271713558704,1.0,1.0,0.0,0.34093595454127207,1.0448634793383766,True,False,False,1.0
0.4472430147692969,0.6700480177551315,-1.2888688500157235,-1.3938825140372253,0.15594987300474816,1.0,1.0,0.0,0.8842408301200354,-0.134789146074046,False,True,True,1.0
-0.8829460220103252,-0.9120884586126571,0.5542169085278338,-0.46260452653744416,0.15594987300474816,0.0,0.0,1.0,-1.0468315553640337,-1.457388317414685,True,False,False,1.0
-0.7166723924128725,0.4133876449704103,-0.5516345465983006,0.9343124547122276,1.5548834798781788,0.0,0.0,0.0,-0.5910252177998279,-0.2639908318168571,False,False,True,1.0
0.5303798295680233,-0.30116447268846147,1.2914512119452566,0.468673460962337,-0.8932503321503247,1.0,1.0,0.0,0.10692823659536267,1.329725706680905,False,True,False,1.0
0.2809693851718441,-0.04932401300767867,-1.4731774258700792,0.23585396408739168,0.5056832747231058,0.0,1.0,0.0,-0.675471481232482,-1.4996537624848072,False,True,True,1.0
-1.2986300960039572,1.0532311095182363,0.9228340602365452,-0.2297850296624989,-1.2429837338686824,0.0,1.0,1.0,0.08047519021886843,0.2638117993027121,False,True,False,1.0
1.6111584219514663,-0.49155104029402935,0.0012911809647666106,0.7014929578372823,-1.59271713558704,1.0,1.0,0.0,-0.41399329204944424,-0.8179086972886968,False,False,True,1.0
1.6111584219514663,0.44712703669797943,1.107142636090901,-1.16106301716228,0.5056832747231058,0.0,0.0,0.0,0.9992098393717211,-1.4962175474384558,True,False,False,1.0
0.696653459165476,-0.42648221339086045,-0.9202516983070119,1.1671319515871728,0.8554166764414635,0.0,1.0,1.0,-0.8423291583765216,-1.0512276989359544,True,False,False,1.0
0.11469575557439135,-1.4699934003935302,-0.9202516983070119,0.468673460962337,-1.2429837338686824,1.0,0.0,0.0,-1.338832490366103,-0.0021512452848834085,False,False,True,1.0
-0.7166723924128725,1.1182999364214055,-1.2888688500157235,-1.6267020109121706,0.15594987300474816,1.0,1.0,1.0,-0.16065450175148152,0.7287316950740512,True,False,False,1.0
-0.46726194801669335,-1.4928879876372376,0.0012911809647666106,-0.2297850296624989,-0.5435169304319671,1.0,1.0,0.0,-1.239124854023933,-0.15609367936142435,False,False,False,1.0
1.6111584219514663,1.340015939202573,-0.7359431224526563,-1.3938825140372253,1.205150078159821,1.0,1.0,0.0,2.0512271452676782,-0.1310093095230595,True,False,False,1.0
-1.3817669108026835,-0.49396099684599853,0.5542169085278338,1.6327709453370634,0.15594987300474816,0.0,1.0,0.0,-0.5818683940541183,1.5204356417534053,False,False,False,1.0
0.4472430147692969,-0.09149825266713986,-1.1045602741613676,-1.16106301716228,0.15594987300474816,0.0,1.0,1.0,0.024516822883976993,-0.6993592781895747,True,False,False,1.0
1.2786111627565606,0.8507947591528224,-0.1830173948895891,-1.6267020109121706,-0.8932503321503247,1.0,0.0,1.0,1.3654827892001007,-0.3289352961928979,True,False,False,1.0
1.4448847923540136,0.7893408670776078,0.36990833267347806,-0.2297850296624989,-0.19378352871360946,1.0,1.0,0.0,-0.36413947387835915,-0.6983284136756693,True,False,True,1.0
-1.3817669108026835,1.5087128978404178,-0.3673259707439448,0.7014929578372823,-0.8932503321503247,0.0,0.0,0.0,2.047157445825141,-1.3336845757460363,True,False,True,1.0
0.6135166443667497,-0.13367249232660106,-0.9202516983070119,1.6327709453370634,0.5056832747231058,0.0,0.0,0.0,0.325674581631756,-1.0206453850234272,False,False,False,1.0
-1.2154932812052308,-0.6638629337598281,-1.1045602741613676,-0.46260452653744416,0.8554166764414635,1.0,1.0,1.0,-0.09045218636770878,-0.11417185579593776,True,False,False,1.0
0.7797902739642024,0.724272040174439,-0.3673259707439448,-1.16106301716228,-0.19378352871360946,1.0,1.0,1.0,-0.12300978190800924,-0.3378694553134114,False,False,False,1.0
-0.38412513321796693,-1.2699670065800854,0.0012911809647666106,-0.9282435202873347,0.15594987300474816,0.0,1.0,1.0,-1.2584559263759865,-0.9484848690500485,False,False,False,1.0
1.2786111627565606,-1.424204225906115,-1.6574860017244348,-1.3938825140372253,-1.2429837338686824,0.0,1.0,1.0,-1.1485740414274725,-0.4340834766112497,False,False,True,1.0
0.8629270887629288,1.493048180252618,0.0012911809647666106,-0.6954240234123894,0.15594987300474816,0.0,0.0,0.0,1.8253588262068443,-0.7096679233286288,False,False,False,1.0
0.696653459165476,0.6820978005149777,1.4757597877996123,-0.6954240234123894,0.5056832747231058,0.0,1.0,1.0,1.0226106111663122,-1.098303845070968,True,False,True,1.0
0.19783257037311774,0.5483452118806864,0.18559975681912233,-0.9282435202873347,-0.5435169304319671,1.0,0.0,0.0,-0.47402135882687313,-1.2948553457222658,False,False,False,1.0
-1.714314169997589,-1.4699934003935302,-1.4731774258700792,0.9343124547122276,-0.8932503321503247,1.0,0.0,1.0,-1.1821490618284072,-1.3921002315340094,True,False,False,1.0
1.52802160715274,-0.5180605623656908,1.107142636090901,1.1671319515871728,-1.2429837338686824,1.0,1.0,0.0,-0.5869555183572902,1.1008737845939043,True,False,True,1.0
-0.38412513321796693,-1.5242174228128373,-0.3673259707439448,-0.9282435202873347,-0.5435169304319671,0.0,0.0,1.0,-1.2645604755397928,1.6348616027969056,False,False,False,1.0
0.2809693851718441,-0.84219971860555,-0.5516345465983006,0.9343124547122276,-0.8932503321503247,0.0,1.0,0.0,-0.6480010099953536,0.7445382842872678,False,True,True,1.0
-0.7998092072115989,1.079740631589898,-0.9202516983070119,-0.9282435202873347,1.5548834798781788,1.0,0.0,1.0,0.06216154272744946,-0.9247749852302242,True,False,False,1.0
-0.30098831841924056,-1.2265877886446395,-0.1830173948895891,0.468673460962337,0.8554166764414635,1.0,0.0,1.0,-1.19435816015602,-0.7522769899033858,False,True,False,1.0
0.9460639035616552,-0.12162270956675504,-0.7359431224526563,-1.6267020109121706,-0.8932503321503247,1.0,0.0,1.0,-0.6724192066505787,-0.7670527146026966,True,False,False,1.0
-1.2154932812052308,-0.9361880241323491,-0.9202516983070119,-0.6954240234123894,1.5548834798781788,1.0,1.0,1.0,-1.0641277779948182,-0.49524810443630374,True,False,False,1.0
1.1123375331591079,-1.2639421152001622,-1.6574860017244348,-0.9282435202873347,-0.5435169304319671,1.0,0.0,1.0,-0.874886753916822,-0.37257522728156006,True,False,False,1.0
-1.2154932812052308,0.4700216239416867,-0.7359431224526563,1.6327709453370634,-0.8932503321503247,1.0,0.0,1.0,0.6899126817388672,-0.7914498414317913,False,False,False,1.0
-0.6335355776141461,0.30373462185581107,0.7385254843821895,0.468673460962337,1.5548834798781788,0.0,1.0,1.0,-0.3488781009688433,1.24244584450358,False,True,False,1.0
-0.8829460220103252,0.37482834013890287,1.107142636090901,-0.46260452653744416,0.8554166764414635,0.0,1.0,1.0,-0.6418964608315473,-1.6089254009587803,True,False,True,1.0
0.6135166443667497,0.2808400346121034,0.9228340602365452,0.003034467212446404,-0.8932503321503247,0.0,1.0,1.0,0.199513898913092,-1.250184550119698,True,False,False,1.0
0.5303798295680233,-1.6929143814506824,0.36990833267347806,0.468673460962337,1.205150078159821,0.0,1.0,1.0,-1.4690628725273047,-0.21210398461695162,True,False,False,1.0
0.8629270887629288,0.1760069246014429,-0.3673259707439448,-0.6954240234123894,-0.8932503321503247,1.0,1.0,0.0,-0.28172806016697366,0.26862250036760404,False,True,False,1.0
-1.714314169997589,-0.4132274523550299,-0.5516345465983006,0.468673460962337,-1.2429837338686824,1.0,0.0,0.0,-0.9511936184644012,0.5287439793764022,True,False,False,1.0
1.52802160715274,0.2398707732286268,-0.3673259707439448,-1.6267020109121706,-0.19378352871360946,1.0,1.0,0.0,-0.049755191942333216,0.7321679101204029,True,False,False,1.0
1.2786111627565606,-0.6819376078995972,1.2914512119452566,-1.3938825140372253,-1.2429837338686824,0.0,0.0,1.0,-0.7232904496822982,1.4077277882330808,True,False,False,1.0
-0.7166723924128725,0.23023094702075014,-1.2888688500157235,-0.2297850296624989,-1.59271713558704,0.0,1.0,0.0,0.09370171340711538,1.685717585482906,False,True,True,1.0
0.9460639035616552,0.913453629504022,0.7385254843821895,0.003034467212446404,-1.59271713558704,1.0,1.0,1.0,1.6900413197424708,-1.2656475178282793,True,False,True,1.0
0.696653459165476,0.7869309105256386,-0.9202516983070119,1.399951448462118,0.5056832747231058,1.0,0.0,1.0,1.5587935127206347,-0.32240648760483037,False,False,False,1.0
1.6111584219514663,1.0785356533139132,-0.9202516983070119,-1.6267020109121706,-1.59271713558704,0.0,1.0,1.0,-0.06094686540931143,-0.2887315801505869,True,False,False,1.0
-0.1347146888217878,0.4760465153216098,1.107142636090901,-1.6267020109121706,-0.8932503321503247,1.0,1.0,1.0,-0.266466687257458,0.6253016221788755,True,False,False,1.0
1.1123375331591079,-1.5603667710923756,1.2914512119452566,0.23585396408739168,0.15594987300474816,0.0,1.0,0.0,-1.3195014180140499,1.3826434183947156,True,False,True,1.0
1.6942952367501927,-0.32164910338019975,-1.4731774258700792,-1.16106301716228,1.5548834798781788,1.0,1.0,0.0,0.030621372047783556,-0.39284889605503326,True,False,False,1.0
0.7797902739642024,-1.3868498993505922,1.4757597877996123,-1.16106301716228,1.5548834798781788,0.0,0.0,0.0,-1.1811316369677731,0.9118819570445793,True,False,True,1.0
-1.1323564664065044,-1.666404859379021,-0.9202516983070119,-0.6954240234123894,1.205150078159821,0.0,1.0,0.0,-1.5046727426495086,0.19852371342203629,True,False,True,1.0
0.19783257037311774,-0.9144984151646263,-1.6574860017244348,0.003034467212446404,1.205150078159821,1.0,1.0,1.0,-1.034622457036421,1.3462195389033915,False,False,False,1.0
0.6135166443667497,0.8592296070847147,-1.4731774258700792,0.7014929578372823,-0.19378352871360946,0.0,0.0,0.0,1.7694004588719534,-1.0196145205095217,False,False,False,1.0
0.3641061999705705,-0.9735423506878721,0.7385254843821895,0.7014929578372823,-0.19378352871360946,1.0,0.0,1.0,-1.0875285497894092,0.37995586786938823,False,True,False,1.0
-0.7998092072115989,0.10491320631835113,-0.9202516983070119,1.1671319515871728,-1.59271713558704,1.0,0.0,0.0,0.8995022030295511,0.4933509643989831,False,True,True,1.0
-0.2178515036205142,1.6328256602668325,1.107142636090901,-0.46260452653744416,-0.5435169304319671,1.0,1.0,1.0,2.7217101284257406,1.0895342749409442,False,False,True,1.0
-1.1323564664065044,1.236387807467897,0.0012911809647666106,-1.16106301716228,-1.59271713558704,0.0,0.0,1.0,0.39689432187616314,0.6984930026661594,True,False,False,1.0
-0.1347146888217878,1.3171213519588654,-0.7359431224526563,-0.6954240234123894,-0.8932503321503247,1.0,1.0,0.0,0.08352746480077171,1.5688862739069596,True,False,False,1.0
1.3617479775552872,0.5206307115330404,1.4757597877996123,-0.9282435202873347,-0.5435169304319671,0.0,1.0,1.0,-0.5554153476776242,-0.9357708733785485,True,False,False,1.0
1.52802160715274,0.049484205623059115,-0.3673259707439448,-0.9282435202873347,1.205150078159821,0.0,1.0,1.0,0.47828831072691425,-1.554633203226429,True,False,False,1.0
-0.46726194801669335,-1.553136901436468,-0.1830173948895891,0.7014929578372823,1.205150078159821,1.0,0.0,0.0,-1.2289506054175892,1.4767957106647431,False,True,False,1.0
1.4448847923540136,-1.2326126800245625,-0.9202516983070119,0.23585396408739168,-0.19378352871360946,0.0,0.0,1.0,-1.0010474366354862,1.4280014570065538,True,False,True,1.0
1.0292007183603815,0.07719870597070512,-0.9202516983070119,0.468673460962337,0.5056832747231058,0.0,0.0,1.0,0.6329368895433413,-0.45366990237545246,False,False,True,1.0
-1.6311773551988626,1.0845605446938362,-1.1045602741613676,0.468673460962337,1.205150078159821,0.0,1.0,0.0,1.6208564292193324,0.6754703618556053,True,False,True,1.0
0.19783257037311774,-0.1324675140506165,-0.5516345465983006,-0.6954240234123894,0.5056832747231058,1.0,0.0,0.0,0.6197103663550942,1.4974130009428512,True,False,False,1.0
0.6135166443667497,-0.29031966820460003,0.5542169085278338,-1.6267020109121706,-1.59271713558704,1.0,1.0,1.0,-0.5869555183572902,1.1558532253355258,False,False,True,1.0
1.6111584219514663,0.7122222574145929,-0.1830173948895891,-0.9282435202873347,-1.59271713558704,0.0,0.0,0.0,1.6218738540799669,0.12601957594402255,True,False,True,1.0
1.3617479775552872,0.954422890887499,0.18559975681912233,0.7014929578372823,0.15594987300474816,1.0,1.0,1.0,0.6176755166338256,0.7826802713017679,True,False,False,1.0
-0.5503987628154198,-0.9518527417201492,-1.6574860017244348,-0.2297850296624989,0.15594987300474816,1.0,1.0,0.0,-0.510648653809711,-1.0921186579875355,False,False,False,1.0
-0.30098831841924056,-1.4001046603864227,1.107142636090901,-1.16106301716228,0.5056832747231058,1.0,1.0,1.0,-1.149591466288107,-1.5944932977641046,True,False,False,1.0
0.696653459165476,0.9050187815721301,1.6600683636539681,0.9343124547122276,1.5548834798781788,0.0,0.0,0.0,1.4814692233124211,0.4246266634719559,True,False,False,1.0
1.6111584219514663,1.40990467920968,0.36990833267347806,-0.9282435202873347,-1.59271713558704,0.0,1.0,1.0,1.8192542770430384,1.0857544383899578,False,False,True,1.0
-1.3817669108026835,0.13744761976993547,0.9228340602365452,0.23585396408739168,-1.2429837338686824,0.0,1.0,0.0,0.16593887851215702,0.08822121043415751,True,False,True,1.0
-0.051577874023061424,-0.36502832131564555,-1.2888688500157235,-0.9282435202873347,0.5056832747231058,1.0,1.0,0.0,0.018412273720170794,0.9706412343371874,False,False,True,1.0
-0.38412513321796693,-0.33249390786406124,1.4757597877996123,0.23585396408739168,-0.5435169304319671,1.0,1.0,0.0,-0.740586672313083,0.9967564686894579,True,False,False,1.0
0.4472430147692969,0.941168129851668,0.18559975681912233,1.1671319515871728,-0.5435169304319671,0.0,1.0,0.0,1.7785572826176623,-0.2701760189002896,True,False,False,1.0
0.2809693851718441,1.64005552992274,-1.4731774258700792,0.003034467212446404,0.8554166764414635,0.0,1.0,0.0,0.06216154272744946,-1.3274993886626036,True,False,True,1.0
-1.5480405404001363,0.2591504256443805,0.0012911809647666106,-0.46260452653744416,-0.5435169304319671,1.0,1.0,0.0,0.39282462243362565,0.9266576817438898,True,False,True,1.0
0.03155894077566496,-1.231407701748578,0.7385254843821895,0.7014929578372823,-1.2429837338686824,1.0,1.0,1.0,-0.7782313921565552,1.1716598145487418,True,False,True,1.0
0.03155894077566496,-0.9723373724118874,-1.6574860017244348,0.23585396408739168,0.15594987300474816,1.0,1.0,1.0,-0.9908731880291424,0.5534847277101319,True,False,True,1.0
-1.049219651607778,0.6073891474039319,0.0012911809647666106,0.7014929578372823,1.205150078159821,1.0,1.0,1.0,0.21884497126514518,-1.1639355524562789,True,False,False,1.0
-0.8829460220103252,0.1205779239061509,-0.1830173948895891,1.6327709453370634,-1.59271713558704,0.0,1.0,0.0,-0.07926051290073056,0.941433406443201,True,False,True,1.0
1.2786111627565606,0.8592296070847147,0.36990833267347806,-1.6267020109121706,0.8554166764414635,1.0,1.0,1.0,1.1213008226478476,-1.2762997844719686,True,False,True,1.0
-0.5503987628154198,-0.1854865581939391,-0.9202516983070119,-0.9282435202873347,1.5548834798781788,1.0,0.0,1.0,0.485410284751355,1.6998060671729465,True,False,True,1.0
-1.46490372560141,-0.39394779993927614,-0.3673259707439448,1.399951448462118,-1.2429837338686824,0.0,1.0,1.0,-0.7232904496822982,-0.6917996050876017,True,False,True,1.0
-1.46490372560141,-1.6266405762715288,1.4757597877996123,1.399951448462118,-1.2429837338686824,1.0,1.0,0.0,-1.2686301749823303,1.0623881760747689,True,False,True,1.0
-0.051577874023061424,0.42543742773025656,1.4757597877996123,-0.9282435202873347,0.8554166764414635,0.0,0.0,1.0,0.19035707516738254,-0.8230630198582238,True,False,True,1.0
1.6111584219514663,-1.0169215686233177,1.107142636090901,-1.3938825140372253,-1.2429837338686824,0.0,0.0,1.0,-1.0620929282735494,0.9850733375318632,True,False,True,1.0
-1.6311773551988626,-1.6278455545475135,0.0012911809647666106,1.1671319515871728,0.8554166764414635,1.0,0.0,0.0,-1.4934810691825302,-0.5004024270058309,True,False,True,1.0
0.6135166443667497,1.5364273981880638,1.6600683636539681,-0.9282435202873347,-0.8932503321503247,0.0,0.0,0.0,2.4734584624309504,0.1267068189532927,False,False,True,1.0
0.2809693851718441,0.8266951936331304,-0.1830173948895891,0.23585396408739168,1.5548834798781788,1.0,1.0,0.0,0.4579398135142266,1.1572277113540665,True,False,True,1.0
0.19783257037311774,-0.2915246464805846,-1.1045602741613676,0.9343124547122276,-0.5435169304319671,1.0,1.0,1.0,-0.7985798893692431,1.5853801061294461,False,False,False,1.0
-1.049219651607778,1.6460804213026632,0.0012911809647666106,0.468673460962337,-1.59271713558704,1.0,0.0,1.0,1.6279784032437732,-1.4353965411180365,True,False,True,1.0
-0.7166723924128725,-1.0759655041465637,-1.2888688500157235,0.9343124547122276,-0.19378352871360946,0.0,0.0,0.0,-0.9135488986209289,-0.5351081989739797,False,False,True,1.0
1.2786111627565606,0.9580378257154525,1.107142636090901,0.7014929578372823,1.5548834798781788,1.0,1.0,0.0,1.127405371811654,1.617336906060514,True,False,False,1.0
1.6942952367501927,1.0713057836580058,-1.1045602741613676,0.468673460962337,-1.59271713558704,1.0,1.0,1.0,2.0400354718007003,-0.6313222202718178,False,False,True,1.0
0.2809693851718441,0.8507947591528224,0.18559975681912233,0.23585396408739168,1.5548834798781788,1.0,0.0,0.0,0.6563376613379323,1.0617009330654987,False,False,False,1.0
1.4448847923540136,-0.9723373724118874,0.36990833267347806,0.9343124547122276,1.5548834798781788,0.0,1.0,0.0,-0.7446563717556204,0.5782254760438618,True,False,True,1.0
-0.9660828368090516,1.3147113954068963,0.36990833267347806,-1.16106301716228,0.5056832747231058,1.0,1.0,1.0,0.3317791307955622,-0.6832090674717234,True,False,True,1.0
0.9460639035616552,-0.2421205371652157,0.7385254843821895,0.7014929578372823,0.5056832747231058,0.0,0.0,0.0,0.038760770932858485,-0.28426450059033004,False,False,False,1.0
1.2786111627565606,1.085765522969821,-0.1830173948895891,-0.6954240234123894,0.5056832747231058,1.0,1.0,0.0,0.05300471898173998,0.6198036781047135,True,False,False,1.0
0.9460639035616552,-0.07824349163130925,1.4757597877996123,0.003034467212446404,1.5548834798781788,1.0,1.0,0.0,0.12218960950487835,-0.4522954163569117,True,False,False,1.0
-1.714314169997589,0.3157844046156573,1.6600683636539681,1.6327709453370634,1.205150078159821,1.0,0.0,0.0,0.05910926814554618,-0.5210197172839389,True,False,True,1.0
-1.2154932812052308,1.253257503331681,0.7385254843821895,-0.6954240234123894,1.5548834798781788,1.0,1.0,1.0,1.3807441621096168,1.2458820595499316,True,False,False,1.0
-0.38412513321796693,-1.2145380058847934,0.9228340602365452,-1.16106301716228,-0.19378352871360946,1.0,1.0,1.0,-1.05293610452784,0.7685917896117275,True,False,False,1.0
0.6135166443667497,0.7989806932854844,-0.1830173948895891,0.003034467212446404,1.205150078159821,1.0,0.0,0.0,1.7602436351262434,-0.42274396695829,False,False,False,1.0
-0.9660828368090516,0.7965707367335152,0.7385254843821895,-0.46260452653744416,0.5056832747231058,0.0,1.0,0.0,0.19646162433118874,-0.18117804919978917,True,False,True,1.0
-0.7166723924128725,-0.20356123233370826,-1.4731774258700792,-0.46260452653744416,-1.2429837338686824,1.0,0.0,0.0,-0.32547732917425254,1.6846867209690006,True,False,False,1.0
-0.6335355776141461,-1.2061031579529011,1.2914512119452566,-1.6267020109121706,-0.19378352871360946,0.0,0.0,1.0,-0.7589003198045019,1.7073657402749194,False,False,False,1.0
-1.1323564664065044,-0.6421733247921052,0.9228340602365452,0.7014929578372823,-0.19378352871360946,1.0,0.0,0.0,-0.4485857373110134,0.617054706067632,True,False,False,1.0
-0.1347146888217878,-1.3133462245155312,1.107142636090901,-1.6267020109121706,-0.19378352871360946,0.0,0.0,1.0,-1.0407270062002274,0.3545278765263881,True,False,False,1.0
0.11469575557439135,1.3135064171309114,-1.4731774258700792,-0.9282435202873347,1.205150078159821,1.0,0.0,1.0,1.7989057798303505,-1.1130795697702789,True,False,True,1.0
0.9460639035616552,1.53281246336011,1.2914512119452566,0.7014929578372823,0.5056832747231058,0.0,0.0,0.0,2.5446782026753567,-0.40487564871726306,True,False,True,1.0
-0.46726194801669335,-0.06619370887146324,1.2914512119452566,1.399951448462118,0.8554166764414635,1.0,1.0,0.0,-0.7965450396479742,-1.6779933233904427,False,False,False,1.0
1.52802160715274,1.367730439550219,0.7385254843821895,-0.9282435202873347,1.5548834798781788,0.0,1.0,1.0,1.172172065679567,0.18512247474126595,True,False,True,1.0
1.6111584219514663,-1.3482905945190846,0.0012911809647666106,-0.6954240234123894,1.205150078159821,1.0,0.0,1.0,-1.1790967872465041,1.5245590998090273,False,False,True,1.0
-0.2178515036205142,-0.8650943058492574,-1.4731774258700792,-1.16106301716228,0.5056832747231058,1.0,1.0,0.0,-1.0163088095450021,1.4936331643918648,False,False,False,1.0
-0.8829460220103252,1.4002648530018034,-1.2888688500157235,0.7014929578372823,-0.8932503321503247,1.0,0.0,0.0,1.0602553310097842,1.335223650755067,False,False,False,1.0
1.4448847923540136,1.1375795888371592,0.36990833267347806,1.6327709453370634,1.205150078159821,0.0,1.0,0.0,-0.18507269840670687,-1.0010589592592243,False,False,True,1.0
1.1954743479578342,-0.443351909254645,-1.4731774258700792,1.399951448462118,1.5548834798781788,1.0,1.0,0.0,0.20968814751943568,1.1324869630203362,False,False,False,1.0
-1.2986300960039572,0.6326936911996087,0.36990833267347806,-0.46260452653744416,0.8554166764414635,1.0,1.0,1.0,0.14660780616010388,-1.0550075354869408,True,False,True,1.0
0.8629270887629288,1.6135460078510788,1.4757597877996123,0.9343124547122276,0.8554166764414635,0.0,0.0,0.0,1.5638806370238068,0.5259950073393211,False,False,False,1.0
-0.46726194801669335,-0.5409551496093983,-0.7359431224526563,-0.46260452653744416,0.5056832747231058,0.0,0.0,1.0,-0.19117724757051324,-1.2264746662998738,True,False,True,1.0
1.6942952367501927,-0.3373138209679998,-0.1830173948895891,0.9343124547122276,-1.59271713558704,0.0,1.0,1.0,0.023499398023342808,-0.0007767592663426485,True,False,True,1.0
-1.6311773551988626,0.09406840183448968,-0.7359431224526563,-0.6954240234123894,-1.59271713558704,0.0,0.0,0.0,-0.5554153476776242,-0.7941988134688723,True,False,True,1.0
-1.2986300960039572,0.09647835838645885,-0.3673259707439448,-0.46260452653744416,-0.19378352871360946,1.0,0.0,1.0,0.014342574277633328,-0.6485032955035747,False,False,True,1.0
1.2786111627565606,-1.0313813079351333,-0.1830173948895891,0.23585396408739168,-0.5435169304319671,1.0,0.0,1.0,-0.9613678670707452,-1.2388450404667386,True,False,True,1.0
-1.1323564664065044,0.478456471873579,1.2914512119452566,0.7014929578372823,1.5548834798781788,1.0,0.0,0.0,-0.22678711769271678,1.032149483666877,False,False,False,1.0
-0.38412513321796693,0.9447830646796219,-0.5516345465983006,0.9343124547122276,0.5056832747231058,0.0,1.0,1.0,0.9005196278901856,-0.63682016434598,True,False,True,1.0
0.5303798295680233,-1.1398293527737478,-0.7359431224526563,-0.6954240234123894,-1.2429837338686824,1.0,1.0,0.0,-0.8362246092127154,-1.053289427963765,False,False,True,1.0
0.7797902739642024,1.496663115080572,-0.3673259707439448,0.9343124547122276,0.5056832747231058,1.0,0.0,1.0,2.0135824254242065,-0.88903834874817,True,False,False,1.0
0.19783257037311774,-0.8795540451610728,1.107142636090901,-0.6954240234123894,-0.8932503321503247,1.0,0.0,0.0,-1.089563399510678,-0.11932617836546475,True,False,False,1.0
0.5303798295680233,0.6013642560240088,1.4757597877996123,-1.16106301716228,0.5056832747231058,1.0,0.0,1.0,-0.5004744052033672,-0.22344349426991109,False,False,False,1.0
0.4472430147692969,1.0182867395146828,0.18559975681912233,-0.9282435202873347,1.5548834798781788,1.0,0.0,1.0,1.8680906703534887,1.3888286054781482,True,False,False,1.0
0.7797902739642024,-0.35900342993572265,-1.4731774258700792,-0.2297850296624989,-1.59271713558704,0.0,1.0,0.0,-0.14132342939942819,0.7149868348886461,False,False,True,1.0
-0.46726194801669335,0.5784696687803016,-1.2888688500157235,0.7014929578372823,1.5548834798781788,0.0,0.0,1.0,-0.2857977596095113,0.263124556293442,True,False,True,1.0
1.2786111627565606,1.064075914002098,-1.1045602741613676,1.399951448462118,-0.5435169304319671,0.0,1.0,0.0,0.36942385063903466,-1.4676969625537395,True,False,False,1.0
0.8629270887629288,0.02297468355139769,-1.6574860017244348,0.9343124547122276,0.15594987300474816,1.0,1.0,1.0,0.791655167802306,-0.8048510801125616,True,False,False,1.0
1.3617479775552872,-1.6483301852392518,0.9228340602365452,0.468673460962337,-0.8932503321503247,1.0,0.0,1.0,-1.3093271694077058,-0.6649971277260611,True,False,False,1.0
0.696653459165476,1.2616923512635734,-0.1830173948895891,-0.6954240234123894,1.5548834798781788,1.0,1.0,1.0,1.8151845776005004,1.6118389619863516,True,False,True,1.0
0.2809693851718441,-1.3049113765836389,1.2914512119452566,1.399951448462118,-1.2429837338686824,1.0,0.0,1.0,-1.0631103531341841,-1.2869520511156578,True,False,True,1.0
-0.7166723924128725,0.9218884774359142,0.18559975681912233,1.1671319515871728,-1.2429837338686824,1.0,1.0,0.0,0.15067750560264134,-0.6285732482347367,False,True,False,1.0
0.3641061999705705,-1.209718092780855,-0.9202516983070119,-0.9282435202873347,0.15594987300474816,1.0,0.0,1.0,-1.0213959338481742,0.03805247075742759,False,True,False,1.0
0.11469575557439135,-0.6783226730716435,0.0012911809647666106,0.9343124547122276,0.8554166764414635,0.0,0.0,1.0,-0.874886753916822,-0.2907933091783978,False,True,False,1.0
1.6942952367501927,-0.3963577564912453,-1.1045602741613676,-1.3938825140372253,-1.59271713558704,0.0,0.0,1.0,0.15881690448771627,-0.876667974581305,True,False,False,1.0
-0.6335355776141461,0.07719870597070512,-1.6574860017244348,-1.6267020109121706,-0.8932503321503247,0.0,0.0,0.0,0.21579269668324225,1.156196846840161,False,True,True,1.0
0.8629270887629288,-0.6662728903117973,0.36990833267347806,-1.16106301716228,0.8554166764414635,1.0,0.0,0.0,-0.35600007499328407,-1.4536084808636986,True,False,True,1.0
-0.6335355776141461,0.9086337164000836,0.18559975681912233,-0.9282435202873347,-0.19378352871360946,1.0,1.0,1.0,1.3715873383639072,1.332474678717986,False,False,False,1.0
0.4472430147692969,0.8471798243248689,0.7385254843821895,0.468673460962337,-1.2429837338686824,0.0,1.0,0.0,0.44980041462915127,1.1455445801964719,True,False,True,1.0
-0.8829460220103252,-0.49637095339796766,1.6600683636539681,0.23585396408739168,1.5548834798781788,0.0,1.0,0.0,-0.2552750137904796,-0.8976288863640485,True,False,False,1.0
1.6942952367501927,-1.3976947038344536,-1.2888688500157235,-1.3938825140372253,1.205150078159821,0.0,1.0,1.0,-1.1811316369677731,-1.5292052118834287,True,False,False,1.0
0.7797902739642024,-1.5013228355691297,0.5542169085278338,-1.6267020109121706,0.5056832747231058,1.0,1.0,0.0,-1.388686308537188,-1.1378203181040085,True,False,False,1.0
0.5303798295680233,-1.2494823758883469,-1.4731774258700792,-0.9282435202873347,0.15594987300474816,1.0,1.0,0.0,-0.9969777371929488,0.1789372876578335,False,False,False,1.0
-0.7998092072115989,0.9435780864036372,-0.5516345465983006,0.468673460962337,1.5548834798781788,1.0,1.0,1.0,1.064325030452322,0.21055046608426609,True,False,False,1.0
-0.9660828368090516,-0.753031326182689,1.2914512119452566,0.468673460962337,-0.8932503321503247,0.0,1.0,1.0,-0.9949428874716798,-0.5447296011037636,False,True,True,1.0
1.6942952367501927,-0.6530181292759666,0.18559975681912233,-0.6954240234123894,1.205150078159821,0.0,0.0,1.0,-0.30614625682219904,-1.51992743125828,False,False,True,1.0
-1.049219651607778,-1.549521966608514,1.107142636090901,0.468673460962337,-0.8932503321503247,1.0,1.0,0.0,-1.19435816015602,0.15316567481019827,True,False,True,1.0
1.0292007183603815,0.7700612146618541,-1.4731774258700792,-0.2297850296624989,1.5548834798781788,1.0,0.0,1.0,0.41622539422821664,-0.3598612316100601,True,False,False,1.0
1.2786111627565606,0.9568328474394682,-0.1830173948895891,-1.16106301716228,0.5056832747231058,0.0,1.0,1.0,1.0124363625599682,0.14698048772676583,False,True,False,1.0
0.19783257037311774,-0.7265218041110276,-0.5516345465983006,1.6327709453370634,-1.2429837338686824,0.0,0.0,0.0,-0.9745943902589922,-1.1254499439371437,True,False,True,1.0
0.7797902739642024,-1.7049641642105284,-1.2888688500157235,-0.46260452653744416,0.15594987300474816,0.0,1.0,1.0,-1.422261328938123,1.3592771560795265,True,False,False,1.0
0.3641061999705705,-0.6433783030680897,-1.4731774258700792,0.9343124547122276,0.8554166764414635,1.0,1.0,1.0,-0.9644201416526483,1.6915591510617034,False,False,True,1.0
-1.714314169997589,0.35313873117118,-0.3673259707439448,0.7014929578372823,-0.5435169304319671,1.0,0.0,1.0,0.12829415866868454,-0.7821720608066426,False,True,True,1.0
0.3641061999705705,1.2737421340234196,-0.7359431224526563,-1.16106301716228,-0.19378352871360946,0.0,1.0,0.0,0.8618574831860786,-0.6808037169392773,True,False,True,1.0
-1.5480405404001363,-0.03245431714389411,-0.9202516983070119,0.003034467212446404,0.15594987300474816,0.0,1.0,0.0,0.691947531460136,-0.10042699561053235,True,False,True,1.0
1.6942952367501927,-0.49275601857001394,0.0012911809647666106,-1.3938825140372253,-1.2429837338686824,1.0,0.0,0.0,-0.46079483563862617,0.520840684769794,False,False,False,1.0
0.5303798295680233,0.13624264149395066,-0.7359431224526563,0.9343124547122276,-0.5435169304319671,1.0,1.0,1.0,0.49558453335769903,-0.8656720864329807,True,False,True,1.0
-0.9660828368090516,0.23143592529673493,0.36990833267347806,1.399951448462118,-0.19378352871360946,0.0,1.0,1.0,0.729592251303608,-0.07912246232315376,True,False,True,1.0
1.1123375331591079,1.3906250267939264,0.9228340602365452,1.1671319515871728,0.15594987300474816,1.0,0.0,1.0,1.520131368016528,-0.43889417767614136,True,False,False,1.0
0.03155894077566496,-0.5240854537456137,-1.4731774258700792,1.1671319515871728,-0.19378352871360946,0.0,1.0,1.0,-0.28172806016697366,1.6166496630512435,True,False,True,1.0
0.9460639035616552,1.1966235243604046,-0.7359431224526563,-0.46260452653744416,0.8554166764414635,0.0,0.0,1.0,-0.1097832587197621,1.5657936803652437,True,False,True,1.0
-0.9660828368090516,-0.516855584089706,1.107142636090901,0.7014929578372823,0.15594987300474816,0.0,0.0,0.0,0.10184111229219066,0.831130903455322,False,False,True,1.0
-0.1347146888217878,-1.215742984160778,0.7385254843821895,0.003034467212446404,-0.5435169304319671,1.0,0.0,1.0,-1.0203785089875395,0.9981309547079982,False,False,True,1.0
-0.5503987628154198,-0.5758995196129517,-0.9202516983070119,-0.46260452653744416,1.5548834798781788,1.0,0.0,1.0,-0.8362246092127154,-1.4295549755392394,True,False,False,1.0
-1.049219651607778,-1.56157174936836,0.36990833267347806,1.6327709453370634,-1.59271713558704,1.0,0.0,0.0,-1.3978431322828977,1.0895342749409442,False,False,True,1.0
0.11469575557439135,-0.9554676765481029,-0.3673259707439448,-1.16106301716228,-1.2429837338686824,1.0,1.0,0.0,-1.000030011774852,0.9359354623690385,False,False,True,1.0
0.6135166443667497,0.8664594767406226,-0.7359431224526563,0.7014929578372823,-1.2429837338686824,1.0,1.0,0.0,1.1080742994596007,0.5229024137976048,False,True,True,1.0
0.2809693851718441,-1.6073609238557751,-0.5516345465983006,-1.16106301716228,-1.2429837338686824,0.0,1.0,1.0,-1.4588886239209609,-1.600678484847537,False,False,True,1.0
1.3617479775552872,0.9520129343355294,-0.9202516983070119,-1.6267020109121706,0.8554166764414635,0.0,1.0,1.0,0.18832222544611382,-0.39284889605503326,True,False,True,1.0
-1.2154932812052308,0.8592296070847147,0.5542169085278338,-1.3938825140372253,-0.5435169304319671,1.0,0.0,0.0,0.9229029748241421,0.8878284517201197,True,False,False,1.0
-0.5503987628154198,-0.09390820921910903,0.36990833267347806,0.23585396408739168,1.5548834798781788,1.0,0.0,1.0,0.0977714128496532,1.6626949446723518,False,True,False,1.0
1.3617479775552872,0.3097595132357342,1.4757597877996123,0.468673460962337,1.5548834798781788,0.0,0.0,0.0,-0.42213269093451933,1.148980795242823,False,False,False,1.0
-0.7166723924128725,0.45797184118184087,-0.5516345465983006,1.6327709453370634,0.8554166764414635,1.0,0.0,1.0,0.32465715677112184,1.5541105492076488,True,False,True,1.0
0.8629270887629288,-1.7037591859345438,-0.1830173948895891,0.9343124547122276,1.5548834798781788,0.0,0.0,0.0,-1.3825817593733818,-0.6289168697393719,True,False,True,1.0
-1.049219651607778,1.4918432019766332,1.2914512119452566,1.399951448462118,-0.8932503321503247,0.0,1.0,1.0,0.5179678802916554,-1.6728390008209157,True,False,True,1.0
-1.1323564664065044,-0.9337780675803801,1.4757597877996123,1.6327709453370634,0.5056832747231058,0.0,0.0,0.0,-1.1780793623858699,-1.0749375827557788,True,False,False,1.0
-1.3817669108026835,1.180958806772605,-1.2888688500157235,-1.16106301716228,1.205150078159821,0.0,0.0,0.0,1.7439648373560936,-0.5543510032335474,False,False,False,1.0
-0.6335355776141461,-0.4686564530503219,-1.4731774258700792,0.003034467212446404,0.8554166764414635,1.0,0.0,1.0,-0.9206708726453696,-1.1897071653039142,False,False,False,1.0
-0.5503987628154198,0.23866579495264242,0.18559975681912233,-1.6267020109121706,-0.8932503321503247,0.0,0.0,0.0,0.5596822995776654,-0.5028077775382769,True,False,True,1.0
0.9460639035616552,-0.25296534164907714,-1.1045602741613676,1.1671319515871728,0.5056832747231058,1.0,0.0,1.0,-0.46486453508116365,1.3768018528159187,False,False,True,1.0
-0.5503987628154198,-1.5422920969526064,0.36990833267347806,1.399951448462118,-0.19378352871360946,0.0,0.0,1.0,-1.1628179894763542,1.569917138420865,True,False,False,1.0
-0.9660828368090516,1.0315415005505135,-0.5516345465983006,0.468673460962337,0.5056832747231058,0.0,1.0,0.0,1.8182368521824037,-0.639569136383061,True,False,True,1.0
0.11469575557439135,-1.4844531397053453,-0.3673259707439448,-0.9282435202873347,-1.59271713558704,0.0,0.0,1.0,-1.282874123031212,-0.005243838826599507,False,False,True,1.0
-0.46726194801669335,0.2109512946049964,1.4757597877996123,0.9343124547122276,0.5056832747231058,1.0,1.0,1.0,0.6593899359198355,0.5727275319696997,True,False,True,1.0
0.6135166443667497,-0.4602216051184296,0.36990833267347806,0.7014929578372823,0.5056832747231058,1.0,1.0,1.0,0.07437064105506222,1.0668552556350255,True,False,True,1.0
1.52802160715274,1.5966763119872942,0.7385254843821895,0.9343124547122276,0.15594987300474816,1.0,1.0,1.0,1.5944033828428381,-0.9127482325679943,True,False,True,1.0
-1.2154932812052308,1.5532970940518485,-0.5516345465983006,-0.46260452653744416,0.8554166764414635,1.0,0.0,1.0,0.21274042210133898,0.3167295110165231,False,False,False,1.0
-0.30098831841924056,-0.8494295882614576,-0.9202516983070119,0.003034467212446404,0.8554166764414635,1.0,1.0,0.0,-0.8575905312860377,-0.6732440438373044,True,False,True,1.0
0.3641061999705705,0.48568634152948686,0.7385254843821895,0.003034467212446404,1.5548834798781788,0.0,1.0,1.0,1.1782766148433732,-0.3907871670272223,True,False,True,1.0
0.696653459165476,-0.9639025244799951,1.4757597877996123,-1.6267020109121706,1.205150078159821,1.0,0.0,1.0,-0.8820087279412628,-1.4567010744054152,False,False,False,1.0
0.8629270887629288,-0.6337384768602129,1.2914512119452566,0.468673460962337,0.8554166764414635,1.0,0.0,1.0,-0.14539312884196567,-0.36501555417958714,False,True,True,1.0
-0.7166723924128725,-0.5530049323692443,-0.9202516983070119,-0.9282435202873347,-1.2429837338686824,0.0,1.0,1.0,-0.6337570619464721,-1.1206392428722518,True,False,False,1.0
0.9460639035616552,-1.5591617928163908,-0.5516345465983006,0.468673460962337,0.15594987300474816,0.0,1.0,0.0,-1.259473351236621,0.3710217087488745,False,True,True,1.0
-0.1347146888217878,1.0761256967619441,0.18559975681912233,0.9343124547122276,1.5548834798781788,1.0,0.0,0.0,1.167084941376395,0.18855868978761736,True,False,False,1.0
1.6942952367501927,0.9170685643319759,0.5542169085278338,1.399951448462118,-1.2429837338686824,0.0,0.0,1.0,0.9737742178558615,1.3616825066119722,True,False,False,1.0
-1.5480405404001363,-0.3204441251042152,-0.7359431224526563,-0.46260452653744416,-0.19378352871360946,0.0,0.0,1.0,0.29006471150955265,1.3472504034172965,True,False,True,1.0
0.11469575557439135,0.8146454108732846,-1.6574860017244348,1.6327709453370634,-1.59271713558704,0.0,1.0,1.0,1.6605359987840738,1.245194816540661,True,False,True,1.0
-0.38412513321796693,0.3579586442751183,-0.3673259707439448,0.468673460962337,-1.2429837338686824,1.0,0.0,1.0,1.1253705220903851,-1.105863518172941,True,False,True,1.0
1.1123375331591079,0.30011968702785713,-1.2888688500157235,-0.9282435202873347,-0.8932503321503247,1.0,0.0,0.0,0.8832234052594008,-1.102770924631225,True,False,False,1.0
0.7797902739642024,1.0737157402099748,-1.1045602741613676,-0.46260452653744416,-0.8932503321503247,1.0,1.0,1.0,-0.25324016406921085,0.6850917639853891,True,False,True,1.0
-0.46726194801669335,-1.4832481614293607,0.5542169085278338,-0.46260452653744416,0.8554166764414635,0.0,0.0,0.0,-1.2431945534664708,0.3370031797899962,False,True,False,1.0
0.5303798295680233,0.5664198860204553,-0.7359431224526563,-0.46260452653744416,-1.59271713558704,0.0,1.0,1.0,0.8486309599978317,1.388484983973513,True,False,False,1.0
1.6111584219514663,1.0182867395146828,1.107142636090901,-1.16106301716228,-1.59271713558704,0.0,0.0,0.0,1.9077702399182301,-0.8622358713866294,True,False,False,1.0
0.3641061999705705,0.6953525615508083,-1.6574860017244348,0.003034467212446404,-0.8932503321503247,1.0,0.0,0.0,0.026551672605245727,0.8287255529228763,True,False,False,1.0
-1.5480405404001363,0.7616263667299618,0.5542169085278338,-0.2297850296624989,-0.19378352871360946,1.0,1.0,0.0,1.0816212530831064,-0.05506895699869436,True,False,True,1.0
-0.1347146888217878,1.1918036112564663,1.2914512119452566,-0.2297850296624989,-1.2429837338686824,0.0,0.0,0.0,-0.0019362234925168987,1.4843553837667163,False,False,True,1.0
-0.6335355776141461,-1.6314604893754674,1.6600683636539681,-0.9282435202873347,0.8554166764414635,0.0,1.0,1.0,-1.4649931730847674,-1.2670220038468198,True,False,True,1.0
0.6135166443667497,-0.09029327439115528,1.4757597877996123,-1.16106301716228,0.8554166764414635,0.0,0.0,0.0,0.5871527708147938,0.8840486151691331,True,False,False,1.0
1.6942952367501927,0.050689183899043914,1.2914512119452566,-1.16106301716228,-0.19378352871360946,1.0,0.0,1.0,0.6034315685849441,0.26552990682588795,True,False,True,1.0
-1.714314169997589,0.12780779356205837,-0.7359431224526563,1.6327709453370634,0.15594987300474816,0.0,0.0,0.0,0.8608400583254444,0.5369908954876453,True,False,True,1.0
1.6111584219514663,1.4255693967974798,-0.9202516983070119,0.468673460962337,-1.2429837338686824,1.0,0.0,0.0,0.6756687336899857,-1.1690898750258059,True,False,True,1.0
-1.46490372560141,0.15793225046167356,-1.1045602741613676,0.23585396408739168,-1.59271713558704,0.0,1.0,0.0,0.5586648747170309,0.15866361888436034,False,False,False,1.0
-1.049219651607778,-0.4023826478711684,-1.4731774258700792,-0.9282435202873347,-1.59271713558704,0.0,1.0,1.0,-0.18914239784924433,0.8943572603081872,False,True,False,1.0
0.4472430147692969,0.19287662046522747,1.2914512119452566,0.468673460962337,-0.5435169304319671,0.0,0.0,0.0,0.10082368743155612,1.0699478491767418,False,False,True,1.0
-1.5480405404001363,0.6845077570669469,0.9228340602365452,0.003034467212446404,0.5056832747231058,1.0,0.0,0.0,1.265775152857931,1.037647427741039,True,False,True,1.0
-1.46490372560141,1.7039193785499243,-1.4731774258700792,1.1671319515871728,0.15594987300474816,0.0,1.0,1.0,1.523183642598431,1.0781947652879849,False,False,True,1.0
-0.46726194801669335,-0.027634404039955783,0.0012911809647666106,-1.6267020109121706,0.15594987300474816,1.0,0.0,0.0,-0.8067192882543182,-0.6969539276571288,True,False,False,1.0
-0.2178515036205142,1.3846001354140032,0.36990833267347806,-1.3938825140372253,1.205150078159821,1.0,1.0,1.0,1.32580321963536,-0.8828531616647375,False,True,True,1.0
1.52802160715274,0.6363086260275628,0.18559975681912233,-0.2297850296624989,0.8554166764414635,0.0,1.0,1.0,1.046011382960903,0.07413272874411704,True,False,False,1.0
1.1954743479578342,-1.4254092041820996,-0.7359431224526563,1.1671319515871728,0.8554166764414635,0.0,0.0,1.0,-1.3378150655054688,-0.5213633387885742,True,False,False,1.0
0.6135166443667497,-1.2422525062324394,1.4757597877996123,-1.6267020109121706,-1.59271713558704,0.0,1.0,1.0,-0.8179109617212964,-0.09527267304100512,False,True,False,1.0
0.8629270887629288,0.6989674963787622,-1.4731774258700792,-0.6954240234123894,-1.59271713558704,0.0,0.0,1.0,0.11811991006234089,-0.12173152889791071,True,False,False,1.0
-1.3817669108026835,1.606316138195171,-1.6574860017244348,0.9343124547122276,0.8554166764414635,1.0,1.0,1.0,0.19442677460992,-0.9381762239109945,True,False,True,1.0
-1.2986300960039572,-0.32887897303610747,-1.2888688500157235,1.1671319515871728,-0.19378352871360946,1.0,1.0,0.0,0.030621372047783556,1.6516990565240277,False,False,True,1.0
-0.6335355776141461,-0.6927824123834587,0.5542169085278338,0.7014929578372823,-0.19378352871360946,0.0,0.0,0.0,-0.6164608393156875,1.06582439112112,False,False,False,1.0
-0.6335355776141461,-1.1060899610461787,-1.2888688500157235,-1.6267020109121706,0.8554166764414635,1.0,0.0,0.0,-1.2554036517940832,0.31913486154896903,True,False,True,1.0
1.4448847923540136,-1.0337912644871023,0.7385254843821895,0.9343124547122276,0.5056832747231058,0.0,0.0,1.0,-1.1211035701903442,-0.24165543401557332,False,False,True,1.0
0.696653459165476,-1.4446888565978533,0.9228340602365452,-0.6954240234123894,-1.2429837338686824,1.0,0.0,1.0,-1.1109293215840002,0.34490647439660427,True,False,True,1.0
1.6111584219514663,0.057919053554951395,0.18559975681912233,-0.9282435202873347,-1.2429837338686824,0.0,0.0,0.0,0.3195700324679498,-1.0838717418762922,True,False,False,1.0
-0.9660828368090516,-0.9482378068921953,1.4757597877996123,-1.16106301716228,-0.5435169304319671,0.0,0.0,0.0,-0.7629700192470393,0.05420268147527896,True,False,True,1.0
1.6111584219514663,-1.2675570500281161,1.107142636090901,0.7014929578372823,1.5548834798781788,1.0,0.0,0.0,-1.3195014180140499,-0.15162659980116747,False,True,False,1.0
1.1954743479578342,0.32180929599558045,0.9228340602365452,-0.6954240234123894,0.8554166764414635,0.0,0.0,1.0,0.2615768154117897,1.622834850134676,True,False,True,1.0
1.6111584219514663,0.6652281046511931,0.7385254843821895,1.1671319515871728,0.15594987300474816,0.0,1.0,0.0,1.523183642598431,-0.6107049299937095,False,False,True,1.0
0.3641061999705705,-1.5688016190242677,0.36990833267347806,0.468673460962337,1.205150078159821,0.0,1.0,1.0,-1.327640816899125,1.1001865415846337,True,False,True,1.0
1.4448847923540136,-0.6144588244444592,1.6600683636539681,-0.9282435202873347,-0.19378352871360946,0.0,0.0,0.0,-0.34175612694440255,1.3740528807788372,True,False,False,1.0
-0.7998092072115989,-0.26019521130498485,-0.5516345465983006,-0.2297850296624989,-1.59271713558704,1.0,0.0,0.0,-0.19931664645558836,0.39370072805479367,False,False,True,1.0
-0.38412513321796693,-1.476018291773453,0.7385254843821895,-0.46260452653744416,-0.8932503321503247,0.0,1.0,0.0,-1.0875285497894092,-0.8505527402290347,True,False,False,1.0
1.1954743479578342,0.644743473959455,0.36990833267347806,-1.3938825140372253,-1.2429837338686824,0.0,0.0,0.0,1.0755167039193003,1.3462195389033915,True,False,True,1.0
-1.1323564664065044,0.13865259804591984,1.4757597877996123,0.7014929578372823,1.205150078159821,1.0,0.0,1.0,-0.057894590827408325,-0.2925114167015734,True,False,False,1.0
-0.46726194801669335,-0.01799457783207892,-1.2888688500157235,-1.6267020109121706,1.205150078159821,0.0,1.0,1.0,0.5464557763894184,-1.0924622794921706,False,False,True,1.0
-1.2154932812052308,-1.0277663731071793,1.107142636090901,-0.2297850296624989,-1.59271713558704,0.0,0.0,0.0,-0.6439313105528159,-0.9794108044672108,True,False,False,1.0
-1.2986300960039572,0.27120020840422676,0.0012911809647666106,1.1671319515871728,-0.19378352871360946,1.0,1.0,1.0,-0.3091985314041023,-0.8120671317098994,True,False,False,1.0
-0.9660828368090516,-1.112114852426102,0.36990833267347806,1.399951448462118,-0.5435169304319671,1.0,1.0,0.0,-0.9695072659558202,1.1448573371872017,True,False,False,1.0
-1.3817669108026835,0.45194694980191774,-1.4731774258700792,0.003034467212446404,-0.8932503321503247,0.0,0.0,1.0,-0.027371845008376607,-0.34749085744319524,True,False,True,1.0
0.8629270887629288,-1.7194239035223435,-0.1830173948895891,1.1671319515871728,-0.8932503321503247,1.0,1.0,1.0,-1.4792371211336488,-1.325094038130158,True,False,True,1.0
0.3641061999705705,-0.7084471299712587,-1.2888688500157235,-1.16106301716228,-0.5435169304319671,0.0,0.0,1.0,-0.8911655516869723,0.015717072956143784,True,False,False,1.0
1.52802160715274,0.30373462185581107,-0.7359431224526563,-0.46260452653744416,-1.59271713558704,1.0,1.0,1.0,-0.3081811065434679,-0.23409576091360038,True,False,True,1.0
-0.2178515036205142,-1.7133990121424207,1.6600683636539681,-0.9282435202873347,0.15594987300474816,0.0,0.0,1.0,-1.4151393549136824,0.2139866811306175,True,False,False,1.0
1.1123375331591079,1.3484507871344653,0.9228340602365452,0.468673460962337,1.205150078159821,1.0,1.0,0.0,2.311687909590082,-1.574563250495267,True,False,False,1.0
1.2786111627565606,-1.5856713148880524,1.2914512119452566,-1.16106301716228,0.8554166764414635,0.0,1.0,1.0,-1.4029302565860697,0.3665546291886179,False,False,False,1.0
-0.1347146888217878,-0.05293894783563242,0.18559975681912233,1.1671319515871728,1.205150078159821,1.0,0.0,1.0,-0.015162746680764026,1.0469252083661875,False,False,True,1.0
-0.8829460220103252,1.6605401606144785,-0.1830173948895891,0.23585396408739168,0.5056832747231058,0.0,1.0,1.0,2.1102377871844733,0.8661802969281057,True,False,True,1.0
-0.2178515036205142,0.631488712923624,0.0012911809647666106,-1.3938825140372253,1.5548834798781788,0.0,1.0,0.0,1.1762417651221047,1.5231846137904863,True,False,True,1.0
-0.9660828368090516,-0.7879756961862425,0.7385254843821895,1.1671319515871728,0.15594987300474816,0.0,0.0,1.0,-0.5238751769979582,1.6259274436763924,False,False,True,1.0
0.11469575557439135,-1.3326258769312849,-1.1045602741613676,-0.6954240234123894,0.8554166764414635,0.0,1.0,0.0,-1.0956679486744845,-0.09011835047147812,True,False,True,1.0
1.6111584219514663,-0.830149935845704,1.6600683636539681,-1.3938825140372253,-1.2429837338686824,1.0,1.0,1.0,-0.6266350879220314,-0.17121302556537027,False,False,True,1.0
0.19783257037311774,1.1195049146973899,1.6600683636539681,0.9343124547122276,-0.8932503321503247,1.0,0.0,0.0,1.7368428633316528,1.5599521147864461,True,False,False,1.0
-0.38412513321796693,-0.05173396955964783,-1.6574860017244348,-1.6267020109121706,0.8554166764414635,1.0,0.0,1.0,0.6807558579931577,-0.37979127887889796,False,False,False,1.0
1.6942952367501927,1.312301438854927,-0.7359431224526563,-0.6954240234123894,-0.8932503321503247,1.0,1.0,0.0,2.207910573805375,1.1500116597567285,False,False,False,1.0
-1.714314169997589,0.666433082927178,0.18559975681912233,0.003034467212446404,-0.8932503321503247,1.0,0.0,1.0,1.1884508634497173,0.3091698379145501,True,False,True,1.0
0.5303798295680233,0.6881226918949008,0.5542169085278338,0.003034467212446404,-0.5435169304319671,1.0,1.0,0.0,0.8323521622276814,-1.0319848946763868,True,False,True,1.0
-0.30098831841924056,-1.6386903590313748,0.7385254843821895,1.399951448462118,-0.19378352871360946,0.0,1.0,0.0,-1.3764772102095755,-0.2072932835520597,True,False,True,1.0
0.8629270887629288,-0.2758599288927846,-1.1045602741613676,-0.6954240234123894,-0.19378352871360946,0.0,1.0,1.0,0.2198623961257797,0.805702912112322,True,False,True,1.0
-0.46726194801669335,-1.3615453555549153,0.9228340602365452,-1.6267020109121706,-1.59271713558704,1.0,0.0,0.0,-1.2930483716375558,-1.4845344162808611,True,False,False,1.0
1.3617479775552872,-0.26260516785695404,-0.9202516983070119,-0.46260452653744416,-0.19378352871360946,1.0,1.0,1.0,-0.4496031621716478,-0.6533139965684664,True,False,False,1.0
-1.6311773551988626,0.3929030142786722,1.2914512119452566,0.9343124547122276,-0.19378352871360946,0.0,0.0,1.0,-0.19422952215241635,-0.6234189256652097,True,False,False,1.0
1.2786111627565606,-0.9313681110284109,1.6600683636539681,-1.6267020109121706,0.15594987300474816,0.0,1.0,1.0,-0.7527957706406956,-1.27973599951832,False,False,False,1.0
1.2786111627565606,-0.003534838520263521,-1.6574860017244348,1.399951448462118,0.5056832747231058,1.0,0.0,0.0,0.15983432934835082,1.0476124513754577,True,False,False,1.0
-1.2986300960039572,1.4725635495608795,-1.1045602741613676,-1.16106301716228,0.8554166764414635,0.0,0.0,1.0,-0.07112111401565545,0.9895404170921198,True,False,False,1.0
-1.1323564664065044,0.8495897808768381,-0.3673259707439448,0.23585396408739168,-0.8932503321503247,0.0,1.0,0.0,0.8964499284476478,-0.8216885338396833,True,False,True,1.0
-0.7166723924128725,-1.329010942103331,1.4757597877996123,-0.6954240234123894,-1.2429837338686824,1.0,1.0,0.0,-1.282874123031212,-0.08599489241585657,False,False,True,1.0
-1.1323564664065044,-0.804845392050027,-1.6574860017244348,-1.3938825140372253,0.15594987300474816,1.0,0.0,1.0,-0.7375343977311797,-1.1735569545860627,True,False,True,1.0
0.19783257037311774,0.2109512946049964,-1.6574860017244348,1.1671319515871728,0.15594987300474816,1.0,0.0,0.0,-0.6632623829048693,-1.3299047391950498,True,False,False,1.0
1.4448847923540136,0.010924900791551666,-0.1830173948895891,1.6327709453370634,-0.19378352871360946,1.0,1.0,0.0,0.6278497652401692,1.0187482449861067,True,False,False,1.0
1.4448847923540136,0.6495633870633933,-1.2888688500157235,1.1671319515871728,0.15594987300474816,1.0,1.0,0.0,1.5557412381387314,0.26552990682588795,True,False,False,1.0
0.03155894077566496,-1.6411003155833441,-1.4731774258700792,0.468673460962337,-0.8932503321503247,0.0,1.0,1.0,-1.327640816899125,1.4025734656635538,False,False,True,1.0
-1.1323564664065044,-0.7277267823870122,0.9228340602365452,-0.46260452653744416,-1.59271713558704,1.0,0.0,0.0,-0.6917502790026323,0.9795753934577011,False,True,True,1.0
0.19783257037311774,-0.5867443240968132,0.36990833267347806,0.7014929578372823,-0.5435169304319671,1.0,0.0,0.0,-0.6113737150125155,0.053171816961373505,True,False,False,1.0
0.696653459165476,0.8025956281134383,-0.5516345465983006,1.1671319515871728,1.205150078159821,1.0,1.0,0.0,1.6066124811704507,0.1301430339996441,False,False,True,1.0
0.5303798295680233,-0.9590826113760568,0.36990833267347806,0.003034467212446404,0.15594987300474816,1.0,1.0,1.0,-0.46689938480243237,-1.635727878320321,True,False,True,1.0
-0.051577874023061424,1.1182999364214055,-1.4731774258700792,-1.16106301716228,1.205150078159821,1.0,1.0,0.0,1.3542911157331226,1.514250454669973,True,False,True,1.0
0.6135166443667497,0.02176970527541311,0.7385254843821895,0.468673460962337,-0.8932503321503247,1.0,0.0,1.0,-0.5035266797852704,-1.14125653315036,True,False,True,1.0
1.52802160715274,0.9014038467441762,-1.1045602741613676,-0.2297850296624989,0.15594987300474816,1.0,0.0,0.0,0.6644770602230075,-1.4192463304001852,True,False,False,1.0
-1.46490372560141,-0.9663124810319643,-1.6574860017244348,0.9343124547122276,-1.2429837338686824,1.0,1.0,1.0,-0.5411713996287427,0.9916021461199307,True,False,True,1.0
1.1123375331591079,-1.175978701053286,-0.5516345465983006,-1.6267020109121706,-1.59271713558704,1.0,0.0,0.0,-1.0397095813395931,-1.6769624588765373,True,False,True,1.0
0.5303798295680233,-1.2265877886446395,0.9228340602365452,0.9343124547122276,0.8554166764414635,0.0,0.0,1.0,-0.8382594589339841,-1.2168532641700898,True,False,False,1.0
-0.7166723924128725,1.7111492482058317,1.6600683636539681,1.6327709453370634,0.8554166764414635,0.0,1.0,0.0,2.535521378929648,1.6846867209690006,True,False,False,1.0
-0.38412513321796693,-0.5385451930574291,-1.4731774258700792,0.468673460962337,0.15594987300474816,0.0,1.0,1.0,0.1038759620134594,-0.16227886644485678,True,False,True,1.0
0.8629270887629288,0.5097859070491789,1.2914512119452566,-1.3938825140372253,1.205150078159821,1.0,0.0,0.0,0.12015475978360962,-1.3917566100293743,False,False,False,1.0
-1.46490372560141,1.3785752440340806,-0.7359431224526563,-1.16106301716228,0.15594987300474816,0.0,0.0,0.0,1.402110084182939,-0.8124107532145346,False,False,True,1.0
0.6135166443667497,1.2725371557474348,-1.1045602741613676,0.003034467212446404,-0.5435169304319671,0.0,0.0,0.0,1.9861119541870782,1.2259520122810939,False,False,True,1.0
-1.6311773551988626,-1.2687620283041006,-1.1045602741613676,0.468673460962337,-0.5435169304319671,0.0,1.0,0.0,-1.105842197280828,1.7018677962007573,True,False,False,1.0
0.4472430147692969,-1.2687620283041006,-0.9202516983070119,-1.3938825140372253,0.5056832747231058,0.0,1.0,1.0,-1.1811316369677731,-0.6914559835829667,True,False,False,1.0
-0.9660828368090516,1.535222419912079,-0.3673259707439448,1.399951448462118,0.5056832747231058,1.0,1.0,1.0,2.1743355534044397,-0.4560752529078982,True,False,False,1.0
1.6111584219514663,-1.0072817424154412,0.18559975681912233,1.399951448462118,0.5056832747231058,1.0,1.0,1.0,-0.8575905312860377,1.6795323983994732,True,False,True,1.0
-0.051577874023061424,-0.6735027599677049,1.107142636090901,-1.16106301716228,-0.5435169304319671,1.0,0.0,1.0,-0.8657299301711125,0.7139559703747407,False,True,False,1.0
-1.46490372560141,0.4109776884184411,0.5542169085278338,0.7014929578372823,-0.19378352871360946,1.0,1.0,1.0,1.2891759246525216,-0.9096556390262781,False,False,True,1.0
-1.1323564664065044,-1.482043183153376,0.36990833267347806,0.468673460962337,0.8554166764414635,1.0,1.0,0.0,-1.1190687204690752,-0.3705134982537494,True,False,True,1.0
0.4472430147692969,1.1508343498729898,0.7385254843821895,0.9343124547122276,1.205150078159821,1.0,1.0,1.0,1.2962978986769624,0.7352605036621193,False,False,True,1.0
-0.051577874023061424,0.9749075215792371,0.18559975681912233,0.7014929578372823,0.8554166764414635,0.0,0.0,0.0,1.8904740172874452,1.4596146354329864,True,False,True,1.0
-0.5503987628154198,-1.2338176583005471,0.7385254843821895,-1.3938825140372253,-0.8932503321503247,0.0,0.0,1.0,-1.265577900400427,0.5445505685896183,True,False,True,1.0
-1.2154932812052308,0.010924900791551666,-1.4731774258700792,-1.16106301716228,1.5548834798781788,1.0,1.0,0.0,0.17000857795469448,-1.6412258223944831,True,False,False,1.0
-1.6311773551988626,-1.6302555110994827,1.107142636090901,1.1671319515871728,-0.5435169304319671,0.0,0.0,0.0,-1.285926397613115,1.434186644089986,True,False,True,1.0
0.8629270887629288,1.1303497191812513,0.5542169085278338,0.003034467212446404,-0.8932503321503247,0.0,0.0,0.0,0.7031392049271141,-0.046822040887451025,True,False,True,1.0
-0.7166723924128725,-0.04932401300767867,0.18559975681912233,-1.16106301716228,0.15594987300474816,1.0,1.0,1.0,0.39689432187616314,0.7919580519269165,False,False,True,1.0
-0.30098831841924056,-1.5567518362644217,-1.6574860017244348,-1.3938825140372253,-0.5435169304319671,1.0,0.0,1.0,-1.3052574699651684,1.0620445545701336,True,False,True,1.0
-0.1347146888217878,0.8869441074323607,0.7385254843821895,0.7014929578372823,1.205150078159821,1.0,0.0,1.0,-0.10367870955595573,1.429375943025094,True,False,True,1.0
-1.5480405404001363,-0.26140018958096944,-0.7359431224526563,-0.46260452653744416,1.205150078159821,1.0,0.0,0.0,0.17713055197913524,-0.21519657815866775,False,False,False,1.0
1.52802160715274,0.99659713054696,1.6600683636539681,-1.16106301716228,0.8554166764414635,1.0,1.0,1.0,-0.05280746652423631,0.9599889676934981,True,False,False,1.0
-0.30098831841924056,-1.525422401088822,-0.7359431224526563,-1.3938825140372253,1.205150078159821,0.0,0.0,0.0,-1.3825817593733818,0.1493858382592118,False,False,False,1.0
1.4448847923540136,0.3447038832392877,-1.6574860017244348,-0.6954240234123894,0.5056832747231058,0.0,0.0,1.0,1.1314750712541917,0.25109780363121215,True,False,False,1.0
1.6111584219514663,-0.9169083717165954,-0.1830173948895891,-1.3938825140372253,-0.19378352871360946,1.0,0.0,0.0,-0.8942178262688756,0.8218531228301734,True,False,True,1.0
-1.2154932812052308,-1.2133330276088088,-0.1830173948895891,-1.16106301716228,1.205150078159821,0.0,1.0,0.0,-1.230985455138858,-1.388320394983023,True,False,True,1.0
-1.714314169997589,-1.0687356344906558,-0.9202516983070119,0.7014929578372823,-0.5435169304319671,1.0,0.0,0.0,-0.6622449580442349,-0.18323977822760007,True,False,True,1.0
-1.46490372560141,0.3904930577267026,-1.4731774258700792,0.9343124547122276,0.5056832747231058,1.0,0.0,1.0,-0.20542119561939456,0.17412658659294158,True,False,True,1.0
-0.38412513321796693,-1.098860091390271,0.18559975681912233,-0.46260452653744416,-1.2429837338686824,0.0,0.0,0.0,-0.6459661602740847,1.3530919689960939,True,False,False,1.0
0.11469575557439135,0.6917376267228543,-0.7359431224526563,0.468673460962337,0.8554166764414635,0.0,1.0,0.0,0.4701489118418393,-1.4426125927153743,False,True,False,1.0
-0.8829460220103252,1.6207758775069863,-0.1830173948895891,-1.3938825140372253,0.15594987300474816,0.0,1.0,1.0,0.17000857795469448,-1.3567072165565903,True,False,True,1.0
-1.6311773551988626,-1.476018291773453,0.9228340602365452,1.1671319515871728,1.5548834798781788,1.0,0.0,1.0,-1.230985455138858,1.59500150825923,True,False,True,1.0
1.1954743479578342,-1.3362408117592386,0.5542169085278338,1.1671319515871728,-0.19378352871360946,1.0,1.0,1.0,-0.9288102715304447,-1.101396438612684,True,False,False,1.0
-1.049219651607778,-1.1832085707091937,0.0012911809647666106,-0.2297850296624989,-1.59271713558704,1.0,1.0,1.0,-1.0478489802246682,-0.851239983238305,False,False,True,1.0
-1.049219651607778,0.968882630199314,-1.2888688500157235,-1.3938825140372253,-1.59271713558704,1.0,1.0,0.0,1.7968709301090813,-1.2584314662309413,False,False,True,1.0
-0.051577874023061424,-0.36261836476367637,1.2914512119452566,0.9343124547122276,-0.8932503321503247,1.0,1.0,1.0,-0.7711094181321145,1.017373758967566,False,False,False,1.0
-0.6335355776141461,0.7363218229342849,1.2914512119452566,0.23585396408739168,0.15594987300474816,0.0,1.0,0.0,1.320716095332188,1.4225035129323917,True,False,False,1.0
-0.30098831841924056,-0.08667833956320155,1.2914512119452566,1.6327709453370634,-0.19378352871360946,1.0,0.0,1.0,0.10184111229219066,-1.363236025144658,True,False,True,1.0
1.6942952367501927,1.3773702657580957,-0.3673259707439448,-1.3938825140372253,0.15594987300474816,1.0,1.0,0.0,1.6239087038012356,-0.9398943314341701,False,False,True,1.0
1.1954743479578342,-1.4278191607340687,-1.6574860017244348,0.468673460962337,-0.5435169304319671,1.0,1.0,0.0,-1.1282255442147848,-1.2089499695634818,False,True,False,1.0
1.6942952367501927,-1.6555600548951594,-0.1830173948895891,0.003034467212446404,0.8554166764414635,0.0,1.0,0.0,-1.4934810691825302,0.2053961435147391,False,False,False,1.0
1.2786111627565606,-0.6771176947956586,-1.6574860017244348,-0.2297850296624989,0.15594987300474816,1.0,0.0,0.0,-0.9878209134472391,-0.7570876909682777,True,False,False,1.0
1.52802160715274,-1.5916962062679751,0.5542169085278338,0.23585396408739168,0.5056832747231058,0.0,0.0,1.0,-1.3398499152267376,-0.8653284649283456,False,True,True,1.0
0.7797902739642024,0.3555486877231491,0.7385254843821895,1.6327709453370634,-0.5435169304319671,1.0,1.0,1.0,-0.44146376328657266,1.166505491979215,False,False,False,1.0
0.11469575557439135,-0.5855393458208286,-1.6574860017244348,0.003034467212446404,-0.8932503321503247,1.0,1.0,0.0,0.018412273720170794,0.04183230730841407,True,False,False,1.0
0.3641061999705705,1.6846397261341706,-0.7359431224526563,0.468673460962337,-1.59271713558704,0.0,0.0,0.0,-0.05280746652423631,1.5534233061983782,True,False,True,1.0
0.9460639035616552,-0.7614661741145813,0.7385254843821895,0.9343124547122276,-1.2429837338686824,1.0,0.0,0.0,-0.916601173202832,-1.4079068207472256,False,False,False,1.0
-1.6311773551988626,-1.583261358336083,0.9228340602365452,-0.46260452653744416,0.5056832747231058,0.0,1.0,1.0,-1.2269157556963204,0.5246205213207804,True,False,False,1.0
-1.3817669108026835,-0.38551295200738384,-0.7359431224526563,0.7014929578372823,1.5548834798781788,1.0,1.0,1.0,-0.8240155108851026,-0.46432216901914153,False,True,False,1.0
-1.5480405404001363,-1.6302555110994827,0.9228340602365452,-1.6267020109121706,0.8554166764414635,1.0,1.0,1.0,-1.324588542317222,0.18855868978761736,True,False,True,1.0
1.1954743479578342,1.2580774164356199,1.107142636090901,0.468673460962337,-0.8932503321503247,0.0,1.0,1.0,-0.04568549249979575,0.086846724415617,False,False,True,1.0
0.5303798295680233,0.10009329321441238,0.5542169085278338,-0.46260452653744416,1.5548834798781788,0.0,0.0,1.0,0.7845331937778652,1.630394523236649,True,False,False,1.0
-0.46726194801669335,1.417134548865588,1.107142636090901,-0.46260452653744416,-1.2429837338686824,0.0,1.0,0.0,0.6949998060420388,0.5019415020148615,False,False,False,1.0
-1.6311773551988626,0.10129827149039718,-0.7359431224526563,0.003034467212446404,1.205150078159821,0.0,0.0,1.0,-0.2919023087733177,0.47994972571821276,False,True,True,1.0
-0.30098831841924056,0.15311233735773522,0.0012911809647666106,-1.16106301716228,1.205150078159821,0.0,1.0,0.0,0.8608400583254444,-0.332027889734614,True,False,False,1.0
-1.714314169997589,0.3398839701353494,-1.6574860017244348,1.399951448462118,-0.8932503321503247,1.0,1.0,1.0,1.0968826259926225,-1.330935603708955,False,False,True,1.0
1.4448847923540136,-1.3362408117592386,-1.1045602741613676,-0.46260452653744416,1.205150078159821,1.0,0.0,1.0,-1.0468315553640337,1.307046687374986,True,False,False,1.0
-0.9660828368090516,0.7170421705185311,-0.5516345465983006,0.003034467212446404,1.5548834798781788,0.0,1.0,0.0,1.5903336834003006,0.048704737401116895,True,False,True,1.0
0.6135166443667497,0.24348570805658074,1.4757597877996123,-1.16106301716228,-0.19378352871360946,0.0,1.0,1.0,0.4253822179739261,-0.17705459114416763,True,False,False,1.0
0.19783257037311774,1.0881754795217902,1.107142636090901,-1.6267020109121706,1.5548834798781788,1.0,1.0,1.0,1.0887432271075472,-0.8192831833072374,True,False,False,1.0
0.4472430147692969,1.666565051994401,1.107142636090901,-0.46260452653744416,-0.5435169304319671,1.0,1.0,1.0,0.8069165407118217,-0.18083442769515412,True,False,True,1.0
0.8629270887629288,0.9881622826150677,-1.2888688500157235,1.399951448462118,-1.59271713558704,0.0,0.0,0.0,1.823323976485576,-1.2546516296799548,True,False,True,1.0
-1.2986300960039572,-0.32285408165618434,-0.7359431224526563,-1.6267020109121706,-1.59271713558704,1.0,0.0,0.0,-0.24510076518413576,0.9108510925306739,True,False,True,1.0
-1.2154932812052308,-1.1097048958741325,0.18559975681912233,-0.9282435202873347,1.5548834798781788,0.0,0.0,0.0,-1.1567134403125476,-0.38425835843915485,False,False,False,1.0
1.1123375331591079,-0.5433651061613674,0.36990833267347806,-1.6267020109121706,1.5548834798781788,0.0,1.0,0.0,-0.49640470576082973,-0.07912246232315376,False,False,False,1.0
-1.2986300960039572,-1.3988996821104385,0.18559975681912233,1.1671319515871728,0.5056832747231058,0.0,1.0,0.0,-1.076336876322431,0.0023158342753734507,False,False,False,1.0
-0.38412513321796693,-0.7156769996271661,0.18559975681912233,0.468673460962337,-1.2429837338686824,0.0,1.0,0.0,-0.3376864275018651,0.9665177762815655,True,False,False,1.0
-0.1347146888217878,-1.6965293162786361,-0.1830173948895891,0.003034467212446404,1.5548834798781788,1.0,0.0,1.0,-1.4741499968304768,-1.6711208932977402,True,False,True,1.0
0.696653459165476,-0.8662992841252419,0.0012911809647666106,0.23585396408739168,-0.5435169304319671,1.0,0.0,1.0,-0.67038435692931,-0.5038386420521821,False,False,True,1.0
0.3641061999705705,1.382190178862034,-0.1830173948895891,-0.6954240234123894,-0.8932503321503247,1.0,0.0,0.0,1.106039449738332,0.5607007793074701,False,False,False,1.0
0.8629270887629288,-1.4193843128021764,-0.3673259707439448,1.399951448462118,-0.19378352871360946,1.0,0.0,0.0,-1.1719748132220635,-0.14028709014820803,False,True,False,1.0
-1.1323564664065044,1.1110700667654976,-0.1830173948895891,0.003034467212446404,-0.5435169304319671,0.0,0.0,1.0,0.11201536089853469,-0.6289168697393719,True,False,False,1.0
0.9460639035616552,-0.22284088474946198,0.5542169085278338,0.468673460962337,0.15594987300474816,1.0,0.0,1.0,0.1801828265610385,-1.0402318107876298,True,False,False,1.0
0.696653459165476,1.6171609426790328,-1.1045602741613676,0.468673460962337,-0.19378352871360946,0.0,0.0,0.0,0.21274042210133898,-0.7728942801814939,True,False,False,1.0
-1.2154932812052308,0.2844549694400573,0.0012911809647666106,1.6327709453370634,-0.19378352871360946,1.0,1.0,1.0,0.7784286446140587,-0.4492028228151956,True,False,False,1.0
-0.7998092072115989,-1.5688016190242677,1.6600683636539681,0.23585396408739168,1.205150078159821,0.0,1.0,1.0,-1.4273484532412948,-1.650847224524267,True,False,True,1.0
-1.6311773551988626,-0.7048321951433046,0.7385254843821895,1.1671319515871728,0.5056832747231058,0.0,0.0,1.0,-0.9552633179069389,0.18615333925517139,True,False,False,1.0
-0.30098831841924056,0.5844945601602247,0.0012911809647666106,0.003034467212446404,1.5548834798781788,0.0,0.0,0.0,-0.41704556663134734,-1.3192524725513606,True,False,False,1.0
-0.46726194801669335,-0.8843739582650111,1.107142636090901,-0.46260452653744416,1.205150078159821,1.0,1.0,1.0,-0.8779390284987253,0.26106282726563107,True,False,False,1.0
-1.3817669108026835,1.6870496826861396,0.0012911809647666106,0.23585396408739168,-1.59271713558704,1.0,1.0,1.0,1.426528280838164,-1.4250878959789826,True,False,False,1.0
-1.2154932812052308,-0.8771440886091034,0.18559975681912233,1.1671319515871728,0.8554166764414635,1.0,1.0,1.0,-0.6368093365283752,0.5383653815061861,True,False,False,1.0
-0.6335355776141461,-1.4013096386624075,-0.7359431224526563,-0.46260452653744416,-1.59271713558704,1.0,0.0,1.0,-1.338832490366103,0.7575959014634028,True,False,False,1.0
0.4472430147692969,-1.7073741207624975,1.107142636090901,-0.9282435202873347,-0.5435169304319671,0.0,0.0,1.0,-1.521968965280293,-0.8646412219190753,True,False,True,1.0
0.03155894077566496,1.437619179557326,-0.1830173948895891,0.9343124547122276,-0.5435169304319671,1.0,0.0,1.0,-0.09248703608897751,0.744881905791903,True,False,False,1.0
-0.7998092072115989,-0.28670473337664626,0.0012911809647666106,0.468673460962337,-1.2429837338686824,1.0,1.0,0.0,-0.8708170544742846,-1.6807422954275237,True,False,False,1.0
-0.7166723924128725,1.006236956754837,-0.7359431224526563,-0.46260452653744416,0.5056832747231058,0.0,1.0,1.0,-0.30614625682219904,0.025682096590562704,False,True,False,1.0
-0.38412513321796693,-1.6880944683467438,-1.2888688500157235,-0.46260452653744416,0.8554166764414635,1.0,1.0,0.0,-1.4049651063073385,1.4798883042064594,False,False,True,1.0
0.6135166443667497,-1.2494823758883469,0.5542169085278338,0.23585396408739168,-0.8932503321503247,0.0,1.0,1.0,-1.0254656332907115,0.5311493299088479,True,False,False,1.0
-1.46490372560141,0.3675984704829954,1.107142636090901,0.468673460962337,0.8554166764414635,0.0,1.0,1.0,0.7234877021398018,-1.0996783310895084,False,False,False,1.0
0.6135166443667497,-1.5266273793648066,1.2914512119452566,-1.3938825140372253,-0.19378352871360946,0.0,0.0,0.0,-1.1780793623858699,-0.8684210584700618,True,False,False,1.0
-0.8829460220103252,0.9459880429556067,1.6600683636539681,-1.16106301716228,-0.8932503321503247,1.0,0.0,0.0,0.7082263292302862,-1.105863518172941,True,False,False,1.0
-0.1347146888217878,-1.0241514382792256,-0.1830173948895891,-0.9282435202873347,-1.59271713558704,0.0,0.0,1.0,-0.8443640080977906,0.6613818801655648,False,False,False,1.0
-1.714314169997589,-1.6796596204148515,-0.1830173948895891,0.9343124547122276,-1.59271713558704,0.0,0.0,0.0,-1.4161567797743166,0.9764827999159847,False,False,True,1.0
-1.6311773551988626,1.3110964605789424,1.107142636090901,-1.16106301716228,0.8554166764414635,0.0,1.0,0.0,0.46506178753866734,-0.2980093607757357,True,False,True,1.0
-0.7166723924128725,0.9917772174430216,0.0012911809647666106,-0.6954240234123894,-0.5435169304319671,1.0,1.0,0.0,-0.15861965203021278,1.4802319257110943,False,False,True,1.0
1.0292007183603815,0.041049357691166834,1.107142636090901,0.7014929578372823,-1.59271713558704,0.0,0.0,1.0,-0.6032343161274404,0.4022912656706721,False,False,True,1.0
1.3617479775552872,-0.44937680063456814,-1.4731774258700792,0.468673460962337,-0.19378352871360946,1.0,1.0,1.0,0.1689911530940603,1.5764459470089325,True,False,True,1.0
-0.46726194801669335,-0.04932401300767867,0.36990833267347806,-0.9282435202873347,-1.2429837338686824,1.0,0.0,1.0,-0.4434986130078414,-1.560474768805226,False,True,False,1.0
-0.7998092072115989,1.4797934192167874,-0.7359431224526563,0.003034467212446404,-0.8932503321503247,0.0,1.0,1.0,1.3054547224226718,0.6551966930821326,True,False,False,1.0
-0.051577874023061424,-0.5626447585771212,-0.5516345465983006,1.6327709453370634,0.5056832747231058,1.0,1.0,0.0,-0.6551229840197942,1.3029232293193642,True,False,False,1.0
0.9460639035616552,-0.4529917354625219,-1.6574860017244348,0.003034467212446404,0.15594987300474816,0.0,1.0,1.0,0.05605699356364326,-0.3660464186934926,True,False,True,1.0
-1.46490372560141,-0.7578512392866273,0.7385254843821895,0.468673460962337,0.8554166764414635,1.0,1.0,1.0,-0.4546902864748198,-0.8825095401601024,True,False,True,1.0
-1.2986300960039572,0.10852814114630466,-1.4731774258700792,-0.2297850296624989,0.15594987300474816,0.0,0.0,1.0,0.7072089043696517,-0.9148099615958052,False,True,True,1.0
1.0292007183603815,0.15913722873765834,-0.5516345465983006,-0.9282435202873347,-0.8932503321503247,1.0,0.0,0.0,-0.27969321044570494,-0.8763243530766699,True,False,True,1.0
0.5303798295680233,0.45797184118184087,0.7385254843821895,-1.16106301716228,-0.5435169304319671,0.0,0.0,1.0,-0.2552750137904796,0.04389403633622497,False,True,False,1.0
1.6111584219514663,-0.18307660164196995,-1.6574860017244348,-1.3938825140372253,1.205150078159821,1.0,1.0,0.0,-0.05891201568804269,1.5980941018009462,False,False,True,1.0
-0.8829460220103252,0.5640099294684862,-1.1045602741613676,-0.9282435202873347,-1.2429837338686824,1.0,1.0,0.0,0.5250898543160962,1.0135939224165793,False,True,False,1.0
0.03155894077566496,-0.6542231075519512,0.18559975681912233,1.399951448462118,-0.19378352871360946,0.0,1.0,0.0,-0.5126835035309799,-1.0082750108565623,True,False,True,1.0
0.3641061999705705,-1.6459202286872827,-0.9202516983070119,1.399951448462118,0.5056832747231058,0.0,1.0,0.0,-1.445662100732714,1.458583770919081,False,False,False,1.0
-0.7166723924128725,-1.3314208986553002,0.5542169085278338,-1.16106301716228,-1.59271713558704,0.0,0.0,0.0,-1.1729922380826978,-1.080779148334576,True,False,True,1.0
-0.1347146888217878,1.3785752440340806,0.36990833267347806,0.468673460962337,-1.59271713558704,0.0,0.0,1.0,1.9494846592042396,-1.183865599725117,True,False,False,1.0
-1.6311773551988626,-1.3880548776265766,1.4757597877996123,-1.16106301716228,1.205150078159821,1.0,1.0,0.0,-1.1841839115496762,1.5338368804341758,False,False,True,1.0
1.1123375331591079,-0.3818980171794301,0.0012911809647666106,-0.2297850296624989,-1.59271713558704,1.0,1.0,1.0,0.03570849635095557,0.7424765552594569,False,False,False,1.0
-1.3817669108026835,0.3193993394436108,1.107142636090901,0.003034467212446404,0.8554166764414635,1.0,1.0,1.0,-0.4231501157951537,1.3922648205244994,True,False,False,1.0
1.6111584219514663,-1.356725442450977,1.6600683636539681,0.7014929578372823,0.15594987300474816,0.0,1.0,0.0,-1.0102042603811958,-1.5154603516980234,False,False,False,1.0
1.2786111627565606,-0.03727423024783265,1.6600683636539681,-0.46260452653744416,-1.59271713558704,0.0,0.0,0.0,-0.41195844232817547,-0.035826152739126656,True,False,True,1.0
-0.6335355776141461,0.48689131980547123,0.36990833267347806,0.23585396408739168,0.8554166764414635,0.0,0.0,1.0,0.3378836799593688,-1.5563513107496045,True,False,False,1.0
1.0292007183603815,-0.5975891285806748,0.7385254843821895,-0.46260452653744416,0.15594987300474816,0.0,0.0,1.0,-0.07926051290073056,1.713550927358352,False,True,False,1.0
0.5303798295680233,1.1749339153926819,-1.2888688500157235,1.1671319515871728,-1.2429837338686824,0.0,0.0,1.0,0.36433672633586267,-0.038918746280843,True,False,True,1.0
0.9460639035616552,-1.5567518362644217,1.2914512119452566,1.6327709453370634,-0.19378352871360946,0.0,0.0,1.0,-1.186218761270945,1.6671620242326084,False,False,False,1.0
-0.38412513321796693,0.26276536047233445,0.36990833267347806,-0.46260452653744416,-1.59271713558704,0.0,1.0,1.0,0.5016890825215052,0.9139436860723897,False,False,True,1.0
0.8629270887629288,0.47363655876964067,0.7385254843821895,-1.3938825140372253,-0.8932503321503247,1.0,1.0,1.0,-0.06094686540931143,1.4008553581403778,True,False,True,1.0
0.03155894077566496,0.45917681945782524,0.18559975681912233,1.1671319515871728,-0.8932503321503247,1.0,1.0,1.0,1.344116867126779,1.461332742956162,True,False,False,1.0
-1.2986300960039572,0.5218356898090247,1.6600683636539681,1.6327709453370634,0.15594987300474816,0.0,0.0,1.0,0.8750840063743259,1.5980941018009462,True,False,False,1.0
-0.5503987628154198,0.408567731866472,-1.1045602741613676,0.003034467212446404,-1.2429837338686824,1.0,1.0,0.0,1.0694121547554938,0.4565834634030235,True,False,True,1.0
-0.9660828368090516,-1.188028483813132,-1.4731774258700792,-1.6267020109121706,-1.2429837338686824,1.0,0.0,0.0,-1.2798218484493087,-0.06503398063311329,True,False,False,1.0
0.3641061999705705,0.4808664284255481,-0.1830173948895891,-1.16106301716228,0.15594987300474816,0.0,0.0,0.0,0.5657868487414716,-0.037200638757667166,True,False,False,1.0
-0.1347146888217878,1.2942267647151577,-0.9202516983070119,0.468673460962337,1.5548834798781788,1.0,0.0,1.0,0.1740782773972323,1.1613511694096879,False,True,True,1.0
-0.7166723924128725,-0.16861686233015477,-1.4731774258700792,-1.6267020109121706,-0.8932503321503247,0.0,1.0,1.0,-0.8728519041955534,-1.048135105394238,False,False,True,1.0
-1.46490372560141,1.3388109609265884,-0.7359431224526563,-0.46260452653744416,-1.59271713558704,1.0,0.0,0.0,0.359249602032691,1.6785015338855678,False,False,True,1.0
-0.46726194801669335,-1.0940401782863327,0.36990833267347806,-1.3938825140372253,-1.2429837338686824,1.0,1.0,0.0,-1.204532408762364,-1.6199212891071049,False,True,False,1.0
0.11469575557439135,-0.7711060003224581,0.7385254843821895,-0.2297850296624989,-0.5435169304319671,1.0,1.0,0.0,-0.5381191250468397,1.501536458998473,False,True,False,1.0
-1.3817669108026835,-0.8361748272256269,1.6600683636539681,1.399951448462118,0.8554166764414635,0.0,1.0,0.0,-0.5269274515798613,1.504285431035554,False,False,False,1.0
0.7797902739642024,-1.6133858152356984,0.5542169085278338,1.6327709453370634,0.15594987300474816,1.0,1.0,0.0,-1.3408673400873719,-0.5921493687434122,False,False,False,1.0
-0.1347146888217878,-0.8060503703260117,1.107142636090901,-0.46260452653744416,1.5548834798781788,0.0,0.0,0.0,-0.7619525943864051,-1.4890014958411177,False,False,False,1.0
-0.051577874023061424,-1.6302555110994827,-0.3673259707439448,-0.46260452653744416,1.5548834798781788,1.0,1.0,0.0,-1.4029302565860697,-0.7866391403668994,True,False,True,1.0
-0.5503987628154198,-0.013174664728140384,0.0012911809647666106,-1.3938825140372253,1.5548834798781788,1.0,1.0,0.0,-0.02024987098393604,0.3950752140733342,False,False,True,1.0
1.4448847923540136,-0.5072157578818294,-0.7359431224526563,-0.2297850296624989,1.5548834798781788,1.0,0.0,0.0,-0.6286699376433001,1.552048820179838,False,True,True,1.0
0.2809693851718441,-1.4446888565978533,1.107142636090901,-0.46260452653744416,-0.5435169304319671,0.0,1.0,0.0,-1.1282255442147848,-1.1680590105119006,True,False,True,1.0
0.8629270887629288,0.9110436729520528,-0.3673259707439448,0.9343124547122276,-0.19378352871360946,0.0,0.0,1.0,0.4457307151866138,-0.5258304183488308,True,False,True,1.0
-1.3817669108026835,1.3050715691990191,-0.3673259707439448,1.6327709453370634,1.5548834798781788,0.0,1.0,1.0,0.13338128297185656,1.577476811522838,True,False,True,1.0
-0.7998092072115989,-1.5290373359167757,-0.9202516983070119,-0.6954240234123894,-0.5435169304319671,0.0,0.0,0.0,-1.4344704272657356,-1.6271373407044427,False,False,False,1.0
0.3641061999705705,0.44471708014601025,-1.2888688500157235,0.9343124547122276,-0.5435169304319671,1.0,1.0,1.0,0.5077936316853114,0.5610444008121049,True,False,False,1.0
-1.6311773551988626,-0.1300575574986473,1.4757597877996123,0.23585396408739168,-0.19378352871360946,0.0,0.0,0.0,0.17306085253659778,-0.40075219066164125,True,False,False,1.0
0.3641061999705705,-1.1434442876017017,-1.4731774258700792,-0.6954240234123894,0.5056832747231058,1.0,1.0,0.0,-1.209619533065536,-0.9075939099984673,True,False,True,1.0
-0.6335355776141461,-0.6361484334121821,0.9228340602365452,1.399951448462118,-1.59271713558704,0.0,0.0,0.0,-0.20542119561939456,1.1025918921170799,False,False,False,1.0
-0.5503987628154198,0.08442857562661261,-1.1045602741613676,1.6327709453370634,-0.5435169304319671,1.0,1.0,1.0,0.4019814461793351,-0.982503398008927,True,False,False,1.0
-0.46726194801669335,-0.8711191972291805,0.18559975681912233,1.1671319515871728,-1.2429837338686824,1.0,1.0,1.0,-0.9074443494571225,0.4789188612043073,True,False,True,1.0
-1.049219651607778,0.4037478187625337,-0.1830173948895891,-0.46260452653744416,0.15594987300474816,0.0,0.0,1.0,-0.17388102493972865,-0.2629599673029517,True,False,True,1.0
-0.9660828368090516,-1.6591749897231132,-0.1830173948895891,-1.3938825140372253,-1.59271713558704,1.0,1.0,0.0,-1.330693091481028,0.2263570552974824,False,False,True,1.0
-0.7166723924128725,-0.23971058061324654,-0.3673259707439448,0.23585396408739168,0.15594987300474816,0.0,0.0,0.0,-0.23594394143842629,-0.8021021080754805,True,False,True,1.0
1.6942952367501927,-0.0686036654234324,0.0012911809647666106,-0.6954240234123894,-0.8932503321503247,0.0,0.0,1.0,-0.18202042382480377,1.6681928887465138,True,False,False,1.0
-0.5503987628154198,-0.266220102684908,-0.1830173948895891,-0.46260452653744416,-0.8932503321503247,1.0,1.0,0.0,0.3999465964580664,1.5163121836977835,True,False,True,1.0
-0.30098831841924056,1.3629105264462804,-0.9202516983070119,-0.9282435202873347,0.15594987300474816,0.0,0.0,1.0,0.9035719024720885,1.3874541194596075,True,False,False,1.0
-0.2178515036205142,0.24951059943650386,0.7385254843821895,1.6327709453370634,-1.2429837338686824,0.0,0.0,1.0,-0.21152574478320094,0.7878345938712952,True,False,False,1.0
0.6135166443667497,-0.29393460303255375,0.0012911809647666106,0.003034467212446404,-0.19378352871360946,0.0,1.0,0.0,-0.4058538931643691,0.6603510156516593,True,False,False,1.0
-0.46726194801669335,0.7025824312067157,-0.1830173948895891,-0.2297850296624989,1.5548834798781788,0.0,1.0,0.0,0.2941344109520901,-0.556412732261358,False,False,False,1.0
1.0292007183603815,0.3447038832392877,0.9228340602365452,0.9343124547122276,-1.59271713558704,1.0,0.0,0.0,-0.5004744052033672,-0.9794108044672108,True,False,False,1.0
-0.051577874023061424,-0.04329912162775555,1.2914512119452566,0.9343124547122276,1.205150078159821,1.0,0.0,1.0,-0.43027208981959447,0.34490647439660427,False,False,False,1.0
0.2809693851718441,-1.3326258769312849,-0.5516345465983006,-0.2297850296624989,-1.59271713558704,1.0,0.0,1.0,-1.0570058039703776,1.0025980342682552,True,False,True,1.0
0.3641061999705705,-1.2784018545119777,1.2914512119452566,0.23585396408739168,0.15594987300474816,1.0,0.0,0.0,-0.8352071843520809,-1.382822450908861,True,False,True,1.0
1.6111584219514663,0.3049396001317959,0.9228340602365452,-0.2297850296624989,0.5056832747231058,0.0,0.0,1.0,-0.21966514366827605,1.295019934712756,True,False,True,1.0
0.11469575557439135,-0.8144852182579039,-0.1830173948895891,-1.3938825140372253,-0.8932503321503247,1.0,1.0,1.0,-0.9359322455548855,0.9397152989200249,False,False,True,1.0
0.11469575557439135,-0.1806666450900008,0.5542169085278338,-1.16106301716228,0.8554166764414635,1.0,0.0,0.0,0.4833754350300863,-0.5516020311964661,True,False,False,1.0
-0.1347146888217878,-1.7615981431818049,-1.6574860017244348,1.399951448462118,0.15594987300474816,0.0,1.0,0.0,-1.4548189244784235,-1.2453738490548063,True,False,True,1.0
-1.2986300960039572,1.0785356533139132,-1.4731774258700792,-0.6954240234123894,-1.59271713558704,0.0,0.0,0.0,0.8323521622276814,0.4363097946295506,True,False,False,1.0
-1.46490372560141,-0.14331231853447793,1.6600683636539681,-0.9282435202873347,0.5056832747231058,1.0,0.0,1.0,-0.12504463162927798,-1.0635980731028192,True,False,False,1.0
1.1123375331591079,-0.2095861237136314,0.0012911809647666106,-0.6954240234123894,0.8554166764414635,1.0,1.0,1.0,-0.2644318375361891,-0.8759807315720347,False,True,True,1.0
1.1123375331591079,-1.5447020535045757,-0.5516345465983006,-0.6954240234123894,-0.19378352871360946,0.0,1.0,1.0,-1.1852013364103104,0.9297502752856063,True,False,True,1.0
-0.1347146888217878,-0.5277003885735676,0.5542169085278338,-0.9282435202873347,0.5056832747231058,1.0,1.0,0.0,-0.7741616927140176,-0.6333839492996286,True,False,True,1.0
-0.7998092072115989,0.17359696804947375,1.4757597877996123,0.9343124547122276,-0.8932503321503247,1.0,0.0,1.0,0.5779959470690843,0.24766158858486076,True,False,True,1.0
0.11469575557439135,-1.537472183848668,0.18559975681912233,-1.16106301716228,1.205150078159821,0.0,1.0,0.0,-1.3917385831190914,1.5809130265691895,True,False,False,1.0
-0.46726194801669335,0.10973311942228946,0.36990833267347806,-1.16106301716228,0.8554166764414635,1.0,0.0,1.0,0.01332514941699878,-1.5903698397084831,True,False,False,1.0
0.5303798295680233,-1.2506873541643317,0.9228340602365452,0.468673460962337,-0.5435169304319671,0.0,0.0,0.0,-1.2930483716375558,-1.05294580645913,True,False,True,1.0
0.19783257037311774,-1.2615321586481931,-0.3673259707439448,1.6327709453370634,0.5056832747231058,0.0,1.0,1.0,-1.317466568292781,-0.7385321297179802,False,False,True,1.0
-0.30098831841924056,-0.4686564530503219,0.9228340602365452,0.003034467212446404,-0.8932503321503247,0.0,1.0,0.0,-0.5635547465626993,-0.07087554621191065,False,False,True,1.0
-0.38412513321796693,-1.160313983465486,-0.9202516983070119,1.6327709453370634,-0.19378352871360946,1.0,0.0,1.0,-0.7975624645086086,-1.5584130397774154,True,False,False,1.0
1.52802160715274,1.6195708992310018,0.0012911809647666106,-1.3938825140372253,-0.19378352871360946,0.0,0.0,0.0,1.1172311232053103,-0.6811473384439125,True,False,False,1.0
-0.2178515036205142,0.4688166456657023,0.9228340602365452,0.468673460962337,0.8554166764414635,1.0,0.0,0.0,-0.18202042382480377,1.3599643990887966,True,False,False,1.0
-1.3817669108026835,-1.6085659021317598,0.7385254843821895,0.9343124547122276,0.15594987300474816,1.0,0.0,0.0,-1.3215362677353186,-0.9185897981467918,True,False,False,1.0
-1.2986300960039572,1.1423995019410975,-0.5516345465983006,-1.3938825140372253,1.205150078159821,1.0,0.0,1.0,0.15678205476644755,1.1417647436454854,True,False,True,1.0
0.8629270887629288,0.3121694697877034,-1.1045602741613676,-1.3938825140372253,-0.19378352871360946,0.0,1.0,0.0,-0.07620823831882728,-0.7120732738610748,True,False,False,1.0
1.0292007183603815,1.3267611781667425,-1.6574860017244348,-0.46260452653744416,0.15594987300474816,1.0,1.0,0.0,2.095993839135592,-0.9646350797679,True,False,True,1.0
1.1123375331591079,0.4615867760097944,-0.3673259707439448,-0.2297850296624989,-0.5435169304319671,0.0,1.0,0.0,0.189339650306748,0.8898901807479306,False,False,True,1.0
0.7797902739642024,0.40254284048654887,-1.2888688500157235,1.1671319515871728,-0.5435169304319671,0.0,1.0,0.0,1.0622901807310534,-0.25436942968707327,False,True,True,1.0
-1.3817669108026835,-1.6736347290349287,1.107142636090901,0.23585396408739168,0.8554166764414635,0.0,0.0,0.0,-1.472115147109208,-1.2305981243554955,True,False,False,1.0
-0.7998092072115989,-0.03486427369586327,1.4757597877996123,-1.16106301716228,0.15594987300474816,0.0,0.0,1.0,-0.5177706278341518,1.691215529557068,False,False,False,1.0
-0.7998092072115989,-1.3025014200316698,0.0012911809647666106,0.23585396408739168,0.5056832747231058,0.0,0.0,0.0,-1.212671807647439,-1.6161414525561184,False,False,False,1.0
-0.2178515036205142,-1.0904252434583788,-0.9202516983070119,-1.6267020109121706,-1.2429837338686824,0.0,1.0,1.0,-1.144504341984935,1.161007547905053,False,True,False,1.0
0.2809693851718441,0.5242456463609944,0.18559975681912233,-0.46260452653744416,1.205150078159821,1.0,1.0,1.0,0.8170907893181657,1.135235935057418,True,False,True,1.0
1.52802160715274,0.6604081915472548,0.18559975681912233,1.1671319515871728,-1.2429837338686824,1.0,1.0,1.0,0.4915148339151612,-0.954670056133481,True,False,False,1.0
-0.1347146888217878,-1.7350886211101435,-0.1830173948895891,0.003034467212446404,0.15594987300474816,1.0,0.0,1.0,-1.4365052769870046,-0.0938981870224646,False,False,False,1.0
1.1123375331591079,0.2507155777124882,-1.1045602741613676,-0.46260452653744416,-0.19378352871360946,1.0,0.0,1.0,0.4111382699250446,-1.4852216592901313,False,False,False,1.0
1.4448847923540136,-1.0687356344906558,0.9228340602365452,1.1671319515871728,0.8554166764414635,0.0,1.0,1.0,-0.9868034885866049,0.2675916358536986,True,False,True,1.0
0.2809693851718441,0.4157976015223795,-0.5516345465983006,1.399951448462118,0.15594987300474816,1.0,0.0,0.0,-0.5035266797852704,-1.2666783823421848,True,False,True,1.0
-0.38412513321796693,0.41218266669442594,-1.1045602741613676,0.23585396408739168,0.8554166764414635,1.0,0.0,0.0,0.7346793756067801,-0.04957101292453205,True,False,True,1.0
-0.46726194801669335,0.04827922734707432,1.4757597877996123,-1.3938825140372253,-0.19378352871360946,1.0,1.0,1.0,-0.29088488391268313,0.7115506198422944,False,False,True,1.0
1.1954743479578342,-0.1854865581939391,-0.9202516983070119,0.7014929578372823,0.8554166764414635,1.0,0.0,1.0,0.199513898913092,-1.5305796979019692,True,False,False,1.0
-0.051577874023061424,0.15793225046167356,0.7385254843821895,0.468673460962337,-0.19378352871360946,0.0,1.0,1.0,0.969704518413324,-0.26330358880758675,True,False,False,1.0
-1.2986300960039572,0.3784432749668568,0.5542169085278338,0.9343124547122276,0.15594987300474816,0.0,0.0,0.0,-0.4587599859173573,-1.0024334452777648,False,False,False,1.0
-1.1323564664065044,0.7929558019055613,0.9228340602365452,-1.16106301716228,-0.19378352871360946,0.0,0.0,0.0,1.2962978986769624,1.4664870655256892,False,False,True,1.0
-0.6335355776141461,-0.0011248819682943584,-0.5516345465983006,1.1671319515871728,-0.5435169304319671,0.0,1.0,1.0,0.6807558579931577,-0.6938613341154125,True,False,True,1.0
-0.051577874023061424,1.7147641830337856,-0.9202516983070119,1.6327709453370634,-0.8932503321503247,0.0,0.0,0.0,1.7989057798303505,1.1513861457752692,True,False,False,1.0
-0.7166723924128725,0.126602815286074,0.9228340602365452,-0.2297850296624989,0.8554166764414635,0.0,1.0,0.0,-0.25425758892984524,-1.1371330750947384,True,False,False,1.0
-0.051577874023061424,1.3713453743781725,-0.3673259707439448,1.1671319515871728,-0.19378352871360946,1.0,1.0,0.0,1.5852465590971285,-1.2560261156984953,False,True,False,1.0
-0.9660828368090516,-0.9711323941359029,-0.5516345465983006,-0.9282435202873347,0.8554166764414635,0.0,0.0,1.0,-0.7293949988461046,-1.0168655484724407,True,False,True,1.0
1.1954743479578342,-0.7674910654945042,-0.7359431224526563,0.7014929578372823,-0.19378352871360946,0.0,1.0,0.0,-0.5930600675210965,0.8971062323452682,True,False,True,1.0
0.9460639035616552,-1.2000782665729781,1.2914512119452566,-0.46260452653744416,-0.8932503321503247,0.0,0.0,1.0,-1.1282255442147848,-1.461511775470307,True,False,False,1.0
-1.714314169997589,1.064075914002098,-0.3673259707439448,-1.16106301716228,-0.19378352871360946,1.0,0.0,1.0,1.8314633753706508,-0.04716566239208609,True,False,False,1.0
0.9460639035616552,1.634030638542817,-0.1830173948895891,1.6327709453370634,-0.8932503321503247,0.0,1.0,0.0,0.9615651195282487,-1.277674270490509,True,False,True,1.0
-1.3817669108026835,-0.7458014565267813,-1.4731774258700792,0.468673460962337,-0.19378352871360946,1.0,1.0,1.0,-1.0437792807821304,-1.5051517065589692,True,False,True,1.0
-1.1323564664065044,-1.5543418797124526,1.107142636090901,1.6327709453370634,-0.5435169304319671,1.0,1.0,1.0,-1.398860557143532,-0.2210381437374651,True,False,False,1.0
0.19783257037311774,-0.39394779993927614,0.0012911809647666106,1.6327709453370634,-0.19378352871360946,0.0,1.0,1.0,-0.20440377075876018,-0.9113737465494538,False,False,True,1.0
0.3641061999705705,1.1315546974572361,-1.1045602741613676,0.7014929578372823,0.8554166764414635,0.0,1.0,1.0,2.217067397551084,1.2445075735313909,True,False,False,1.0
0.2809693851718441,1.1182999364214055,-0.1830173948895891,0.468673460962337,-1.59271713558704,0.0,0.0,1.0,1.7490519616592652,0.02808744712300867,True,False,False,1.0
-0.7166723924128725,1.0146718046867294,1.2914512119452566,1.1671319515871728,1.5548834798781788,1.0,0.0,1.0,2.0532619949889477,0.21811013918623906,True,False,False,1.0
-0.46726194801669335,0.8760993029484992,0.9228340602365452,0.7014929578372823,0.5056832747231058,1.0,1.0,0.0,0.011290299695730048,-0.1275730944767081,True,False,False,1.0
-0.46726194801669335,0.18564675080931956,-0.1830173948895891,1.6327709453370634,-0.19378352871360946,1.0,1.0,0.0,-0.30105913251902716,-0.646785187980399,True,False,False,1.0
1.1954743479578342,-0.7759259134263965,0.7385254843821895,-0.2297850296624989,0.5056832747231058,0.0,0.0,0.0,-0.8697996296136502,1.4568656633959054,True,False,True,1.0
-1.46490372560141,1.694279552342047,0.5542169085278338,-0.9282435202873347,0.15594987300474816,0.0,0.0,1.0,0.2636116651330584,-0.42377483147219547,False,True,True,1.0
-0.2178515036205142,-1.136214417945794,-1.6574860017244348,0.003034467212446404,0.5056832747231058,0.0,1.0,1.0,-1.09465052381385,-0.024830264590802283,False,False,False,1.0
-1.6311773551988626,0.028999574931320812,1.2914512119452566,-0.46260452653744416,0.5056832747231058,1.0,1.0,1.0,-0.18507269840670687,-0.2698323973956545,False,False,False,1.0
0.5303798295680233,-1.6929143814506824,-0.9202516983070119,0.23585396408739168,-1.59271713558704,0.0,1.0,1.0,-1.5117947166739494,0.5191225772466184,True,False,False,1.0
0.2809693851718441,-0.9349830458563646,-1.2888688500157235,-1.16106301716228,0.5056832747231058,0.0,1.0,0.0,-0.7273601491248358,1.328351220662364,False,False,True,1.0
0.3641061999705705,-0.8012304572220733,1.6600683636539681,-1.6267020109121706,0.8554166764414635,0.0,0.0,1.0,-0.3702440230421656,-1.0244252215744136,False,False,False,1.0
1.4448847923540136,-1.2844267458919005,0.18559975681912233,-1.3938825140372253,-0.19378352871360946,0.0,1.0,0.0,-1.0651452028554527,-1.3264685241486984,True,False,True,1.0
-1.6311773551988626,0.8640495201886534,-1.1045602741613676,-1.3938825140372253,0.15594987300474816,0.0,1.0,1.0,0.29006471150955265,0.26656077133979317,False,False,False,1.0
1.4448847923540136,-0.6903724558314895,-1.4731774258700792,0.468673460962337,0.8554166764414635,0.0,0.0,1.0,-0.24204849060223266,1.401198979645013,True,False,True,1.0
0.19783257037311774,1.002622021926883,-1.1045602741613676,-0.2297850296624989,-1.2429837338686824,0.0,0.0,0.0,0.3806155241060129,-1.603083835379983,False,False,False,1.0
1.2786111627565606,-0.8723241755051651,0.0012911809647666106,0.003034467212446404,0.8554166764414635,1.0,1.0,0.0,-0.3834705462304125,-1.2402195264852793,False,True,False,1.0
0.03155894077566496,-1.3723901600387767,-1.4731774258700792,-1.3938825140372253,-0.19378352871360946,0.0,1.0,0.0,-1.1852013364103104,-0.27636120598372205,True,False,True,1.0
0.2809693851718441,1.0833555664178516,-1.6574860017244348,1.6327709453370634,1.5548834798781788,1.0,0.0,1.0,0.9432514720368297,0.5600135362981995,False,True,False,1.0
0.2809693851718441,1.2833819602312964,0.36990833267347806,1.1671319515871728,-0.5435169304319671,1.0,0.0,1.0,-0.2410310657415983,-0.2894188231598573,True,False,True,1.0
0.4472430147692969,-0.3095993206203537,0.0012911809647666106,-0.2297850296624989,0.5056832747231058,0.0,0.0,0.0,-0.7375343977311797,-0.8770115960859401,True,False,True,1.0
0.7797902739642024,-1.473608335221484,-0.9202516983070119,-0.6954240234123894,-1.59271713558704,0.0,0.0,0.0,-1.4232787537987575,1.2152997456374046,False,False,True,0.0
1.1954743479578342,-1.2543022889922855,-0.3673259707439448,0.9343124547122276,-1.59271713558704,1.0,0.0,1.0,-0.9501761936037668,-0.16296610945412715,False,True,True,1.0
0.8629270887629288,-1.3241910289993926,0.7385254843821895,0.23585396408739168,-0.5435169304319671,1.0,1.0,0.0,-1.149591466288107,0.16622329198633354,True,False,False,1.0
0.7797902739642024,1.6774098564782631,-1.4731774258700792,1.6327709453370634,0.5056832747231058,1.0,0.0,0.0,2.760372273129848,-0.9484848690500485,True,False,False,1.0
0.3641061999705705,1.0881754795217902,0.18559975681912233,-0.46260452653744416,0.8554166764414635,1.0,1.0,1.0,0.20867072265880152,-1.5302360763973342,False,False,False,1.0
-0.6335355776141461,0.8640495201886534,0.18559975681912233,-0.6954240234123894,1.205150078159821,1.0,1.0,1.0,1.4580684515178302,-1.0622235870842787,False,False,False,1.0
0.19783257037311774,0.11816796735418174,1.107142636090901,0.003034467212446404,-0.8932503321503247,1.0,0.0,1.0,-0.5533804979563554,1.3115137669352426,True,False,False,1.0
-0.7998092072115989,-0.4758863227062294,-0.9202516983070119,-0.6954240234123894,0.15594987300474816,1.0,0.0,0.0,-0.7426215220343517,1.4200981623999456,False,True,False,1.0
1.6111584219514663,-1.2567122455442545,-1.2888688500157235,0.23585396408739168,0.5056832747231058,1.0,0.0,0.0,-1.0173262344056364,-1.5749068719999018,False,False,True,1.0
-0.1347146888217878,-1.0964501348383018,-1.2888688500157235,0.7014929578372823,0.8554166764414635,0.0,0.0,0.0,-1.0509012548065713,-0.7533078544172911,False,True,False,1.0
-0.1347146888217878,-0.19030647129787764,-1.1045602741613676,-0.9282435202873347,-0.5435169304319671,1.0,0.0,1.0,0.5179678802916554,0.18306074571345504,False,False,False,1.0
1.0292007183603815,-0.06739868714744782,1.6600683636539681,-1.16106301716228,0.8554166764414635,1.0,0.0,1.0,-0.6500358597166224,-0.4086554852682495,True,False,False,1.0
0.696653459165476,-0.4421469309786605,-1.2888688500157235,1.399951448462118,0.8554166764414635,0.0,1.0,0.0,-0.7843359413203617,-1.3769808853300634,True,False,False,1.0
1.1954743479578342,1.3846001354140032,1.6600683636539681,0.468673460962337,0.15594987300474816,1.0,1.0,1.0,0.23207149445339248,-0.1966410169083704,True,False,True,1.0
0.9460639035616552,1.171318980564728,-1.1045602741613676,1.6327709453370634,0.5056832747231058,0.0,1.0,1.0,1.0114189376993339,-0.5835588311275337,True,False,False,1.0
0.3641061999705705,1.6966895088940164,-1.1045602741613676,0.7014929578372823,-0.19378352871360946,1.0,1.0,0.0,2.038000622079432,-1.2182277501886305,True,False,True,1.0
1.4448847923540136,-0.43009714821881445,0.9228340602365452,0.7014929578372823,0.8554166764414635,1.0,1.0,1.0,-0.036528668754086085,-1.0866207139133734,True,False,False,1.0
0.3641061999705705,-1.4989128790171606,-0.5516345465983006,0.003034467212446404,-0.8932503321503247,0.0,0.0,0.0,-1.105842197280828,-1.1759623051185086,True,False,False,1.0
-1.049219651607778,1.1954185460844204,1.4757597877996123,0.468673460962337,1.205150078159821,0.0,1.0,1.0,1.120283397787213,0.540427110533997,True,False,False,1.0
0.7797902739642024,1.3183263302348502,-0.7359431224526563,0.7014929578372823,0.8554166764414635,0.0,1.0,1.0,1.129440221532923,0.18855868978761736,False,False,True,1.0
0.8629270887629288,1.3592955916183267,-0.5516345465983006,-0.6954240234123894,1.5548834798781788,0.0,0.0,0.0,0.12117218464424417,-0.2560875372102491,False,False,True,1.0
0.5303798295680233,1.002622021926883,1.107142636090901,-0.46260452653744416,-0.19378352871360946,1.0,1.0,1.0,0.2870124369276494,-0.4918118893899526,True,False,True,1.0
-1.2986300960039572,0.08804351045456657,1.4757597877996123,0.7014929578372823,-0.8932503321503247,1.0,1.0,0.0,-0.5279448764404956,1.526964450341473,True,False,True,1.0
1.52802160715274,0.1760069246014429,-1.1045602741613676,1.1671319515871728,-1.2429837338686824,0.0,0.0,0.0,0.30125638497653084,-1.302758640328874,True,False,True,1.0
-0.1347146888217878,0.23625583840067324,1.2914512119452566,-0.46260452653744416,-0.5435169304319671,0.0,1.0,0.0,0.4935496836364303,-1.4883142528318476,True,False,True,1.0
-1.5480405404001363,1.0773306750379288,1.2914512119452566,-0.2297850296624989,1.5548834798781788,0.0,1.0,0.0,0.44980041462915127,-0.5986781773314799,True,False,False,1.0
1.6942952367501927,-1.3820299862466539,0.5542169085278338,-0.46260452653744416,1.5548834798781788,0.0,1.0,1.0,-1.327640816899125,-1.5893389751945777,True,False,False,1.0
0.6135166443667497,1.2797670254033426,-0.9202516983070119,0.468673460962337,1.5548834798781788,1.0,0.0,0.0,0.3836677986879162,-1.0625672085889137,True,False,True,1.0
0.5303798295680233,0.380853231518826,1.2914512119452566,-1.16106301716228,0.15594987300474816,1.0,0.0,0.0,-0.4719865091056044,1.0744149287369984,True,False,True,1.0
-0.5503987628154198,1.0592560008981595,-0.5516345465983006,1.399951448462118,0.15594987300474816,0.0,1.0,0.0,0.17611312711850105,-0.7241000265233046,True,False,False,1.0
-1.1323564664065044,1.3110964605789424,-1.6574860017244348,-0.6954240234123894,0.8554166764414635,1.0,0.0,1.0,0.04283047037539595,1.1122132942468637,False,False,False,1.0
-0.9660828368090516,0.8544096939807764,0.5542169085278338,-0.6954240234123894,0.5056832747231058,0.0,1.0,0.0,0.003150900810654934,0.2191410037001445,True,False,True,1.0
-1.1323564664065044,-1.5507269448844987,0.5542169085278338,0.468673460962337,1.205150078159821,0.0,1.0,0.0,-1.4029302565860697,0.7400712047270112,False,False,False,1.0
0.4472430147692969,-0.5373402147814444,-0.5516345465983006,-1.16106301716228,0.8554166764414635,0.0,1.0,0.0,-0.5716941454477745,-1.434022055099496,False,False,True,1.0
-0.30098831841924056,-0.43491706132275276,-0.9202516983070119,0.23585396408739168,-0.8932503321503247,0.0,1.0,0.0,-0.106730984137859,-0.09836526658272146,False,True,True,1.0
-0.7166723924128725,-0.5987941068566595,0.0012911809647666106,0.003034467212446404,-1.2429837338686824,1.0,1.0,0.0,-0.6062865907093437,0.19508749837568487,True,False,True,1.0
1.2786111627565606,-0.8928088061969034,-1.4731774258700792,0.23585396408739168,-1.2429837338686824,0.0,1.0,0.0,-0.5025092549246359,1.1053408641541609,False,False,False,1.0
1.4448847923540136,0.6025692342999937,-1.4731774258700792,0.7014929578372823,0.5056832747231058,1.0,0.0,1.0,1.4743472492879803,0.14629324471749547,True,False,True,1.0
-0.051577874023061424,-1.6182057283396367,-1.6574860017244348,1.1671319515871728,-0.5435169304319671,1.0,0.0,1.0,-1.4599060487815954,-1.5924315687362938,True,False,False,1.0
-1.5480405404001363,-0.6879624992795204,1.107142636090901,0.23585396408739168,-1.2429837338686824,1.0,1.0,0.0,-0.16574162605465353,1.3802380678622699,True,False,True,1.0
0.9460639035616552,-0.13367249232660106,0.36990833267347806,-1.6267020109121706,0.8554166764414635,0.0,0.0,1.0,0.5434035018075152,-0.02242491405835632,True,False,True,1.0
-1.46490372560141,-1.050660960350887,1.107142636090901,1.6327709453370634,1.205150078159821,1.0,0.0,0.0,-1.2401422788845675,0.2170792746723336,False,True,True,1.0
0.4472430147692969,0.8592296070847147,1.2914512119452566,-1.16106301716228,-0.19378352871360946,1.0,0.0,1.0,1.302402447840769,0.8393778195665655,True,False,False,1.0
0.2809693851718441,-0.47829627925819873,0.5542169085278338,1.6327709453370634,-0.5435169304319671,0.0,1.0,0.0,-0.8097715628362212,0.9950383611662819,True,False,True,1.0
-0.1347146888217878,0.7833159756976846,0.36990833267347806,0.468673460962337,-1.2429837338686824,1.0,0.0,0.0,-0.1779507243822661,-0.33134064672534386,True,False,True,1.0
-0.46726194801669335,1.5990862685392633,-1.4731774258700792,-0.46260452653744416,-1.59271713558704,1.0,0.0,0.0,0.4111382699250446,-0.8502091187243995,False,False,False,1.0
0.3641061999705705,-0.9892070682756718,1.2914512119452566,0.23585396408739168,0.5056832747231058,0.0,0.0,1.0,-0.7446563717556204,-0.002838488294153544,True,False,False,1.0
-0.8829460220103252,0.4808664284255481,1.2914512119452566,-1.16106301716228,-1.59271713558704,1.0,0.0,1.0,-0.6042517409880748,-1.3312792252135903,False,False,False,1.0
-1.2154932812052308,0.6628181480992239,-1.2888688500157235,-0.46260452653744416,-1.2429837338686824,1.0,0.0,0.0,1.1040046000170634,0.6895588435456462,True,False,True,1.0
0.9460639035616552,-0.07703851335532468,-0.5516345465983006,-0.9282435202873347,1.5548834798781788,1.0,1.0,0.0,-0.7690745684108458,1.7053040112471085,True,False,False,1.0
-0.30098831841924056,-0.407202560975107,0.0012911809647666106,-0.2297850296624989,-0.19378352871360946,1.0,0.0,1.0,-0.9756118151196265,0.833879875492403,False,False,True,1.0
-0.2178515036205142,-0.19030647129787764,-0.1830173948895891,0.468673460962337,1.5548834798781788,0.0,1.0,1.0,-0.3214076297317149,1.7101147123120004,False,False,True,1.0
0.3641061999705705,0.6218488867157473,-1.6574860017244348,1.6327709453370634,-1.2429837338686824,0.0,1.0,0.0,-0.5157357781128831,1.544489147077865,True,False,True,1.0
-0.7998092072115989,0.6881226918949008,0.5542169085278338,-1.16106301716228,0.15594987300474816,0.0,0.0,0.0,0.7580801474013711,-1.323375930606982,True,False,True,1.0
-0.30098831841924056,-1.6061559455797907,-0.5516345465983006,-0.46260452653744416,-1.2429837338686824,1.0,0.0,1.0,-1.4619408985028641,0.263468177798077,True,False,True,1.0
-0.2178515036205142,-0.49155104029402935,1.6600683636539681,-1.3938825140372253,0.5056832747231058,0.0,0.0,1.0,0.12829415866868454,-0.9794108044672108,True,False,True,1.0
-0.9660828368090516,1.7147641830337856,-1.1045602741613676,-1.3938825140372253,-0.19378352871360946,0.0,0.0,1.0,0.4681140621205706,-0.7158531104120612,False,False,True,1.0
1.2786111627565606,0.3579586442751183,-0.1830173948895891,-0.6954240234123894,-1.59271713558704,0.0,1.0,0.0,-0.21457801936510404,-1.4151228723445635,True,False,False,1.0
-0.6335355776141461,-1.6326654676514518,-0.3673259707439448,0.003034467212446404,-0.8932503321503247,0.0,1.0,0.0,-1.412087080331779,1.1723470575580126,True,False,False,1.0
0.11469575557439135,0.2374608166766576,-1.6574860017244348,-0.6954240234123894,-1.59271713558704,1.0,0.0,0.0,0.9788613421590334,0.9709848558418227,True,False,False,1.0
-1.714314169997589,0.5013510591172866,0.18559975681912233,-0.9282435202873347,1.205150078159821,1.0,1.0,0.0,1.1965902623347922,-1.1233882149093328,True,False,True,1.0
1.2786111627565606,1.612341029575094,1.6600683636539681,-1.16106301716228,-0.5435169304319671,0.0,1.0,0.0,2.5874100468220016,0.26862250036760404,True,False,False,1.0
-0.9660828368090516,1.694279552342047,-0.5516345465983006,-1.3938825140372253,-1.59271713558704,1.0,0.0,1.0,2.902811753618662,-0.3983468401291953,True,False,True,1.0
1.52802160715274,0.8194653239772229,-0.1830173948895891,0.9343124547122276,-1.2429837338686824,1.0,0.0,1.0,0.5739262476265469,1.6922463940709735,True,False,False,1.0
1.1123375331591079,0.9339382601957604,-1.6574860017244348,-1.16106301716228,-1.59271713558704,0.0,1.0,0.0,0.5932573199786,1.5252463428182974,False,False,False,1.0
0.8629270887629288,1.4713585712848951,-0.5516345465983006,-1.3938825140372253,-1.2429837338686824,0.0,0.0,0.0,1.520131368016528,0.2916451411781582,True,False,False,1.0
-0.30098831841924056,-1.130189526565871,0.5542169085278338,0.9343124547122276,0.5056832747231058,1.0,0.0,0.0,-1.1160164458871722,-1.242624877017725,True,False,False,1.0
-0.8829460220103252,-1.4109494648702843,0.0012911809647666106,-1.16106301716228,1.5548834798781788,1.0,0.0,1.0,-1.217758931950611,-0.931991036827562,False,False,True,1.0
-1.714314169997589,0.11696298907819694,-0.9202516983070119,-0.9282435202873347,0.8554166764414635,1.0,1.0,1.0,-0.6083214404306124,-0.22584884480235703,False,False,False,1.0
0.2809693851718441,-0.7747209351504118,0.7385254843821895,0.003034467212446404,1.205150078159821,1.0,0.0,0.0,-0.8708170544742846,-1.1089561117146571,True,False,True,1.0
-1.3817669108026835,-1.3639553121068846,1.107142636090901,-0.6954240234123894,-1.2429837338686824,1.0,0.0,1.0,-1.267612750121696,-0.010398161396126503,True,False,True,1.0
0.2809693851718441,0.3555486877231491,-1.1045602741613676,1.399951448462118,-1.2429837338686824,1.0,0.0,0.0,-0.20440377075876018,0.9290630322763361,True,False,True,1.0
0.03155894077566496,-0.09149825266713986,1.6600683636539681,1.6327709453370634,-0.8932503321503247,0.0,1.0,1.0,-0.3437909766656715,-0.851239983238305,True,False,False,1.0
-0.051577874023061424,-1.742318490766051,1.2914512119452566,-0.46260452653744416,0.8554166764414635,0.0,1.0,0.0,-1.4894113697399927,0.8039848045891465,False,True,False,1.0
-0.2178515036205142,0.6338986694755936,0.9228340602365452,1.1671319515871728,1.205150078159821,0.0,0.0,0.0,-0.3519303755507466,0.5885341211829157,True,False,True,1.0
0.2809693851718441,1.3846001354140032,-1.6574860017244348,-0.9282435202873347,1.205150078159821,0.0,0.0,1.0,-0.05280746652423631,-0.8113798887006292,False,False,True,1.0
-1.049219651607778,0.9700876084752987,-1.4731774258700792,-0.6954240234123894,-0.8932503321503247,0.0,0.0,1.0,0.6370065889858787,0.5421452180571725,True,False,True,1.0
0.4472430147692969,0.641128539131501,-1.1045602741613676,-1.3938825140372253,0.5056832747231058,1.0,1.0,1.0,-0.3437909766656715,1.6424212758988785,False,False,True,1.0
-0.8829460220103252,0.10491320631835113,0.9228340602365452,0.003034467212446404,-0.8932503321503247,1.0,0.0,1.0,0.8649097577679818,0.11364920177715766,False,False,True,1.0
-1.2986300960039572,0.8471798243248689,0.36990833267347806,-0.46260452653744416,0.8554166764414635,1.0,0.0,0.0,-0.23289166685652318,0.9878223095689442,False,False,False,1.0
-1.2986300960039572,-0.8193051313618425,1.6600683636539681,0.7014929578372823,-1.2429837338686824,0.0,0.0,0.0,-0.36108719929645605,-1.2972606962547117,True,False,False,1.0
-1.2986300960039572,-1.0121016555193796,0.7385254843821895,-0.9282435202873347,0.8554166764414635,0.0,1.0,0.0,-1.0519186796672055,-0.899003372382589,True,False,True,1.0
1.2786111627565606,0.30373462185581107,1.2914512119452566,0.003034467212446404,-1.59271713558704,1.0,0.0,1.0,-0.49843955548209845,-0.08187143436023503,True,False,True,1.0
0.8629270887629288,1.511122854392387,-1.2888688500157235,-0.2297850296624989,-1.59271713558704,1.0,1.0,1.0,0.5861353459541593,0.2706842293954149,True,False,True,1.0
1.0292007183603815,1.0110568698587754,0.9228340602365452,-0.46260452653744416,-1.59271713558704,0.0,0.0,1.0,0.2595419656905209,0.5576081857657538,False,False,False,1.0
-0.7166723924128725,0.8291051501850996,-1.4731774258700792,0.468673460962337,-0.5435169304319671,0.0,0.0,1.0,0.02044712344143953,0.5215279277790645,True,False,False,1.0
0.19783257037311774,-0.03968418679980181,0.36990833267347806,-0.2297850296624989,0.8554166764414635,0.0,1.0,0.0,0.6034315685849441,0.47067194509306426,True,False,False,1.0
-1.2986300960039572,-0.4180473654589684,-1.4731774258700792,-0.6954240234123894,-0.19378352871360946,1.0,0.0,1.0,-0.0985915852527839,0.23632207893190132,False,False,False,1.0
-1.5480405404001363,0.9050187815721301,-1.6574860017244348,0.468673460962337,-0.5435169304319671,0.0,0.0,1.0,-0.1504802531451377,1.2455384380452963,True,False,False,1.0
0.7797902739642024,0.4627917542857792,1.6600683636539681,-1.6267020109121706,1.205150078159821,1.0,1.0,1.0,-0.10367870955595573,-0.6835526889763586,True,False,True,1.0
1.52802160715274,0.3459088615152725,-1.4731774258700792,-0.6954240234123894,-1.59271713558704,1.0,1.0,0.0,0.2259669452895859,1.0345548341993227,True,False,False,1.0
1.1123375331591079,0.5013510591172866,1.2914512119452566,0.9343124547122276,-1.59271713558704,1.0,1.0,1.0,0.6939823811814047,1.292270962675675,False,False,False,1.0
-0.7998092072115989,0.9749075215792371,-0.3673259707439448,0.468673460962337,-0.19378352871360946,1.0,0.0,0.0,1.964746032113756,-1.7044521792473484,True,False,True,1.0
0.3641061999705705,1.5942663554353251,-1.4731774258700792,-0.46260452653744416,-0.19378352871360946,0.0,1.0,0.0,1.340047167684241,-1.0797482838206705,False,True,False,1.0
1.0292007183603815,-0.11077790508289359,-1.4731774258700792,-0.6954240234123894,-1.59271713558704,0.0,1.0,0.0,-0.4791084831300451,1.0524231524403496,True,False,True,1.0
0.3641061999705705,0.9315283036437914,-0.5516345465983006,1.6327709453370634,0.5056832747231058,1.0,1.0,0.0,-0.0985915852527839,-0.2176019286911137,False,True,True,1.0
1.1954743479578342,-0.5192655406416754,-1.6574860017244348,-1.16106301716228,-1.2429837338686824,0.0,1.0,1.0,-0.7334646982886422,0.9757955569067146,True,False,True,1.0
-1.2986300960039572,1.4882282671486797,-1.1045602741613676,-1.6267020109121706,0.5056832747231058,0.0,0.0,1.0,0.8384567113914876,0.15076032427775232,False,False,True,1.0
-0.38412513321796693,1.4219544619695264,-0.1830173948895891,-1.6267020109121706,1.5548834798781788,0.0,0.0,1.0,1.9535543586467778,1.0527667739449849,False,False,True,1.0
-1.6311773551988626,-0.4746813444302448,-1.6574860017244348,-0.2297850296624989,-1.59271713558704,0.0,0.0,1.0,0.08556231452204044,0.4479929257871451,False,False,True,1.0
1.3617479775552872,-0.8687092406772113,-0.5516345465983006,-1.16106301716228,-1.2429837338686824,1.0,0.0,0.0,-0.40788874288563787,1.4503368548078375,True,False,False,1.0
-1.6311773551988626,-0.5313153234015214,-1.1045602741613676,0.468673460962337,0.15594987300474816,1.0,1.0,1.0,0.01637742399890206,-0.38047852188816833,False,False,False,1.0
0.19783257037311774,0.3471138397912569,-1.4731774258700792,0.23585396408739168,-1.2429837338686824,0.0,0.0,1.0,0.2676813645755958,1.4733594956183915,True,False,True,1.0
-0.7166723924128725,1.1134800233174666,1.4757597877996123,-0.9282435202873347,-0.5435169304319671,1.0,1.0,0.0,-0.27358866128189857,-0.2767048274883571,True,False,False,1.0
1.6942952367501927,0.7351168446583005,-1.2888688500157235,0.468673460962337,-0.19378352871360946,1.0,1.0,1.0,-0.0446680676391612,1.0438326148244712,True,False,False,1.0
-0.9660828368090516,-1.1169347655300401,0.5542169085278338,-0.6954240234123894,0.15594987300474816,1.0,0.0,0.0,-0.7517783457800612,0.8933263957942817,True,False,True,1.0
-0.6335355776141461,-1.0458410472469484,1.107142636090901,-0.6954240234123894,-0.8932503321503247,0.0,0.0,0.0,-0.9959603123323144,-1.1783676556509546,True,False,True,1.0
-1.714314169997589,0.3447038832392877,1.2914512119452566,0.7014929578372823,1.205150078159821,1.0,1.0,1.0,0.028586522326514822,1.4984438654567567,True,False,False,1.0
-0.38412513321796693,-1.5724165538522215,-1.1045602741613676,-0.46260452653744416,1.5548834798781788,0.0,0.0,0.0,-1.3378150655054688,1.5589212502725407,True,False,True,1.0
-0.2178515036205142,1.6798198130302322,1.4757597877996123,-1.16106301716228,-0.5435169304319671,0.0,0.0,1.0,1.7531216611018028,-1.1924561373409954,True,False,True,1.0
1.52802160715274,1.0954053491776978,-0.3673259707439448,-0.6954240234123894,0.15594987300474816,1.0,1.0,1.0,0.7926725926629402,-1.3140981499818336,False,False,True,1.0
-1.2154932812052308,-1.3555204641749925,-0.7359431224526563,0.23585396408739168,-0.5435169304319671,1.0,1.0,1.0,-1.031570182454518,-1.539513857022483,True,False,True,1.0
-0.2178515036205142,1.3291711347187116,-0.3673259707439448,1.1671319515871728,-1.2429837338686824,1.0,0.0,1.0,0.7163657281153611,1.0654807696164852,True,False,True,1.0
-0.7166723924128725,0.08081364079865908,0.5542169085278338,0.9343124547122276,1.5548834798781788,1.0,1.0,1.0,-0.2898674590520488,-1.5752504935045373,False,True,True,1.0
-0.8829460220103252,-0.5228804754696291,-0.3673259707439448,0.7014929578372823,-0.5435169304319671,1.0,0.0,1.0,-0.2155954442257386,1.095032219015107,False,False,True,1.0
0.7797902739642024,1.6966895088940164,-0.3673259707439448,1.399951448462118,-0.5435169304319671,0.0,0.0,0.0,1.1823463142859112,0.15694551136118476,False,False,False,1.0
1.0292007183603815,-1.2844267458919005,-1.1045602741613676,0.9343124547122276,-1.59271713558704,0.0,1.0,0.0,-1.0804065757649683,0.9063840129704167,True,False,True,1.0
-1.46490372560141,1.6412605081987248,1.2914512119452566,-0.6954240234123894,-1.59271713558704,1.0,0.0,1.0,1.936258136015993,-0.417589644388763,True,False,True,1.0
-0.1347146888217878,0.49291621118539436,0.7385254843821895,-1.6267020109121706,-1.59271713558704,1.0,1.0,0.0,0.012307724556364414,1.323540519597472,True,False,True,1.0
1.3617479775552872,0.7857259322496538,-0.5516345465983006,0.7014929578372823,0.15594987300474816,0.0,0.0,0.0,0.42436479311329156,0.7139559703747407,True,False,False,1.0
-0.051577874023061424,1.1568592412529128,-1.2888688500157235,-0.2297850296624989,1.5548834798781788,1.0,1.0,1.0,0.3663715760571318,0.11742903832814414,True,False,True,1.0
-1.5480405404001363,1.4882282671486797,1.2914512119452566,0.003034467212446404,0.15594987300474816,0.0,1.0,0.0,0.19442677460992,1.082661844848242,True,False,True,1.0
-0.2178515036205142,0.4627917542857792,0.7385254843821895,1.399951448462118,0.15594987300474816,0.0,0.0,0.0,-0.261379562954286,-1.1807730061834005,True,False,True,1.0
0.11469575557439135,1.306276547475004,0.9228340602365452,0.468673460962337,0.8554166764414635,0.0,1.0,1.0,1.1945554126135236,-1.6769624588765373,True,False,True,1.0
-1.6311773551988626,-0.38792290855935324,-0.3673259707439448,0.003034467212446404,-0.5435169304319671,1.0,1.0,1.0,-0.9389845201367886,0.8603387313493088,True,False,False,1.0
0.3641061999705705,0.7712661929378384,-0.1830173948895891,-0.9282435202873347,1.205150078159821,1.0,0.0,1.0,1.0358371343545592,0.9225342236882681,True,False,False,1.0
0.696653459165476,0.7556014753500386,1.2914512119452566,0.7014929578372823,-1.59271713558704,0.0,0.0,0.0,1.6778322214148584,0.48407318377383457,False,False,True,1.0
-0.5503987628154198,-0.6168687809964284,-1.4731774258700792,0.003034467212446404,1.5548834798781788,0.0,0.0,1.0,-0.40483646830373476,0.6833736564622135,False,False,False,1.0
-1.6311773551988626,1.5472722026719252,-0.9202516983070119,0.23585396408739168,-1.59271713558704,0.0,1.0,1.0,0.4701489118418393,0.03942695677596811,True,False,True,1.0
-1.5480405404001363,-1.7519583169739281,1.6600683636539681,-0.46260452653744416,0.15594987300474816,1.0,0.0,0.0,-1.537230338189809,-1.6883019685294969,True,False,True,1.0
0.8629270887629288,-0.8662992841252419,0.0012911809647666106,0.468673460962337,1.205150078159821,0.0,1.0,1.0,-0.9837512140047017,0.11880352434668466,False,False,False,1.0
-1.3817669108026835,-0.3963577564912453,1.6600683636539681,1.6327709453370634,0.8554166764414635,0.0,1.0,0.0,-0.3712614479027999,0.8022666970659704,True,False,True,1.0
1.4448847923540136,1.4761784843888335,0.18559975681912233,0.23585396408739168,0.5056832747231058,0.0,0.0,1.0,0.6431111381496852,0.7850856218342136,True,False,True,1.0
0.5303798295680233,-0.6265086072043052,-0.9202516983070119,-0.6954240234123894,-1.2429837338686824,0.0,1.0,1.0,-0.2176302939470073,0.7940197809547274,False,False,True,1.0
-1.714314169997589,-1.595311141095929,1.4757597877996123,0.7014929578372823,0.15594987300474816,0.0,1.0,1.0,-1.3601984124394253,-0.2560875372102491,True,False,False,1.0
1.1954743479578342,0.6266687998196857,-0.9202516983070119,-0.6954240234123894,1.5548834798781788,0.0,0.0,0.0,0.18628737572484472,1.5640755728420674,True,False,True,1.0
0.9460639035616552,-0.09872812232304756,1.4757597877996123,-1.3938825140372253,-0.8932503321503247,1.0,1.0,1.0,-0.6001820415455373,-1.4013780121591581,False,True,False,1.0
-0.7998092072115989,-0.651813150999982,-0.5516345465983006,-0.2297850296624989,1.205150078159821,0.0,1.0,0.0,-0.3753311473453374,1.1046536211448907,True,False,False,1.0
0.6135166443667497,0.028999574931320812,-1.1045602741613676,0.7014929578372823,1.5548834798781788,1.0,1.0,1.0,0.6207277912157289,1.6451702479359598,True,False,True,1.0
0.03155894077566496,-0.8952187627488726,0.9228340602365452,0.9343124547122276,0.8554166764414635,1.0,1.0,0.0,-0.36108719929645605,1.2524108681379993,False,False,True,1.0
0.8629270887629288,0.35916362255110307,-1.4731774258700792,-0.6954240234123894,-1.2429837338686824,0.0,1.0,1.0,-0.32954702861678997,-1.0158346839585353,True,False,True,1.0
1.1123375331591079,-0.6927824123834587,-1.1045602741613676,-0.6954240234123894,0.8554166764414635,0.0,0.0,0.0,-0.5045441046459048,0.02430761057202219,False,False,True,1.0
-0.8829460220103252,0.9941871739949908,-1.4731774258700792,0.7014929578372823,1.205150078159821,0.0,0.0,0.0,1.8904740172874452,-0.5739374289977501,True,False,True,1.0
0.9460639035616552,-0.7301367389389816,1.2914512119452566,-1.3938825140372253,0.5056832747231058,0.0,0.0,1.0,-0.8016321639511461,-0.7766741167324803,False,False,False,1.0
-1.714314169997589,-1.590491227991991,-1.4731774258700792,-0.9282435202873347,-0.5435169304319671,0.0,0.0,0.0,-1.4670280228060362,1.1984622919102825,False,True,False,1.0
-0.38412513321796693,-1.6073609238557751,-0.7359431224526563,1.399951448462118,-0.8932503321503247,0.0,1.0,1.0,-1.2523513772121802,0.47239005261623984,True,False,True,1.0
-0.6335355776141461,-0.9711323941359029,1.2914512119452566,1.6327709453370634,0.15594987300474816,0.0,0.0,0.0,-1.0458141305033992,0.6988366241707947,False,False,True,1.0
1.2786111627565606,0.5929294080921169,0.5542169085278338,0.003034467212446404,-0.8932503321503247,1.0,1.0,1.0,0.3317791307955622,-0.16674594600511364,True,False,True,1.0
1.4448847923540136,-0.2360956457852928,1.107142636090901,0.23585396408739168,0.8554166764414635,0.0,1.0,0.0,-0.575763844890312,-1.5580694182727803,False,False,False,1.0
-1.1323564664065044,0.7399367577622389,1.107142636090901,-1.3938825140372253,1.205150078159821,0.0,1.0,1.0,1.4417896537476798,0.1524784318009279,False,True,False,1.0
0.5303798295680233,-1.2061031579529011,-0.5516345465983006,-1.6267020109121706,1.205150078159821,1.0,1.0,0.0,-0.8311374849095434,-1.007587767847292,True,False,False,1.0
-1.6311773551988626,0.3422939266873185,-0.7359431224526563,-1.3938825140372253,-0.5435169304319671,1.0,0.0,1.0,-0.36719174846026226,-0.005243838826599507,True,False,False,1.0
-1.6311773551988626,-0.780745826530335,-1.2888688500157235,1.6327709453370634,1.205150078159821,1.0,1.0,1.0,-0.21966514366827605,1.4572092849005402,True,False,True,1.0
-0.30098831841924056,0.8266951936331304,0.0012911809647666106,0.468673460962337,1.205150078159821,0.0,1.0,0.0,1.1304576463935572,0.16175621242607668,True,False,False,1.0
-0.1347146888217878,-0.5023958447778908,-1.1045602741613676,0.9343124547122276,-0.19378352871360946,0.0,1.0,0.0,-0.3804182716485094,-0.1952665308898299,True,False,True,1.0
0.3641061999705705,-1.5627767276443447,-0.7359431224526563,-0.6954240234123894,-0.5435169304319671,0.0,1.0,0.0,-1.37749463507021,1.6946517446034197,True,False,True,1.0
0.03155894077566496,-0.2806798419967232,-0.3673259707439448,-0.2297850296624989,0.5056832747231058,0.0,0.0,1.0,0.3460230788444437,1.0926268684826606,True,False,True,1.0
0.8629270887629288,-0.16982184060613933,-0.3673259707439448,0.003034467212446404,-1.59271713558704,0.0,0.0,1.0,0.0896320139645779,0.4201595839116993,True,False,True,1.0
1.1123375331591079,0.8616395636366839,-1.6574860017244348,-0.6954240234123894,-1.2429837338686824,1.0,0.0,1.0,1.4183888819530892,1.213581638114229,False,False,False,1.0
-0.9660828368090516,-0.4662464964983525,-0.5516345465983006,-0.9282435202873347,-1.59271713558704,0.0,1.0,1.0,-0.740586672313083,0.6679106887536322,True,False,False,1.0
-0.8829460220103252,1.4496689623171723,1.4757597877996123,-1.6267020109121706,-0.8932503321503247,1.0,1.0,0.0,0.7448536242131241,-0.407280999249709,False,False,False,1.0
1.6942952367501927,-1.13259948311784,-0.7359431224526563,1.399951448462118,1.5548834798781788,0.0,1.0,1.0,-1.1567134403125476,-1.603083835379983,False,False,True,1.0
1.0292007183603815,-0.599999085132644,-0.7359431224526563,1.399951448462118,-0.5435169304319671,0.0,1.0,0.0,-0.5432062493500115,1.5750714609903922,True,False,False,1.0
1.52802160715274,-0.5578248454731828,0.5542169085278338,-0.2297850296624989,0.5056832747231058,1.0,0.0,0.0,-0.41399329204944424,-1.3580817025751308,False,False,False,1.0
-0.2178515036205142,-1.3422657031391616,0.0012911809647666106,1.1671319515871728,-1.2429837338686824,1.0,0.0,0.0,-1.247264252909008,0.9421206494524711,True,False,True,1.0
0.8629270887629288,0.7098123008626237,-1.4731774258700792,1.1671319515871728,1.205150078159821,0.0,0.0,1.0,1.1223182475084823,-1.2560261156984953,False,False,True,1.0
-0.5503987628154198,-1.3940797690064999,0.18559975681912233,0.9343124547122276,-0.19378352871360946,0.0,1.0,0.0,-1.324588542317222,0.6579456651192136,True,False,True,1.0
-0.7166723924128725,-0.44937680063456814,1.2914512119452566,0.468673460962337,-1.59271713558704,1.0,0.0,1.0,-0.2949545833552208,0.6799374414158623,False,False,True,1.0
1.52802160715274,-0.8518395448134268,-0.9202516983070119,-0.46260452653744416,0.8554166764414635,0.0,0.0,0.0,-0.8331723346308121,-1.5749068719999018,True,False,True,1.0
-0.8829460220103252,-0.8662992841252419,0.0012911809647666106,-0.46260452653744416,0.8554166764414635,1.0,1.0,1.0,-0.9227057223666384,0.8142934497282005,True,False,False,1.0
-0.8829460220103252,-0.5228804754696291,-0.3673259707439448,0.468673460962337,1.5548834798781788,1.0,1.0,1.0,-0.04873776708169884,-0.12860395899061353,False,True,False,1.0
-0.6335355776141461,-0.3541835168317841,-0.5516345465983006,1.1671319515871728,1.205150078159821,1.0,1.0,1.0,-0.5828858189147527,-0.2189764147096542,True,False,False,1.0
0.6135166443667497,1.0990202840056518,0.18559975681912233,0.23585396408739168,1.5548834798781788,1.0,1.0,1.0,0.6247974906582663,0.04973560191502234,False,False,False,1.0
1.6942952367501927,-0.7277267823870122,0.9228340602365452,-0.2297850296624989,1.205150078159821,0.0,1.0,0.0,-0.8708170544742846,0.009531885872711341,False,False,False,1.0
-0.2178515036205142,0.7278869750023926,1.6600683636539681,0.23585396408739168,-0.19378352871360946,1.0,0.0,0.0,1.232200132456996,-1.5711270354489153,False,False,False,1.0
-0.051577874023061424,-0.5011908665019063,1.4757597877996123,-1.6267020109121706,1.205150078159821,1.0,1.0,0.0,-0.25018788948730775,-0.05438171398942398,True,False,True,1.0
-0.30098831841924056,-1.745933425594005,0.9228340602365452,-1.16106301716228,-1.2429837338686824,1.0,1.0,1.0,-1.4649931730847674,-0.33855669832268176,True,False,True,1.0
-0.8829460220103252,1.02792656572256,-0.1830173948895891,-0.2297850296624989,-0.8932503321503247,0.0,1.0,1.0,-0.12199235704737486,1.156196846840161,True,False,True,1.0
1.6942952367501927,-1.1458542441536708,-0.5516345465983006,1.6327709453370634,-0.5435169304319671,1.0,1.0,1.0,-0.9196534477847352,1.3276639776530939,True,False,False,1.0
0.8629270887629288,-0.5240854537456137,-0.3673259707439448,-0.46260452653744416,0.5056832747231058,1.0,0.0,1.0,-0.6764889060931164,-0.6842399319856288,True,False,True,1.0
0.4472430147692969,1.3725503526541574,1.2914512119452566,1.399951448462118,0.15594987300474816,0.0,0.0,1.0,2.1275340098152578,-1.1196083783583464,True,False,False,1.0
-1.5480405404001363,-0.6313285203082437,0.18559975681912233,0.003034467212446404,-1.59271713558704,1.0,1.0,0.0,-0.1443757039813313,-1.0082750108565623,True,False,False,1.0
0.8629270887629288,-0.6771176947956586,0.9228340602365452,0.468673460962337,-0.8932503321503247,0.0,0.0,1.0,-0.803667013672415,-0.8268428564092103,False,False,True,1.0
-1.2986300960039572,1.354475678514388,1.2914512119452566,0.7014929578372823,0.15594987300474816,0.0,1.0,1.0,0.12015475978360962,-1.617515938574659,True,False,False,1.0
-1.5480405404001363,-0.62771358548029,-0.5516345465983006,-1.16106301716228,0.5056832747231058,1.0,0.0,0.0,-0.38245312136977816,-0.35367604452662765,True,False,False,1.0
-0.8829460220103252,-0.415637408906999,-1.6574860017244348,-0.6954240234123894,-0.19378352871360946,0.0,0.0,0.0,-0.2623969878149203,0.30401551534502314,True,False,False,1.0
-0.38412513321796693,-1.5471120100565448,-0.7359431224526563,-1.16106301716228,1.205150078159821,1.0,0.0,0.0,-1.4426098261508107,0.4936945859036184,True,False,True,1.0
-1.5480405404001363,0.9098386946760684,-1.6574860017244348,-0.46260452653744416,-1.2429837338686824,0.0,1.0,1.0,1.669692822529783,-1.600678484847537,False,True,False,1.0
0.6135166443667497,-1.5459070317805603,-0.5516345465983006,-1.3938825140372253,0.5056832747231058,1.0,0.0,0.0,-1.170957388361429,1.0830054663528768,True,False,True,1.0
-0.9660828368090516,-0.5301103451255368,-1.1045602741613676,-0.46260452653744416,-0.19378352871360946,1.0,0.0,0.0,0.03977819579349304,-1.5900262182038478,True,False,True,1.0
-0.6335355776141461,1.4388241578333107,-0.3673259707439448,0.7014929578372823,1.205150078159821,1.0,1.0,0.0,2.265903790861535,0.5222151707883347,False,False,False,1.0
1.2786111627565606,-0.599999085132644,-1.1045602741613676,-0.2297850296624989,-1.59271713558704,1.0,0.0,0.0,-0.4455334627291103,0.04904835890575196,True,False,True,1.0
1.4448847923540136,-0.025224447487986624,-1.1045602741613676,1.399951448462118,0.5056832747231058,0.0,0.0,1.0,-0.7314298485673733,-0.1650278384819378,False,True,False,1.0
-0.6335355776141461,-0.9048585889567494,-0.1830173948895891,-1.16106301716228,-0.8932503321503247,1.0,1.0,0.0,-0.8545382567041344,-0.49078102487604713,True,False,False,1.0
-1.714314169997589,-1.2988864852037159,-0.7359431224526563,1.1671319515871728,-1.2429837338686824,1.0,1.0,0.0,-0.9094791991783913,-1.2787051350044145,True,False,False,1.0
-0.2178515036205142,1.4749735061128486,1.4757597877996123,-0.46260452653744416,1.5548834798781788,1.0,1.0,0.0,0.05605699356364326,0.2754949304603069,True,False,False,1.0
-0.2178515036205142,-1.1783886576052551,-1.2888688500157235,1.399951448462118,-0.5435169304319671,0.0,0.0,1.0,-0.7639874441076737,1.0170301374629305,False,False,True,1.0
-1.714314169997589,-0.13367249232660106,0.9228340602365452,0.23585396408739168,0.15594987300474816,1.0,0.0,1.0,0.32872685621365927,1.1084334576958772,False,False,False,1.0
0.7797902739642024,0.5350904508448557,0.9228340602365452,-0.9282435202873347,1.205150078159821,0.0,1.0,0.0,1.2698448523004684,-0.25471305119170834,True,False,True,1.0
-0.30098831841924056,1.3846001354140032,0.7385254843821895,-1.6267020109121706,1.205150078159821,1.0,1.0,1.0,0.19442677460992,0.03255452668326553,False,True,True,1.0
-1.3817669108026835,-0.25658027647703113,-1.4731774258700792,-1.3938825140372253,-1.59271713558704,1.0,1.0,0.0,0.372476125220938,1.2719972939022017,True,False,True,1.0
1.52802160715274,-0.7012172603153509,-1.1045602741613676,-0.9282435202873347,1.205150078159821,1.0,1.0,1.0,-1.031570182454518,-0.4529826593661821,True,False,False,1.0
1.1123375331591079,1.288201873335235,-0.5516345465983006,-0.9282435202873347,0.5056832747231058,1.0,1.0,0.0,1.5852465590971285,0.07447635024875211,False,False,True,1.0
-0.46726194801669335,-1.3494955727950695,1.6600683636539681,0.468673460962337,1.205150078159821,0.0,1.0,0.0,-1.2899960970556525,-0.9636042152539945,False,False,False,1.0
1.6111584219514663,1.1869836981525281,-0.7359431224526563,0.468673460962337,1.5548834798781788,1.0,1.0,0.0,1.1487712938849761,1.0709787136906472,True,False,True,1.0
-0.9660828368090516,-1.5880812714400214,-0.5516345465983006,-0.6954240234123894,1.5548834798781788,1.0,0.0,0.0,-1.2299680302782237,-0.553663760224277,True,False,False,1.0
-1.5480405404001363,1.288201873335235,-0.3673259707439448,1.1671319515871728,1.205150078159821,1.0,1.0,1.0,0.32262230704985273,-1.6845221319785102,False,False,True,1.0
-1.3817669108026835,0.33867899185936456,1.2914512119452566,1.399951448462118,-0.8932503321503247,0.0,0.0,0.0,0.15067750560264134,0.6909333295641864,True,False,True,1.0
-1.5480405404001363,0.24830562116051907,-1.4731774258700792,-0.46260452653744416,0.5056832747231058,1.0,1.0,0.0,-0.3519303755507466,1.017373758967566,True,False,False,1.0
1.2786111627565606,-1.4350490303899766,1.107142636090901,1.6327709453370634,0.8554166764414635,1.0,1.0,1.0,-1.105842197280828,-0.8065691876357373,True,False,True,1.0
1.0292007183603815,-0.9373930024083339,0.18559975681912233,1.399951448462118,0.5056832747231058,0.0,1.0,0.0,-0.7792488170171896,-0.09527267304100512,False,False,True,1.0
0.4472430147692969,0.6097991039559011,1.4757597877996123,-1.6267020109121706,1.205150078159821,1.0,0.0,0.0,0.475236036145011,-0.32790443167899247,True,False,False,1.0
1.52802160715274,-0.04329912162775555,-1.2888688500157235,-1.16106301716228,0.5056832747231058,0.0,1.0,0.0,-0.7477086463375235,0.28374184657154994,True,False,True,1.0
1.3617479775552872,0.14588246770182775,-0.9202516983070119,1.6327709453370634,0.15594987300474816,0.0,0.0,0.0,-0.7446563717556204,-0.7752996307139398,True,False,True,1.0
0.03155894077566496,-0.15777205784629333,-0.3673259707439448,0.003034467212446404,-0.5435169304319671,1.0,0.0,1.0,-0.47300393396623874,1.3087647948981616,False,True,False,1.0
0.11469575557439135,1.0905854360737595,1.2914512119452566,-1.6267020109121706,-0.19378352871360946,0.0,1.0,1.0,1.0846735276650097,0.3047027583542932,True,False,True,1.0
-0.38412513321796693,-1.5386771621246527,-0.5516345465983006,-1.6267020109121706,1.205150078159821,1.0,0.0,0.0,-1.3703726610457692,-1.2154787781515493,True,False,True,1.0
1.1954743479578342,-0.11198288335887817,1.107142636090901,0.7014929578372823,-1.59271713558704,0.0,1.0,1.0,-0.1555673774483097,-0.5595053258030743,True,False,False,1.0
-0.9660828368090516,1.0194917177906677,0.7385254843821895,-0.46260452653744416,0.15594987300474816,0.0,0.0,0.0,0.6888952568782326,-0.4924991323992227,True,False,True,1.0
1.1954743479578342,-1.283221767615916,0.7385254843821895,1.399951448462118,-0.8932503321503247,1.0,0.0,1.0,-1.1780793623858699,-0.329278917697533,True,False,False,1.0
-1.3817669108026835,1.4231594402455106,0.18559975681912233,1.1671319515871728,-0.8932503321503247,0.0,0.0,0.0,0.6888952568782326,1.2541289756611749,True,False,True,1.0
0.11469575557439135,1.367730439550219,0.36990833267347806,1.1671319515871728,1.205150078159821,1.0,1.0,1.0,1.027697735469484,-0.08290229887414023,True,False,False,1.0
-0.051577874023061424,0.1217829021821357,-1.1045602741613676,-0.9282435202873347,0.5056832747231058,0.0,1.0,0.0,0.6787210082718886,0.4256575279858613,True,False,True,1.0
1.52802160715274,-1.5724165538522215,1.2914512119452566,0.003034467212446404,0.15594987300474816,0.0,0.0,0.0,-1.345954464390544,0.1895895543015228,True,False,False,1.0
1.52802160715274,-0.24935040682112342,-0.3673259707439448,1.1671319515871728,-0.19378352871360946,0.0,1.0,0.0,-0.06501656485184908,1.5688862739069596,True,False,True,1.0
0.8629270887629288,-0.6373534116881666,-0.3673259707439448,-1.16106301716228,1.205150078159821,0.0,1.0,0.0,-0.28172806016697366,-0.6096740654798043,True,False,True,1.0
1.52802160715274,0.2820450128880882,-0.7359431224526563,1.1671319515871728,-0.19378352871360946,0.0,1.0,0.0,0.14762523102073807,-0.5333900914508038,True,False,True,1.0
-1.1323564664065044,-0.05534890438760179,1.6600683636539681,-0.9282435202873347,0.5056832747231058,0.0,0.0,1.0,-0.14742797856323459,-0.6110485514983448,True,False,False,1.0
1.1123375331591079,0.5109908853251633,0.5542169085278338,-0.46260452653744416,-0.5435169304319671,1.0,0.0,0.0,-0.1871075481279756,-1.65771965461697,True,False,True,1.0
1.4448847923540136,-0.3421337340719381,1.4757597877996123,-1.3938825140372253,0.8554166764414635,1.0,0.0,1.0,-0.4862304571544859,0.235978457427266,True,False,True,1.0
-0.5503987628154198,-0.14692725336243187,1.2914512119452566,1.399951448462118,0.5056832747231058,1.0,1.0,0.0,0.354162477729519,-0.8749498670581294,True,False,True,1.0
-0.6335355776141461,0.3579586442751183,-0.1830173948895891,-0.9282435202873347,0.5056832747231058,1.0,1.0,1.0,0.3602670268933252,1.3719911517510268,True,False,True,1.0
0.6135166443667497,0.436282232214118,-0.9202516983070119,-0.6954240234123894,0.15594987300474816,1.0,0.0,0.0,-0.2644318375361891,0.323945562613861,True,False,True,1.0
1.0292007183603815,1.0411813267583905,0.9228340602365452,-0.2297850296624989,1.205150078159821,1.0,0.0,0.0,0.6624422105017385,0.8125753422050249,True,False,True,1.0
0.03155894077566496,-0.6602479989318744,0.5542169085278338,0.9343124547122276,0.8554166764414635,0.0,0.0,1.0,-0.9939254626110456,-1.6597813836447806,True,False,False,1.0
1.6111584219514663,0.3157844046156573,-1.1045602741613676,1.399951448462118,-1.59271713558704,0.0,0.0,1.0,-0.489282731736389,0.32635091314630693,True,False,True,1.0
-0.46726194801669335,-1.2964765286517466,1.4757597877996123,0.7014929578372823,-0.8932503321503247,1.0,1.0,0.0,-1.1211035701903442,-0.808287295158913,True,False,False,1.0
0.7797902739642024,0.1290127718380432,0.9228340602365452,0.7014929578372823,0.8554166764414635,0.0,1.0,1.0,0.1099805111772656,-1.4292113540346043,True,False,False,1.0
0.9460639035616552,-1.5386771621246527,-1.2888688500157235,-1.16106301716228,0.5056832747231058,1.0,0.0,1.0,-1.3612158373000598,-0.41655877987485757,False,True,False,1.0
-0.7998092072115989,0.35916362255110307,0.0012911809647666106,1.6327709453370634,-0.5435169304319671,1.0,1.0,0.0,0.8832234052594008,-1.0251124645836838,False,False,True,1.0
0.6135166443667497,0.29168483909596526,-1.1045602741613676,0.003034467212446404,-0.19378352871360946,1.0,0.0,0.0,-0.3336167280593276,-1.5965550267919155,True,False,True,1.0
-0.6335355776141461,-0.003534838520263521,1.4757597877996123,-0.9282435202873347,-1.2429837338686824,0.0,1.0,1.0,-0.649018434855988,-0.8416185811085212,False,False,False,1.0
0.7797902739642024,1.1508343498729898,0.9228340602365452,1.399951448462118,1.205150078159821,0.0,1.0,1.0,1.6554488744809022,-0.09836526658272146,True,False,False,1.0
1.6942952367501927,0.20131146839711975,0.18559975681912233,0.003034467212446404,0.15594987300474816,1.0,1.0,0.0,-0.4343417892621319,-1.2323162318786711,True,False,False,1.0
1.52802160715274,-0.6108438896165055,-0.7359431224526563,0.468673460962337,-1.2429837338686824,1.0,1.0,0.0,-0.9104966240390258,0.19508749837568487,False,False,False,1.0
-1.049219651607778,0.1880567073612887,-1.1045602741613676,-0.9282435202873347,-0.8932503321503247,0.0,0.0,0.0,0.6787210082718886,0.13976443612942796,False,False,False,1.0
-0.5503987628154198,0.49653114601334836,1.107142636090901,0.468673460962337,1.5548834798781788,0.0,1.0,1.0,0.2910821363701868,-1.0818100128484813,False,True,True,1.0
-0.5503987628154198,-0.14933720991440105,0.0012911809647666106,-0.46260452653744416,1.205150078159821,0.0,0.0,0.0,-0.15963707689084716,-1.2041392684985899,False,False,True,1.0
-0.7998092072115989,-1.4627635307376226,0.9228340602365452,1.1671319515871728,-0.19378352871360946,0.0,1.0,0.0,-1.3866514588159196,-0.44782833679665507,True,False,False,1.0
-1.714314169997589,1.6002912468152481,-1.6574860017244348,0.23585396408739168,1.5548834798781788,0.0,0.0,0.0,0.6268323403795351,1.0754457932509038,True,False,True,1.0
-0.30098831841924056,-1.078375460698533,-1.6574860017244348,0.468673460962337,1.205150078159821,1.0,0.0,1.0,-0.7904404904841679,-1.509618786119226,True,False,True,1.0
1.1954743479578342,-0.7024222385913356,-0.7359431224526563,1.399951448462118,0.8554166764414635,0.0,0.0,1.0,-0.8901481268263379,-0.5921493687434122,False,False,True,1.0
1.6111584219514663,-1.6700197942069748,-0.3673259707439448,-0.2297850296624989,-1.2429837338686824,0.0,0.0,1.0,-1.4649931730847674,-1.3800734788717797,True,False,False,1.0
0.19783257037311774,1.0387713702064214,-1.6574860017244348,0.003034467212446404,0.5056832747231058,0.0,0.0,0.0,1.7490519616592652,-1.320626958569901,True,False,False,1.0
1.1954743479578342,-0.3710532126955687,-0.5516345465983006,-0.9282435202873347,-1.2429837338686824,0.0,1.0,1.0,0.2259669452895859,-0.22516160179308667,True,False,True,1.0
1.1954743479578342,-0.3831029954554147,0.5542169085278338,0.7014929578372823,-1.2429837338686824,1.0,0.0,1.0,-0.32954702861678997,1.4475878827707562,False,False,False,1.0
0.11469575557439135,1.4074947226577108,-1.2888688500157235,-1.3938825140372253,0.8554166764414635,1.0,0.0,0.0,1.1233356723691164,-1.2769870274812387,True,False,True,1.0
0.8629270887629288,-1.047046025522933,0.18559975681912233,1.1671319515871728,-0.8932503321503247,1.0,1.0,0.0,-0.6276525127826658,-0.09011835047147812,False,False,False,1.0
0.11469575557439135,0.9026088250201605,-0.9202516983070119,0.7014929578372823,-0.19378352871360946,1.0,0.0,0.0,1.18438116400718,0.1638179414538876,True,False,True,1.0
-1.2154932812052308,1.634030638542817,1.2914512119452566,0.23585396408739168,0.8554166764414635,1.0,1.0,0.0,2.7786859206212666,-1.194174244864171,True,False,False,1.0
0.2809693851718441,1.3978548964498343,-1.2888688500157235,1.399951448462118,-0.19378352871360946,0.0,0.0,1.0,1.4814692233124211,1.2737154014253778,False,False,False,1.0
-0.30098831841924056,0.10491320631835113,0.18559975681912233,1.399951448462118,-1.59271713558704,0.0,1.0,0.0,0.37756324952410997,1.4548039343680945,False,False,False,1.0
-1.2986300960039572,1.361705548170296,0.5542169085278338,0.9343124547122276,-0.8932503321503247,0.0,1.0,1.0,1.9759377055807343,1.4372792376317023,False,False,True,1.0
-0.1347146888217878,1.3472458088584807,0.9228340602365452,1.399951448462118,0.15594987300474816,0.0,0.0,1.0,0.6197103663550942,-1.3512092724824283,False,False,False,1.0
1.1123375331591079,-1.1904384403651014,-0.7359431224526563,0.003034467212446404,0.15594987300474816,0.0,0.0,0.0,-1.2248809059750518,-0.3069435198962492,True,False,False,1.0
-0.6335355776141461,-1.3374457900352232,-0.7359431224526563,-1.16106301716228,1.205150078159821,1.0,1.0,0.0,-1.1506088911487413,-0.2832336360764248,False,False,True,1.0
-0.46726194801669335,0.10370822804236633,1.6600683636539681,-0.46260452653744416,0.5056832747231058,0.0,0.0,1.0,-0.7151510507972233,-0.846085660668778,True,False,False,1.0
-0.2178515036205142,-0.49155104029402935,0.7385254843821895,0.468673460962337,-1.59271713558704,1.0,1.0,0.0,-0.2888500341914144,1.1792194876507154,True,False,False,1.0
-0.1347146888217878,1.5653468768116943,-0.9202516983070119,-0.9282435202873347,0.5056832747231058,0.0,0.0,1.0,2.5986017202889795,1.5523924416844732,False,True,False,1.0
0.3641061999705705,0.7435516925901928,-0.7359431224526563,0.003034467212446404,-0.5435169304319671,1.0,0.0,1.0,-0.4190804163526162,-0.9529519486103053,True,False,False,1.0
0.4472430147692969,0.99659713054696,-0.7359431224526563,-1.3938825140372253,-1.59271713558704,0.0,1.0,1.0,1.4285631305594328,-1.360487053107577,True,False,True,1.0
-1.5480405404001363,-0.7433914999748121,0.0012911809647666106,-1.16106301716228,-0.19378352871360946,1.0,0.0,0.0,-0.4750387836875075,1.4898533278408783,True,False,False,1.0
-1.3817669108026835,1.6834347478581857,0.5542169085278338,-0.9282435202873347,0.8554166764414635,1.0,0.0,0.0,1.5811768596545912,-0.26536531783539763,True,False,False,1.0
0.6135166443667497,0.745961649142162,1.6600683636539681,0.468673460962337,1.205150078159821,0.0,0.0,0.0,0.8984847781689165,1.2840240465644317,True,False,True,1.0
-0.46726194801669335,-0.03365929541987869,-1.4731774258700792,1.6327709453370634,1.205150078159821,1.0,1.0,0.0,-0.3519303755507466,-0.05884879354968084,False,False,False,1.0
0.11469575557439135,1.2387977640198662,-0.5516345465983006,-0.9282435202873347,1.5548834798781788,0.0,0.0,1.0,0.003150900810654934,-1.0539766709730354,True,False,False,1.0
0.9460639035616552,0.28565994771604214,-1.2888688500157235,-0.9282435202873347,0.5056832747231058,0.0,0.0,0.0,1.143684169581804,1.16684911348385,False,False,False,1.0
1.6111584219514663,-1.2229728538166857,1.4757597877996123,1.399951448462118,-0.8932503321503247,1.0,1.0,1.0,-0.9430542195793262,-0.8522708477522104,False,False,False,1.0
1.6111584219514663,1.33399104782265,-0.3673259707439448,-1.6267020109121706,0.5056832747231058,0.0,0.0,0.0,0.9605476946676145,0.9730465848696336,True,False,False,1.0
0.5303798295680233,-0.0963181657710784,0.7385254843821895,-0.9282435202873347,1.205150078159821,0.0,1.0,0.0,-0.8179109617212964,1.092970489987296,False,False,True,1.0
-0.38412513321796693,0.9315283036437914,1.2914512119452566,0.7014929578372823,0.5056832747231058,1.0,0.0,0.0,1.360395664896929,1.5108142396236215,False,False,False,1.0
-1.2986300960039572,1.0532311095182363,-0.1830173948895891,-0.6954240234123894,0.5056832747231058,1.0,0.0,1.0,-0.16065450175148152,-0.27533034146981655,True,False,True,1.0
-0.1347146888217878,0.45556188462987174,-1.6574860017244348,0.9343124547122276,0.8554166764414635,1.0,0.0,0.0,0.9880181659047429,-0.9368017378924538,False,False,False,1.0
0.11469575557439135,0.1338326849419815,-0.5516345465983006,-1.6267020109121706,0.15594987300474816,1.0,1.0,1.0,0.2849775872063806,1.307046687374986,True,False,True,1.0
0.03155894077566496,-1.2928615938237928,-0.1830173948895891,0.468673460962337,0.15594987300474816,0.0,0.0,0.0,-0.9145663234815633,-1.4244006529697124,True,False,True,1.0
1.1954743479578342,-0.0011248819682943584,0.5542169085278338,-0.46260452653744416,-0.5435169304319671,0.0,1.0,0.0,-0.24611819004477012,-1.3797298573671446,True,False,True,1.0
-0.2178515036205142,0.0012850745836748036,0.9228340602365452,1.1671319515871728,-0.5435169304319671,1.0,0.0,1.0,-0.7263427242642014,-1.098647466575603,True,False,False,1.0
1.52802160715274,-1.1687488313973784,1.6600683636539681,-1.6267020109121706,1.205150078159821,0.0,0.0,0.0,-1.0488664050853025,-0.20145171797326233,True,False,True,1.0
-0.2178515036205142,0.8074155412173767,-1.4731774258700792,0.23585396408739168,0.5056832747231058,1.0,1.0,0.0,0.5942747448392346,0.7063962972727676,True,False,True,1.0
-0.7166723924128725,-1.2145380058847934,0.5542169085278338,-1.16106301716228,0.15594987300474816,1.0,1.0,1.0,-0.9084617743177571,-1.6721517578116454,False,False,False,1.0
-0.46726194801669335,-0.9964369379315795,-0.1830173948895891,0.003034467212446404,-1.59271713558704,1.0,1.0,0.0,-0.4780910582694108,0.30882621640991503,True,False,True,1.0
-1.2154932812052308,-0.5373402147814444,-0.7359431224526563,-0.2297850296624989,-1.2429837338686824,1.0,1.0,1.0,-0.44451603786847593,0.4864785343062803,False,False,False,1.0
-0.051577874023061424,-1.338650768311208,-1.4731774258700792,-0.46260452653744416,0.8554166764414635,1.0,0.0,1.0,-1.2747347241461366,0.014686208442238335,False,False,False,1.0
1.4448847923540136,-0.9699274158599182,-0.3673259707439448,0.003034467212446404,-1.2429837338686824,1.0,1.0,0.0,-0.9542458930463045,-1.1227009719000627,False,False,False,1.0
0.8629270887629288,0.7037874094827006,-0.7359431224526563,0.23585396408739168,1.205150078159821,1.0,1.0,0.0,0.2544548413873489,-0.8316535574741022,False,False,False,1.0
-0.9660828368090516,-1.0964501348383018,-0.1830173948895891,1.6327709453370634,-1.59271713558704,1.0,1.0,0.0,-1.239124854023933,1.501536458998473,False,True,True,1.0
-1.049219651607778,1.0375663919304365,-1.1045602741613676,-1.16106301716228,0.8554166764414635,1.0,0.0,1.0,0.4559049637929578,-1.420620816418726,True,False,True,1.0
-0.6335355776141461,-0.7000122820393664,-0.9202516983070119,1.1671319515871728,0.15594987300474816,1.0,1.0,0.0,-0.1667590509152879,-0.40968634978215496,True,False,True,1.0
-0.7166723924128725,1.1098650884895132,-1.4731774258700792,1.1671319515871728,-0.5435169304319671,0.0,1.0,1.0,0.5851179210935251,-1.655314304084524,False,True,False,1.0
-0.5503987628154198,-0.8891938713689497,-0.3673259707439448,0.468673460962337,-1.2429837338686824,1.0,0.0,0.0,-0.5025092549246359,0.11949076735595504,True,False,False,1.0
-1.3817669108026835,0.24228072978059637,-0.5516345465983006,0.003034467212446404,-0.8932503321503247,0.0,1.0,0.0,0.3175351827466811,-1.6216393966302804,True,False,False,1.0
0.5303798295680233,-0.7674910654945042,-1.1045602741613676,1.6327709453370634,-0.8932503321503247,1.0,1.0,0.0,-0.4923350063182921,1.349999375454378,True,False,True,1.0
1.6942952367501927,-1.5941061628199447,1.4757597877996123,1.6327709453370634,-0.5435169304319671,1.0,0.0,0.0,-1.4212439040774887,1.2300754703367152,True,False,False,1.0
-0.38412513321796693,1.6051111599191865,0.5542169085278338,0.468673460962337,1.5548834798781788,0.0,0.0,0.0,1.1996425369166956,-0.15059573528726228,False,False,False,1.0
0.5303798295680233,-0.10113807887501673,-1.1045602741613676,0.7014929578372823,-0.19378352871360946,1.0,1.0,1.0,-0.8148586871393931,-1.151221556784779,False,False,True,1.0
0.19783257037311774,-0.9385979806843184,-1.1045602741613676,0.23585396408739168,-1.2429837338686824,1.0,0.0,0.0,-0.44451603786847593,-1.6614994911679564,False,False,False,1.0
1.0292007183603815,-1.590491227991991,-1.2888688500157235,-0.9282435202873347,-0.5435169304319671,0.0,0.0,0.0,-1.3744423604883067,-0.1842706427415055,True,False,False,1.0
-0.7166723924128725,-1.5724165538522215,-1.6574860017244348,-1.16106301716228,-0.19378352871360946,1.0,0.0,1.0,-1.4466795255933484,-0.142692440680654,True,False,True,1.0
-0.8829460220103252,-0.2830897985486923,-1.6574860017244348,0.9343124547122276,0.15594987300474816,1.0,1.0,0.0,-0.18202042382480377,0.8393778195665655,False,False,False,1.0
-1.46490372560141,-0.05534890438760179,0.9228340602365452,0.468673460962337,-1.2429837338686824,1.0,1.0,0.0,-0.2888500341914144,0.06485494811896826,False,False,True,1.0
-0.5503987628154198,-1.3410607248631772,-0.9202516983070119,-0.6954240234123894,1.205150078159821,1.0,0.0,0.0,-1.1302603939360536,0.9685795053093765,True,False,False,1.0
-1.714314169997589,-0.3083943423443692,0.7385254843821895,-0.6954240234123894,-0.8932503321503247,1.0,1.0,1.0,-0.698872253027073,-1.6350406353110507,False,False,True,1.0
-0.7998092072115989,0.033819488035259346,0.36990833267347806,-1.6267020109121706,1.5548834798781788,0.0,0.0,0.0,0.29209956123082137,0.7843983788249435,True,False,False,1.0
-1.049219651607778,0.9375531950237144,1.2914512119452566,-0.9282435202873347,0.5056832747231058,0.0,0.0,0.0,1.9108225145001334,1.2716536723975669,False,False,False,1.0
-0.9660828368090516,-1.3555204641749925,1.6600683636539681,1.6327709453370634,-0.8932503321503247,1.0,0.0,0.0,-1.0132565349630989,0.9204724946604577,True,False,False,1.0
-0.7166723924128725,-1.7664180562857432,0.7385254843821895,0.003034467212446404,-1.59271713558704,0.0,0.0,1.0,-1.4548189244784235,0.23769656495044184,True,False,True,1.0
1.1123375331591079,-1.6615849462750827,1.6600683636539681,1.6327709453370634,-0.5435169304319671,1.0,0.0,0.0,-1.495515918903799,1.622834850134676,True,False,True,1.0
-0.38412513321796693,-1.0181265468993026,-1.2888688500157235,-1.3938825140372253,-1.59271713558704,0.0,1.0,1.0,-0.9064269245964881,1.5207792632580406,False,False,False,0.0
-0.051577874023061424,-0.4722713878782756,-0.5516345465983006,-1.16106301716228,-0.19378352871360946,1.0,0.0,1.0,-0.4373940638440352,-0.9697894023374269,True,False,False,1.0
0.8629270887629288,0.8688694332925918,1.2914512119452566,0.468673460962337,-0.8932503321503247,0.0,0.0,0.0,0.354162477729519,-0.6478160524943043,True,False,False,1.0
-1.1323564664065044,0.45917681945782524,-1.6574860017244348,1.399951448462118,-1.59271713558704,1.0,1.0,1.0,-0.03754609361472063,-1.1079252472007517,True,False,True,1.0
-0.9660828368090516,-1.2615321586481931,-0.7359431224526563,-1.6267020109121706,-0.5435169304319671,1.0,1.0,0.0,-1.0977027983957532,0.5713530459511589,False,False,False,1.0
0.03155894077566496,0.6326936911996087,1.107142636090901,-1.16106301716228,-0.19378352871360946,1.0,1.0,0.0,-0.32751217889552126,1.304984958347175,False,False,False,1.0
-0.2178515036205142,0.450741971525933,-1.1045602741613676,0.23585396408739168,0.15594987300474816,1.0,0.0,0.0,0.11811991006234089,-0.15128297829653242,False,True,True,1.0
-0.9660828368090516,-0.7590562175626121,0.9228340602365452,-1.16106301716228,0.15594987300474816,1.0,1.0,0.0,-0.6693669320686757,1.3716475302463915,True,False,True,1.0
1.6111584219514663,-1.7676230345617279,0.36990833267347806,0.003034467212446404,-0.5435169304319671,0.0,1.0,0.0,-1.5128121415345837,0.4624250289818209,True,False,False,1.0
0.7797902739642024,1.538837354740033,1.4757597877996123,-1.3938825140372253,-0.8932503321503247,0.0,0.0,0.0,0.13032900838995365,0.8166988002606462,False,False,False,1.0
1.1954743479578342,0.06876385803881284,-1.4731774258700792,0.468673460962337,0.15594987300474816,1.0,1.0,1.0,-0.7589003198045019,-0.2846081220949654,True,False,False,1.0
-0.2178515036205142,-0.4023826478711684,0.18559975681912233,1.6327709453370634,-0.19378352871360946,1.0,0.0,1.0,0.15169493046327553,-1.5859027601482263,True,False,False,1.0
0.19783257037311774,-0.12282768784273962,0.36990833267347806,-0.6954240234123894,0.5056832747231058,0.0,1.0,1.0,0.3806155241060129,1.1933079693407558,True,False,True,1.0
1.6111584219514663,1.3725503526541574,-1.4731774258700792,0.003034467212446404,0.8554166764414635,0.0,0.0,0.0,2.1733181285438055,-1.0453861333571568,True,False,False,1.0
1.6942952367501927,-1.4434838783218686,1.4757597877996123,0.468673460962337,1.205150078159821,1.0,0.0,0.0,-1.3663029616032316,-0.30419454785916816,False,False,True,1.0
-1.714314169997589,-0.09270323094312445,-1.2888688500157235,1.6327709453370634,0.8554166764414635,1.0,1.0,1.0,0.2442805927810049,-0.7536514759219263,True,False,False,1.0
0.5303798295680233,-0.1939214061258314,0.36990833267347806,-1.6267020109121706,1.5548834798781788,1.0,0.0,1.0,0.3836677986879162,-0.9611988647215486,True,False,False,1.0
-1.2986300960039572,0.47363655876964067,0.0012911809647666106,0.23585396408739168,-0.19378352871360946,1.0,1.0,0.0,0.10896308631663142,-1.0106803613890083,False,False,True,1.0
0.4472430147692969,1.4400291361092952,-0.9202516983070119,-0.46260452653744416,0.8554166764414635,1.0,0.0,1.0,0.8496483848584662,0.3840793259250098,False,False,True,1.0
1.4448847923540136,-0.12162270956675504,-0.5516345465983006,1.399951448462118,-0.8932503321503247,0.0,1.0,0.0,-0.7751791175746522,-0.8972852648594132,True,False,False,1.0
0.6135166443667497,-1.112114852426102,1.4757597877996123,-1.6267020109121706,0.5056832747231058,0.0,1.0,0.0,-0.6449487354134503,-0.4887192958482362,True,False,False,1.0
-1.049219651607778,-0.7433914999748121,0.18559975681912233,-0.9282435202873347,0.8554166764414635,1.0,0.0,1.0,-0.2746060861425331,-1.2278491523184143,False,False,True,1.0
-0.38412513321796693,0.5688298425724245,0.0012911809647666106,-1.6267020109121706,-1.2429837338686824,0.0,0.0,1.0,-0.28071063530633933,0.5875032566690103,False,False,False,1.0
0.4472430147692969,-0.8144852182579039,0.0012911809647666106,1.1671319515871728,0.15594987300474816,0.0,1.0,1.0,-0.851485982122231,-0.14715952024091086,True,False,False,1.0
-0.38412513321796693,1.5026880064604948,-1.6574860017244348,1.6327709453370634,1.205150078159821,1.0,1.0,0.0,2.0980286888568602,1.5166558052024188,False,False,True,1.0
0.9460639035616552,0.4435121018700255,-1.1045602741613676,0.23585396408739168,-0.8932503321503247,1.0,0.0,1.0,0.20968814751943568,-0.6261678977022908,True,False,False,1.0
-0.1347146888217878,1.030336522274529,0.5542169085278338,-0.2297850296624989,-0.5435169304319671,1.0,1.0,1.0,0.38672007326981944,-0.6969539276571288,True,False,False,1.0
-0.30098831841924056,-0.6831425861755818,0.36990833267347806,1.1671319515871728,-0.5435169304319671,0.0,0.0,1.0,-0.8463988578190592,-0.868764679974697,False,False,False,1.0
-1.714314169997589,-0.6168687809964284,0.9228340602365452,0.9343124547122276,1.5548834798781788,0.0,1.0,0.0,-1.031570182454518,-1.4632298829934827,True,False,True,1.0
-1.714314169997589,0.8050055846654075,1.107142636090901,-0.9282435202873347,-0.19378352871360946,1.0,1.0,1.0,1.1650500916551263,-0.36089209612396556,True,False,False,1.0
0.11469575557439135,-1.6302555110994827,-0.7359431224526563,0.003034467212446404,-1.2429837338686824,0.0,1.0,0.0,-1.2879612473343838,0.5407707320386318,True,False,True,1.0
1.1123375331591079,1.3508607436864346,-0.1830173948895891,0.9343124547122276,-1.59271713558704,1.0,1.0,1.0,0.26666393971496166,-0.49559172594093903,True,False,True,1.0
1.1954743479578342,1.0905854360737595,-0.9202516983070119,-1.16106301716228,-0.5435169304319671,0.0,1.0,1.0,0.640058863567782,0.38511019043891526,True,False,True,1.0
-0.051577874023061424,-0.5481850192653059,1.2914512119452566,0.7014929578372823,0.15594987300474816,0.0,1.0,1.0,-0.9847686388653362,1.5791949190460135,True,False,True,1.0
1.4448847923540136,-0.07342357852737072,-0.3673259707439448,-0.46260452653744416,-1.2429837338686824,0.0,0.0,1.0,0.10896308631663142,0.7342296391482138,True,False,False,1.0
0.5303798295680233,-0.6903724558314895,0.7385254843821895,-1.3938825140372253,0.15594987300474816,0.0,1.0,1.0,-0.8087541379755868,0.7043345682449568,True,False,False,1.0
-1.714314169997589,-1.0036668075874873,0.7385254843821895,-0.9282435202873347,-0.8932503321503247,0.0,1.0,1.0,-0.6296873625039344,0.629081458729862,True,False,True,1.0
1.0292007183603815,-1.4049245734903613,-0.3673259707439448,-0.6954240234123894,-0.8932503321503247,0.0,1.0,1.0,-1.37749463507021,0.5211843062744292,True,False,False,1.0
0.03155894077566496,1.0158767829627138,0.36990833267347806,-1.6267020109121706,-0.19378352871360946,1.0,0.0,1.0,0.668546759665545,-0.8340589080065481,True,False,True,1.0
1.0292007183603815,-0.6735027599677049,0.7385254843821895,0.23585396408739168,-1.2429837338686824,1.0,0.0,1.0,-0.5116660786703456,-0.2485278641082759,True,False,False,1.0
0.7797902739642024,-1.3229860507234081,1.4757597877996123,-0.2297850296624989,-0.19378352871360946,1.0,1.0,1.0,-0.9389845201367886,0.8136062067189304,False,False,False,1.0
1.1123375331591079,0.7098123008626237,-0.9202516983070119,0.7014929578372823,-1.59271713558704,1.0,0.0,1.0,0.08759716424330917,-1.6718081363070103,True,False,False,1.0
-1.1323564664065044,1.124324827801328,0.18559975681912233,-0.6954240234123894,-0.5435169304319671,1.0,1.0,0.0,1.5537063884174627,-0.8763243530766699,False,False,False,1.0
-1.2986300960039572,-0.33008395131209206,1.2914512119452566,1.1671319515871728,-1.59271713558704,0.0,0.0,0.0,0.17611312711850105,-1.5467299086198207,True,False,False,1.0
-1.1323564664065044,0.26999523012824195,1.6600683636539681,-1.6267020109121706,0.8554166764414635,1.0,0.0,1.0,0.4772708858662801,1.2434767090174854,True,False,False,1.0
1.2786111627565606,0.019359748723443947,0.18559975681912233,-0.2297850296624989,-0.8932503321503247,1.0,1.0,0.0,0.10489338687409394,-0.2904496876737627,True,False,False,1.0
-1.5480405404001363,0.8327200850130535,-0.1830173948895891,0.468673460962337,-1.2429837338686824,1.0,1.0,0.0,0.1984964740524575,-0.6326967062903583,False,False,False,1.0
-1.5480405404001363,-0.26019521130498485,1.2914512119452566,0.003034467212446404,0.8554166764414635,0.0,0.0,0.0,0.44980041462915127,-1.0137729549307244,False,False,False,1.0
-0.7166723924128725,-1.127779570013902,1.2914512119452566,1.399951448462118,0.15594987300474816,1.0,0.0,0.0,-0.7538131955013299,-1.2525899006521442,False,True,False,1.0
0.8629270887629288,-0.6325334985842284,-0.3673259707439448,1.399951448462118,0.5056832747231058,0.0,1.0,1.0,-0.6093388652912468,-1.0945240085199814,False,True,True,1.0
1.6942952367501927,0.9664726736473448,-1.4731774258700792,-1.16106301716228,-0.19378352871360946,0.0,1.0,0.0,1.4672252752635395,-0.6079559579566285,True,False,False,1.0
0.4472430147692969,0.07358377114275116,-1.1045602741613676,0.23585396408739168,0.15594987300474816,0.0,1.0,0.0,-0.5615198968414304,1.4561784203866348,False,False,True,1.0
0.6135166443667497,-0.42768719166684527,0.36990833267347806,-0.46260452653744416,-0.19378352871360946,1.0,1.0,1.0,-0.32954702861678997,1.3998244936264723,True,False,True,1.0
-1.46490372560141,-0.30357442924043065,1.6600683636539681,0.23585396408739168,0.5056832747231058,1.0,1.0,1.0,0.1242244592261471,-1.5030899775311586,False,True,False,1.0
1.52802160715274,-1.5362672055726834,0.9228340602365452,0.9343124547122276,0.8554166764414635,1.0,0.0,0.0,-1.3215362677353186,-1.688645590034132,False,False,False,1.0
1.1954743479578342,1.4870232888726949,1.107142636090901,-0.6954240234123894,-0.5435169304319671,0.0,0.0,0.0,-0.14030600453879383,0.01777880198395468,True,False,False,1.0
0.19783257037311774,-0.7325466954909507,-0.1830173948895891,0.468673460962337,-0.8932503321503247,0.0,0.0,1.0,-0.971542115677089,-0.1045504536661539,False,False,True,1.0
0.19783257037311774,-0.5650547151290903,-1.2888688500157235,-0.2297850296624989,-0.8932503321503247,0.0,1.0,0.0,-0.5767812697509463,-1.5611620118144964,False,False,True,1.0
-1.2154932812052308,1.6906646175140936,1.4757597877996123,0.7014929578372823,-0.19378352871360946,1.0,0.0,1.0,1.345134291987413,-1.446736050770996,True,False,True,1.0
0.4472430147692969,0.8013906498374536,1.6600683636539681,0.468673460962337,-0.5435169304319671,1.0,0.0,1.0,1.5445495646717533,0.5242768998161456,False,False,False,1.0
0.03155894077566496,0.1410625545978894,-1.6574860017244348,1.1671319515871728,0.15594987300474816,1.0,0.0,1.0,0.9574954200857112,1.4218162699231212,True,False,False,1.0
-1.3817669108026835,-0.8373798055016114,1.6600683636539681,-1.3938825140372253,1.205150078159821,0.0,0.0,1.0,-1.1312778187966879,-0.10867391172177544,True,False,True,1.0
-0.2178515036205142,0.06273896665888973,0.36990833267347806,0.468673460962337,0.5056832747231058,0.0,0.0,1.0,-0.6551229840197942,0.03461625571107618,True,False,False,1.0
-1.2986300960039572,0.6266687998196857,1.107142636090901,1.6327709453370634,-0.8932503321503247,1.0,0.0,1.0,-0.237978791159695,-1.0800919053253057,False,True,True,1.0
-0.30098831841924056,0.2591504256443805,-0.5516345465983006,0.003034467212446404,-0.8932503321503247,0.0,0.0,0.0,0.1974790491918233,0.16347431994925227,True,False,False,1.0
-1.6311773551988626,0.4989411025653175,-1.6574860017244348,0.003034467212446404,-0.19378352871360946,0.0,1.0,1.0,0.8201430639000686,0.9541474021147007,False,False,False,1.0
-1.2154932812052308,-1.3241910289993926,-1.2888688500157235,0.003034467212446404,1.5548834798781788,0.0,0.0,1.0,-0.9074443494571225,0.4713591881023344,True,False,False,1.0
1.1954743479578342,-0.725316825835043,0.9228340602365452,1.399951448462118,0.5056832747231058,0.0,1.0,0.0,-0.7843359413203617,-1.4402072421829284,True,False,True,1.0
0.03155894077566496,-1.13259948311784,1.2914512119452566,-0.9282435202873347,1.205150078159821,0.0,0.0,0.0,-1.165870264058257,-0.679772852425372,True,False,False,1.0
-0.051577874023061424,1.1905986329804816,-1.1045602741613676,-0.46260452653744416,0.15594987300474816,0.0,1.0,0.0,1.2169387595474803,-1.0745939612511435,True,False,False,1.0
-0.7998092072115989,-0.16259197095023165,1.4757597877996123,0.9343124547122276,-1.2429837338686824,0.0,0.0,1.0,-0.6785237558143852,0.7912708089176463,True,False,False,1.0
0.2809693851718441,-0.7819508048063196,-1.6574860017244348,0.7014929578372823,-0.5435169304319671,0.0,1.0,1.0,-0.22576969283208242,0.7259827230369702,False,False,True,1.0
0.11469575557439135,0.3724183835869337,-0.5516345465983006,-1.3938825140372253,0.15594987300474816,1.0,1.0,1.0,0.6339543144039758,1.7087402262934601,True,False,False,1.0
-0.7998092072115989,-0.5216754971936445,-1.1045602741613676,-0.9282435202873347,-0.5435169304319671,0.0,1.0,1.0,-0.6856457298388259,-0.3835711154298844,False,False,True,1.0
0.19783257037311774,0.8230802588051764,0.7385254843821895,-1.16106301716228,-1.2429837338686824,1.0,1.0,1.0,0.27073363915749915,0.28786530462717175,False,False,True,1.0
0.03155894077566496,-0.13608244887857043,1.2914512119452566,-0.46260452653744416,-1.2429837338686824,1.0,1.0,1.0,-0.24917046462667342,-0.2138220921401272,True,False,False,1.0
0.03155894077566496,0.941168129851668,0.36990833267347806,0.468673460962337,1.205150078159821,1.0,0.0,1.0,0.8506658097191003,-1.6848657534831455,True,False,False,1.0
-1.049219651607778,-0.24814542854513882,-0.9202516983070119,0.23585396408739168,0.5056832747231058,0.0,0.0,0.0,-0.6815760303962884,-1.4831599302623204,True,False,True,1.0
0.2809693851718441,0.42905236255821005,0.36990833267347806,0.7014929578372823,1.5548834798781788,0.0,0.0,1.0,0.752993023098199,0.5352727879644698,False,False,False,1.0
0.9460639035616552,-0.5638497368531057,-1.4731774258700792,-0.9282435202873347,1.205150078159821,1.0,1.0,1.0,-0.6103562901518811,-1.567690820402564,False,False,True,1.0
-0.8829460220103252,-0.6963973472114124,-1.2888688500157235,1.6327709453370634,1.205150078159821,0.0,0.0,0.0,-0.1728636000790943,-1.226818287804509,True,False,False,1.0
0.3641061999705705,1.6171609426790328,0.9228340602365452,0.9343124547122276,1.5548834798781788,1.0,0.0,1.0,1.0816212530831064,0.6249580006742402,False,False,False,1.0
-0.38412513321796693,0.9941871739949908,0.18559975681912233,-1.16106301716228,-0.8932503321503247,0.0,1.0,0.0,-0.14539312884196567,-0.91446634009117,False,False,True,1.0
1.6111584219514663,-0.0890882961151707,-0.1830173948895891,-0.6954240234123894,0.8554166764414635,1.0,1.0,1.0,-0.6693669320686757,0.4761698891672263,True,False,True,1.0
-0.7998092072115989,0.8013906498374536,0.7385254843821895,0.7014929578372823,-1.2429837338686824,1.0,0.0,1.0,-0.29698943307648956,-0.8900692132620753,True,False,False,1.0
1.6942952367501927,-1.5519319231604833,-0.7359431224526563,1.6327709453370634,0.5056832747231058,1.0,1.0,0.0,-1.288978672195018,-1.0522585634498598,False,False,True,1.0
-0.051577874023061424,1.4773834626648183,-0.3673259707439448,-0.46260452653744416,-1.2429837338686824,0.0,0.0,1.0,2.044105171243238,-1.6645920847096725,True,False,True,1.0
-0.7998092072115989,-0.29393460303255375,1.2914512119452566,-1.3938825140372253,0.8554166764414635,0.0,1.0,1.0,0.10082368743155612,-0.8254683703906698,False,False,False,1.0
0.3641061999705705,-0.16259197095023165,-0.3673259707439448,-0.46260452653744416,-1.59271713558704,0.0,1.0,0.0,-0.42518496551642243,-1.2714890834070767,False,False,False,1.0
1.1954743479578342,0.6435384956834702,1.107142636090901,-0.46260452653744416,-0.5435169304319671,1.0,1.0,0.0,-0.40992359260690675,-1.3512092724824283,False,True,False,1.0
0.11469575557439135,0.23023094702075014,-0.7359431224526563,-0.6954240234123894,0.8554166764414635,1.0,1.0,1.0,-0.6398616111102785,-0.593867476266588,True,False,False,1.0
1.1123375331591079,0.718247148794516,0.7385254843821895,0.468673460962337,1.205150078159821,0.0,0.0,1.0,-0.11487038302293412,-0.6828654459670883,False,False,True,1.0
0.7797902739642024,-0.8711191972291805,1.2914512119452566,-0.9282435202873347,-0.8932503321503247,0.0,0.0,0.0,-0.465881959941798,1.1015610276031744,True,False,True,1.0
1.6942952367501927,-0.7626711523905658,-0.5516345465983006,1.399951448462118,0.8554166764414635,1.0,1.0,0.0,-1.1170338707478065,-1.1622174449331033,False,False,False,1.0
0.03155894077566496,-0.011969686452155803,0.5542169085278338,-1.6267020109121706,-0.19378352871360946,0.0,0.0,1.0,-0.35600007499328407,0.7486617423428896,True,False,False,1.0
0.2809693851718441,0.585699538436209,0.36990833267347806,1.6327709453370634,1.5548834798781788,1.0,0.0,0.0,-0.27358866128189857,1.4809191687203644,True,False,True,1.0
-1.2154932812052308,-1.4013096386624075,-0.9202516983070119,0.9343124547122276,0.15594987300474816,1.0,0.0,0.0,-1.026483058151346,1.403260708672824,True,False,False,1.0
1.1954743479578342,-0.37225819097155327,-0.7359431224526563,-0.46260452653744416,-0.8932503321503247,0.0,1.0,0.0,-0.7222730248216638,1.0324931051715118,False,True,False,1.0
0.8629270887629288,-1.6194107066156211,-1.6574860017244348,0.9343124547122276,-1.59271713558704,0.0,1.0,1.0,-1.4690628725273047,0.12979941249500904,False,False,True,1.0
1.6942952367501927,0.11816796735418174,1.2914512119452566,-0.9282435202873347,1.205150078159821,0.0,0.0,1.0,0.5118633311278492,0.44558757525469916,True,False,True,1.0
-0.30098831841924056,-1.3302159203793158,1.2914512119452566,0.9343124547122276,-0.5435169304319671,0.0,1.0,0.0,-1.3133968688502435,-0.24646613508046525,False,False,True,1.0
-1.46490372560141,-0.32164910338019975,-0.7359431224526563,0.7014929578372823,0.5056832747231058,1.0,1.0,0.0,-0.7385518225918141,1.4678615515442295,True,False,True,1.0
-1.5480405404001363,1.0219016743426368,-1.4731774258700792,1.1671319515871728,-0.8932503321503247,1.0,0.0,0.0,0.9666522438314207,1.2018985069566341,True,False,False,1.0
1.2786111627565606,0.5134008418771329,1.6600683636539681,-1.3938825140372253,-0.5435169304319671,1.0,0.0,0.0,0.7855506186384995,0.6792501984065917,False,True,False,1.0
0.11469575557439135,-0.777130891702381,1.6600683636539681,-0.2297850296624989,-0.19378352871360946,1.0,1.0,1.0,-0.28783260933078003,1.644826626431325,True,False,False,1.0
0.5303798295680233,0.9170685643319759,-0.5516345465983006,-0.2297850296624989,0.15594987300474816,1.0,0.0,0.0,1.9240490376883799,0.7060526757681324,True,False,True,1.0
1.3617479775552872,-1.7435234690420358,0.36990833267347806,-1.6267020109121706,0.5056832747231058,0.0,0.0,1.0,-1.4588886239209609,1.478857439692554,True,False,False,1.0
0.7797902739642024,1.5653468768116943,-1.4731774258700792,-0.46260452653744416,-0.8932503321503247,0.0,1.0,0.0,1.6391700767107515,0.14766773073603598,False,False,True,1.0
0.3641061999705705,1.5279925502561715,-1.1045602741613676,-0.6954240234123894,0.8554166764414635,0.0,0.0,1.0,-0.15658480230894406,1.170628950034837,False,False,False,1.0
1.3617479775552872,-1.0518659386268716,1.6600683636539681,0.23585396408739168,1.205150078159821,0.0,0.0,1.0,-1.2116543827868047,-0.6880197685366153,True,False,False,1.0
0.6135166443667497,0.23384588184870408,-0.7359431224526563,1.1671319515871728,-0.8932503321503247,1.0,1.0,1.0,-0.027371845008376607,-0.18736323628322185,False,True,False,1.0
-1.2986300960039572,-1.0542758951788407,1.2914512119452566,-1.6267020109121706,-1.2429837338686824,1.0,1.0,1.0,-1.0213959338481742,1.231449956355256,True,False,False,1.0
-1.3817669108026835,0.7556014753500386,1.2914512119452566,1.399951448462118,1.5548834798781788,0.0,0.0,0.0,0.2890472866489181,1.3616825066119722,True,False,True,1.0
-1.714314169997589,-1.6025410107518367,-1.6574860017244348,0.468673460962337,0.5056832747231058,0.0,0.0,1.0,-1.359180987578791,-1.5151167301933883,False,True,False,1.0
-0.051577874023061424,0.3169893828916417,0.36990833267347806,-0.46260452653744416,0.8554166764414635,0.0,0.0,0.0,0.6075012680274815,-1.2013902964615089,False,True,True,1.0
-0.7998092072115989,-0.2541703199250617,0.5542169085278338,-1.3938825140372253,-0.5435169304319671,0.0,1.0,1.0,0.003150900810654934,1.53143152990173,True,False,True,1.0
0.03155894077566496,-1.0566858517308098,1.2914512119452566,0.9343124547122276,0.5056832747231058,0.0,1.0,1.0,-0.6052691658487093,0.25247228964975266,True,False,False,1.0
-1.6311773551988626,1.4014698312777878,-1.2888688500157235,-0.9282435202873347,-0.8932503321503247,0.0,1.0,1.0,1.559810937581269,1.6723163468021356,False,True,True,1.0
1.2786111627565606,0.4543569063538869,0.36990833267347806,1.399951448462118,-0.8932503321503247,0.0,0.0,1.0,-0.18812497298860997,-1.7102937448261455,True,False,True,1.0
-1.3817669108026835,-0.3493636037278458,0.0012911809647666106,-0.6954240234123894,1.5548834798781788,1.0,0.0,0.0,-0.7772139672959208,0.30539000136356365,True,False,True,1.0
-0.7998092072115989,-1.5181925314329143,1.4757597877996123,-0.9282435202873347,1.5548834798781788,1.0,0.0,1.0,-1.345954464390544,-1.3185652295420902,True,False,True,1.0
-0.38412513321796693,-0.01799457783207892,0.5542169085278338,-0.6954240234123894,-0.5435169304319671,0.0,1.0,1.0,-0.7782313921565552,1.148293552233553,True,False,False,1.0
-0.38412513321796693,0.8556146722567612,0.7385254843821895,-1.3938825140372253,-1.2429837338686824,1.0,1.0,0.0,1.5364101657866782,-1.5237072678092667,True,False,False,1.0
1.52802160715274,-0.777130891702381,0.18559975681912233,-0.46260452653744416,0.15594987300474816,1.0,0.0,0.0,-0.35091295069011225,-1.5755941150091723,False,False,True,1.0
-0.7998092072115989,0.9459880429556067,0.36990833267347806,-0.2297850296624989,-0.19378352871360946,1.0,0.0,1.0,0.8384567113914876,-1.6474110094779155,False,True,True,1.0
0.7797902739642024,-1.1615189617414705,-1.4731774258700792,-0.2297850296624989,-0.8932503321503247,1.0,1.0,1.0,-0.8860784273838003,0.4971308009499696,True,False,False,1.0
-0.1347146888217878,-0.3770781040754918,-1.4731774258700792,0.23585396408739168,1.205150078159821,0.0,1.0,1.0,0.1242244592261471,0.03461625571107618,False,True,False,1.0
1.0292007183603815,1.1122750450414822,-0.3673259707439448,0.003034467212446404,0.8554166764414635,1.0,0.0,1.0,0.217827546404511,-0.5519456527011014,True,False,False,1.0
-0.1347146888217878,-1.3760050948667306,-1.1045602741613676,1.6327709453370634,-0.5435169304319671,0.0,0.0,0.0,-1.0651452028554527,-1.182147492201941,True,False,True,1.0
0.3641061999705705,1.3327860695466651,1.4757597877996123,-0.2297850296624989,-0.8932503321503247,1.0,0.0,1.0,-0.025336995287107873,-0.9113737465494538,True,False,False,1.0
0.5303798295680233,-0.6132538461684746,0.9228340602365452,0.468673460962337,0.15594987300474816,1.0,1.0,0.0,-0.940001944997423,0.7696226541256329,False,False,False,1.0
-0.9660828368090516,-0.860274392745319,-1.1045602741613676,-0.6954240234123894,-1.2429837338686824,0.0,0.0,1.0,-0.8993049505720474,-0.8096617811774535,False,True,True,1.0
0.03155894077566496,0.7170421705185311,1.4757597877996123,0.9343124547122276,0.5056832747231058,1.0,0.0,1.0,1.0104015128386994,-0.8247811273813995,True,False,True,1.0
-1.049219651607778,-0.8168951748098731,1.6600683636539681,-1.16106301716228,1.205150078159821,0.0,1.0,1.0,-0.9461064941612294,-1.2494973071104278,True,False,True,1.0
-1.5480405404001363,1.2665122643675122,0.18559975681912233,1.6327709453370634,-0.19378352871360946,0.0,1.0,0.0,1.899630841033155,1.2651248638094994,False,False,True,1.0
1.6111584219514663,-0.2433255154412003,-0.1830173948895891,0.003034467212446404,0.5056832747231058,0.0,0.0,0.0,-0.22271741825017916,0.225669812288212,True,False,False,1.0
-1.46490372560141,-1.773647925941651,0.5542169085278338,1.399951448462118,1.5548834798781788,0.0,0.0,0.0,-1.4802545459942833,1.5486126051334868,True,False,False,1.0
0.8629270887629288,0.6158239953358242,-0.9202516983070119,-0.46260452653744416,-0.8932503321503247,0.0,0.0,1.0,1.4285631305594328,0.5239332783115103,False,False,False,1.0
0.19783257037311774,1.13516963228519,0.18559975681912233,-1.6267020109121706,1.5548834798781788,0.0,1.0,1.0,1.7236163401434055,1.4926022998779593,True,False,True,1.0
1.2786111627565606,1.5761916812955556,0.0012911809647666106,1.1671319515871728,-0.19378352871360946,1.0,0.0,1.0,1.292228199234425,-0.8189395618026021,False,False,True,1.0
-0.7998092072115989,0.5134008418771329,1.107142636090901,-0.9282435202873347,0.8554166764414635,0.0,0.0,1.0,1.4143191825105514,-0.7323469426345478,True,False,False,1.0
-0.9660828368090516,1.3773702657580957,0.0012911809647666106,1.1671319515871728,0.8554166764414635,0.0,1.0,0.0,2.0746279170622697,-0.30178919732672216,True,False,False,1.0
-1.46490372560141,-0.5686696499570443,1.6600683636539681,-1.3938825140372253,-0.19378352871360946,1.0,0.0,1.0,-0.01618017154139839,0.7514107143799706,False,False,False,1.0
-1.3817669108026835,0.3145794263396725,-0.9202516983070119,1.399951448462118,0.5056832747231058,0.0,0.0,1.0,1.1497887187456106,0.1301430339996441,True,False,False,1.0
0.7797902739642024,-1.6856845117947747,-0.3673259707439448,-0.2297850296624989,-1.2429837338686824,1.0,1.0,1.0,-1.5097598669526804,-1.2000158104429683,True,False,False,1.0
-0.8829460220103252,-0.62771358548029,-1.4731774258700792,1.6327709453370634,-0.5435169304319671,1.0,0.0,1.0,-0.7934927650660711,1.367180450686135,False,True,True,1.0
-1.46490372560141,-0.62771358548029,-0.9202516983070119,-0.2297850296624989,0.15594987300474816,1.0,0.0,1.0,-1.0010474366354862,-0.8381823660621698,True,False,True,1.0
-1.714314169997589,0.5278605811889479,-1.2888688500157235,1.399951448462118,1.5548834798781788,0.0,0.0,1.0,1.2871410749312528,-0.503151399042912,False,True,True,1.0
-0.7166723924128725,1.6448754430266783,0.36990833267347806,-0.46260452653744416,1.205150078159821,0.0,1.0,1.0,0.43555646658027014,0.9644560472537552,True,False,True,1.0
-0.7998092072115989,-0.266220102684908,1.107142636090901,1.1671319515871728,-1.2429837338686824,1.0,0.0,0.0,-0.1352188802356218,-1.6477546309825508,True,False,True,1.0
-1.3817669108026835,-1.482043183153376,-1.2888688500157235,1.6327709453370634,0.5056832747231058,1.0,1.0,1.0,-1.0926156740925812,-1.5989603773243615,True,False,False,1.0
0.4472430147692969,-1.182003592433209,0.0012911809647666106,0.9343124547122276,1.205150078159821,0.0,0.0,1.0,-0.7232904496822982,-0.6137975235354258,False,False,True,1.0
1.6942952367501927,0.533885472568871,-0.1830173948895891,1.399951448462118,0.15594987300474816,1.0,1.0,0.0,0.8822059803987663,-0.9436741679851567,True,False,False,1.0
-1.5480405404001363,0.9592428039914374,-0.3673259707439448,0.9343124547122276,0.5056832747231058,0.0,1.0,1.0,1.7917838058059097,1.5712916244394057,True,False,False,1.0
1.1123375331591079,1.0170817612386984,0.0012911809647666106,0.003034467212446404,-1.59271713558704,0.0,1.0,0.0,1.6432397761532889,-1.4408944851921988,False,False,True,1.0
1.0292007183603815,-1.396489725558469,-0.9202516983070119,0.9343124547122276,-0.5435169304319671,0.0,0.0,1.0,-1.0061345609386583,0.946244107508093,True,False,False,1.0
1.3617479775552872,0.39892790565859493,0.5542169085278338,1.399951448462118,-1.2429837338686824,0.0,1.0,0.0,1.1101091491808694,-0.3464599929292898,False,False,False,1.0
0.03155894077566496,-1.310936267963562,-0.1830173948895891,-0.6954240234123894,-1.59271713558704,1.0,1.0,0.0,-1.09465052381385,0.0026594557800085185,False,False,True,1.0
-0.1347146888217878,-1.243457484508424,-0.7359431224526563,-0.6954240234123894,0.15594987300474816,0.0,0.0,0.0,-1.2248809059750518,-0.947110383031508,True,False,False,1.0
-0.5503987628154198,-0.9687224375839337,0.7385254843821895,0.23585396408739168,-1.2429837338686824,0.0,0.0,1.0,-1.2167415070899767,1.3290384636716348,True,False,False,1.0
-1.3817669108026835,-0.599999085132644,-0.1830173948895891,0.003034467212446404,-1.59271713558704,0.0,0.0,1.0,-0.898287525711413,1.3273203561484586,True,False,False,1.0
-0.051577874023061424,-0.8964237410248571,-0.5516345465983006,-0.46260452653744416,0.8554166764414635,1.0,1.0,0.0,-0.5421888244893771,1.6908719080524328,False,False,False,1.0
-0.7166723924128725,0.9556278691634833,-0.3673259707439448,0.003034467212446404,0.5056832747231058,0.0,0.0,1.0,0.08149261507950296,0.8988243398684438,True,False,True,1.0
-1.2986300960039572,0.7543964970740542,0.5542169085278338,0.23585396408739168,-0.8932503321503247,1.0,0.0,1.0,-0.21457801936510404,0.5517666201869563,True,False,True,1.0
1.2786111627565606,1.3412209174785574,-0.9202516983070119,1.6327709453370634,1.5548834798781788,0.0,1.0,1.0,1.518096518295259,-0.6234189256652097,False,False,True,1.0
1.2786111627565606,1.468948614732926,1.6600683636539681,1.6327709453370634,-1.2429837338686824,0.0,0.0,1.0,1.433650254862605,-1.4381455131551177,False,False,False,1.0
0.696653459165476,-0.3156242120002767,0.36990833267347806,-0.9282435202873347,-1.59271713558704,0.0,0.0,1.0,0.04283047037539595,-0.4498900658244657,True,False,True,1.0
1.2786111627565606,-0.3071893640683846,1.4757597877996123,-1.16106301716228,0.5056832747231058,0.0,0.0,1.0,-0.20643862048002912,-1.378011749843969,False,False,False,1.0
0.11469575557439135,0.7290919532783774,1.107142636090901,-0.2297850296624989,1.205150078159821,0.0,0.0,1.0,1.5811768596545912,1.6077155039307303,True,False,True,1.0
0.5303798295680233,-1.203693201400932,-1.6574860017244348,0.468673460962337,1.5548834798781788,1.0,0.0,1.0,-0.7975624645086086,-1.6594377621401455,True,False,True,1.0
-1.3817669108026835,-1.243457484508424,1.2914512119452566,-0.6954240234123894,0.15594987300474816,0.0,0.0,0.0,-1.0824414254862373,-0.9625733507400891,False,False,False,1.0
-0.38412513321796693,0.6712529960311162,1.107142636090901,-0.46260452653744416,0.15594987300474816,0.0,1.0,1.0,0.5423860769468806,1.0187482449861067,True,False,False,1.0
0.2809693851718441,0.6097991039559011,1.4757597877996123,1.6327709453370634,0.15594987300474816,1.0,0.0,0.0,0.8984847781689165,0.45349086986130743,True,False,True,1.0
1.6942952367501927,-0.42768719166684527,0.0012911809647666106,-1.6267020109121706,-0.19378352871360946,0.0,1.0,1.0,-0.6510532845772568,1.5585776287679054,True,False,False,1.0
1.6942952367501927,1.6328256602668325,1.6600683636539681,0.7014929578372823,0.15594987300474816,0.0,1.0,0.0,0.865927182628616,-1.0745939612511435,False,False,False,1.0
-1.049219651607778,-0.7915906310141965,1.107142636090901,0.23585396408739168,0.8554166764414635,1.0,1.0,1.0,-0.43535921412276646,0.4359661731249153,True,False,True,1.0
-0.2178515036205142,-1.6182057283396367,-1.4731774258700792,0.23585396408739168,-0.5435169304319671,0.0,0.0,0.0,-1.345954464390544,-0.6540012395777368,True,False,True,1.0
1.0292007183603815,-1.0446360689709637,1.107142636090901,0.7014929578372823,-0.5435169304319671,0.0,1.0,0.0,-0.562537321702065,0.037708849252792526,True,False,False,1.0
-0.8829460220103252,1.4291843316254338,1.107142636090901,-0.46260452653744416,0.5056832747231058,0.0,1.0,1.0,1.2403395313420713,0.14113892214796847,True,False,False,1.0
-0.5503987628154198,-1.2350226365765318,0.0012911809647666106,-0.2297850296624989,1.205150078159821,1.0,1.0,0.0,-1.102789922698925,-0.9368017378924538,False,False,False,1.0
-0.7166723924128725,1.5135328109443562,-0.1830173948895891,-1.16106301716228,1.205150078159821,0.0,1.0,0.0,0.22189724584704845,-1.3601434316029417,True,False,False,1.0
0.2809693851718441,-0.9072685455087186,0.5542169085278338,-1.6267020109121706,1.5548834798781788,0.0,1.0,1.0,-0.8962526759901442,0.31535502499798257,True,False,False,1.0
-1.3817669108026835,1.1267347843532978,-0.9202516983070119,-1.3938825140372253,1.5548834798781788,1.0,1.0,1.0,0.828282462785144,-1.547417151629091,True,False,True,1.0
-1.46490372560141,-1.7049641642105284,1.2914512119452566,-1.6267020109121706,-0.5435169304319671,1.0,0.0,1.0,-1.4792371211336488,-1.62026491061174,True,False,False,1.0
-0.7166723924128725,1.1279397626292822,-0.3673259707439448,-1.6267020109121706,0.15594987300474816,0.0,1.0,1.0,0.2870124369276494,-1.1828347352112116,True,False,True,1.0
0.9460639035616552,-0.2156110150935543,0.5542169085278338,0.23585396408739168,-0.8932503321503247,0.0,0.0,1.0,-0.8209632363031996,-0.3553941520498033,False,False,True,1.0
-1.2154932812052308,-1.5447020535045757,0.7385254843821895,-0.2297850296624989,0.8554166764414635,1.0,0.0,1.0,-1.1699399635007948,-0.2938859027201139,True,False,False,1.0
0.6135166443667497,1.2580774164356199,-0.1830173948895891,-0.6954240234123894,-1.2429837338686824,0.0,1.0,0.0,1.2871410749312528,-1.2257874232906036,True,False,False,1.0
0.2809693851718441,1.33399104782265,1.2914512119452566,0.468673460962337,-0.19378352871360946,1.0,0.0,0.0,1.983059679605175,-0.10901753322641076,False,True,False,1.0
-0.7998092072115989,-0.32285408165618434,-0.9202516983070119,-1.6267020109121706,-1.2429837338686824,0.0,0.0,1.0,-0.3631220490177248,-1.3903821240108338,True,False,True,1.0
1.4448847923540136,0.1711870114975046,-0.5516345465983006,-0.9282435202873347,0.5056832747231058,0.0,1.0,1.0,-0.5910252177998279,1.5317751514063649,True,False,False,1.0
-0.1347146888217878,0.6073891474039319,-0.3673259707439448,0.468673460962337,-0.8932503321503247,1.0,0.0,1.0,0.4019814461793351,-0.6997028996942098,True,False,False,1.0
-1.6311773551988626,-1.567596640748283,0.7385254843821895,0.003034467212446404,1.205150078159821,1.0,0.0,1.0,-1.3835991842340163,-0.4368324486483307,True,False,True,1.0
0.4472430147692969,1.208673307120251,1.107142636090901,1.6327709453370634,-0.19378352871360946,1.0,0.0,1.0,0.794707442384209,1.423190755941662,True,False,False,1.0
0.696653459165476,0.3459088615152725,1.4757597877996123,0.468673460962337,-0.5435169304319671,0.0,0.0,0.0,0.7774112197534245,-1.174244197595333,False,False,False,1.0
1.6942952367501927,0.9737025433032522,-1.2888688500157235,-0.46260452653744416,-0.8932503321503247,1.0,1.0,0.0,0.05605699356364326,-0.8605177638634537,False,False,True,1.0
-0.9660828368090516,-1.2205628972647165,-0.5516345465983006,-1.16106301716228,1.5548834798781788,1.0,0.0,0.0,-1.285926397613115,-0.5546946247381824,True,False,False,1.0
1.3617479775552872,1.358090613342342,-0.9202516983070119,-1.3938825140372253,0.8554166764414635,1.0,0.0,0.0,2.236398469903137,0.3095134594191852,True,False,False,1.0
1.52802160715274,1.2062633505682818,0.7385254843821895,-0.2297850296624989,1.5548834798781788,0.0,1.0,1.0,-0.0843476372039024,0.11949076735595504,True,False,False,1.0
-1.049219651607778,0.3157844046156573,-1.4731774258700792,1.1671319515871728,1.205150078159821,0.0,1.0,0.0,0.22189724584704845,-1.651190846028902,True,False,False,1.0
1.1123375331591079,0.714632213966562,-0.3673259707439448,-0.6954240234123894,-0.8932503321503247,1.0,0.0,1.0,1.6493443253170954,-1.0515713204405894,True,False,True,1.0
0.2809693851718441,0.8471798243248689,-1.2888688500157235,0.9343124547122276,0.5056832747231058,1.0,0.0,0.0,0.9493560212006359,1.1094643222097826,False,False,True,1.0
-1.2154932812052308,0.8748943246725149,-1.1045602741613676,-1.16106301716228,0.8554166764414635,0.0,1.0,1.0,0.1527123553239101,-0.06434673762384291,True,False,True,1.0
1.3617479775552872,-1.0603007865587637,-0.9202516983070119,-1.6267020109121706,-1.2429837338686824,0.0,0.0,0.0,-0.6225653884794939,-0.9237441207163187,True,False,True,1.0
-0.7166723924128725,-0.04088916507578639,0.18559975681912233,-0.9282435202873347,0.15594987300474816,1.0,0.0,0.0,0.7163657281153611,0.9496803225544441,False,True,False,1.0
0.5303798295680233,1.5761916812955556,0.7385254843821895,1.399951448462118,-0.19378352871360946,1.0,0.0,1.0,1.18438116400718,1.4139129753165134,True,False,False,1.0
-0.1347146888217878,0.9773174781312063,0.7385254843821895,-1.3938825140372253,-0.8932503321503247,0.0,0.0,1.0,0.11710248520170634,1.06513714811185,True,False,True,1.0
1.6942952367501927,0.8760993029484992,-1.1045602741613676,0.9343124547122276,1.205150078159821,0.0,0.0,1.0,1.1518235684668794,1.0994992985753635,False,False,True,1.0
-1.6311773551988626,-0.0686036654234324,-1.6574860017244348,1.1671319515871728,-0.19378352871360946,1.0,0.0,1.0,-0.35091295069011225,-0.735439536176264,True,False,False,1.0
-0.2178515036205142,1.0929953926257285,-0.7359431224526563,0.23585396408739168,-1.59271713558704,0.0,1.0,0.0,-0.030424119590279887,-0.011085404405396883,True,False,False,1.0
-0.5503987628154198,-0.031249338867909527,-0.5516345465983006,0.23585396408739168,0.5056832747231058,1.0,1.0,0.0,0.17916540170040396,-0.49524810443630374,False,False,False,1.0
0.2809693851718441,-0.7000122820393664,-0.3673259707439448,1.399951448462118,-0.19378352871360946,0.0,0.0,1.0,-0.3682091733208968,-1.4010343906545228,False,True,True,1.0
-1.2986300960039572,-0.8687092406772113,0.9228340602365452,0.003034467212446404,-0.5435169304319671,0.0,1.0,1.0,-0.4516380118929165,-1.4292113540346043,False,False,False,1.0
-1.3817669108026835,0.773676149489808,-1.4731774258700792,1.1671319515871728,0.8554166764414635,0.0,1.0,1.0,0.5210201548735587,-0.2756739629744516,False,False,True,1.0
0.9460639035616552,1.0146718046867294,0.7385254843821895,-1.6267020109121706,0.15594987300474816,1.0,1.0,0.0,1.8182368521824037,-0.49834069797802005,False,False,True,1.0
0.696653459165476,1.4918432019766332,-1.6574860017244348,-0.9282435202873347,-0.8932503321503247,0.0,1.0,0.0,2.3147401841719852,-0.7649909855748858,True,False,True,1.0
-1.3817669108026835,0.04586927079510516,-0.9202516983070119,0.003034467212446404,-1.59271713558704,1.0,1.0,0.0,0.5261072791767304,-0.45332628087081717,True,False,False,1.0
0.4472430147692969,0.7977757150095001,-0.7359431224526563,-0.9282435202873347,0.8554166764414635,0.0,0.0,0.0,1.0266803106088496,-0.7182584609445072,True,False,True,1.0
0.2809693851718441,0.6543833001673317,1.107142636090901,1.1671319515871728,1.205150078159821,1.0,1.0,0.0,1.1782766148433732,-1.2330034748879413,False,False,False,1.0
1.52802160715274,-0.11318786163486276,1.6600683636539681,-1.3938825140372253,0.5056832747231058,1.0,0.0,0.0,0.14559038129946933,-0.34542912841538437,True,False,False,1.0
-0.2178515036205142,0.20010649012113496,-1.2888688500157235,0.23585396408739168,-1.59271713558704,0.0,1.0,1.0,0.5790133719297189,-0.5014332915197361,True,False,False,1.0
0.5303798295680233,-0.6421733247921052,0.0012911809647666106,-0.9282435202873347,-1.59271713558704,1.0,0.0,1.0,-1.0356398818970556,0.7620629810236599,True,False,False,1.0
1.1954743479578342,-0.8277399792937346,-0.1830173948895891,-1.3938825140372253,0.5056832747231058,0.0,1.0,1.0,-0.8911655516869723,1.6637258091862572,False,True,True,1.0
1.52802160715274,1.3833951571380187,-1.6574860017244348,-0.9282435202873347,-0.8932503321503247,1.0,1.0,0.0,1.5577760878600002,0.6259888651881457,True,False,True,1.0
-0.46726194801669335,0.6784828656870238,0.18559975681912233,1.1671319515871728,1.5548834798781788,1.0,0.0,1.0,1.6432397761532889,0.4892275063433613,True,False,True,1.0
0.03155894077566496,1.260487372987589,-0.3673259707439448,-0.2297850296624989,0.8554166764414635,1.0,1.0,0.0,-0.006005922935054546,0.3198221045582394,True,False,True,1.0
-1.46490372560141,-0.9193183282685649,-1.6574860017244348,0.23585396408739168,0.5056832747231058,1.0,1.0,1.0,-1.1780793623858699,0.5727275319696997,False,False,False,1.0
-0.2178515036205142,-1.6194107066156211,1.4757597877996123,0.7014929578372823,0.8554166764414635,0.0,1.0,1.0,-1.4131045051924136,-0.778048602751021,True,False,False,1.0
1.4448847923540136,0.24830562116051907,0.18559975681912233,-1.6267020109121706,1.5548834798781788,0.0,0.0,1.0,0.4548875389323233,0.86377494639566,True,False,False,1.0
0.4472430147692969,-0.9193183282685649,1.107142636090901,1.399951448462118,-0.5435169304319671,1.0,0.0,0.0,-0.4455334627291103,0.7668736820885519,True,False,True,1.0
-0.6335355776141461,-0.49516597512198307,-1.4731774258700792,-1.6267020109121706,0.15594987300474816,1.0,0.0,0.0,-0.7650048689683081,-1.2635857888004685,True,False,False,1.0
0.03155894077566496,1.3279661564427268,-0.1830173948895891,0.7014929578372823,1.205150078159821,1.0,0.0,1.0,0.7204354275578986,-0.9701330238420621,True,False,True,1.0
-0.7166723924128725,0.696557539826793,-1.1045602741613676,-1.16106301716228,-0.5435169304319671,1.0,0.0,1.0,-0.2440833403235014,-0.06812657417482938,False,False,True,1.0
-0.46726194801669335,1.5496821592238945,1.6600683636539681,0.468673460962337,0.5056832747231058,1.0,0.0,0.0,2.713570729540666,1.0568902320006068,False,False,True,1.0
1.0292007183603815,-0.30357442924043065,-0.7359431224526563,1.399951448462118,-1.59271713558704,0.0,0.0,0.0,-0.002953648353151446,1.2960507992266614,True,False,True,1.0
-0.9660828368090516,1.3737553309301418,-0.3673259707439448,-1.16106301716228,0.5056832747231058,0.0,1.0,1.0,0.28599501206701483,-1.6614994911679564,False,False,False,1.0
-1.5480405404001363,1.7003044437219703,-1.1045602741613676,0.9343124547122276,0.8554166764414635,1.0,1.0,1.0,1.18438116400718,-1.307569341393766,True,False,False,1.0
-0.9660828368090516,1.6557202475105397,-1.1045602741613676,-1.16106301716228,1.5548834798781788,0.0,0.0,0.0,1.6055950563098167,0.7579395229680381,True,False,True,1.0
1.52802160715274,0.843564889496915,-0.3673259707439448,-1.6267020109121706,-0.8932503321503247,0.0,0.0,1.0,1.0083666631174306,-0.2959476317479248,False,True,False,1.0
-1.714314169997589,0.1217829021821357,0.36990833267347806,0.468673460962337,0.15594987300474816,0.0,0.0,0.0,0.598344444281772,-0.8216885338396833,True,False,True,1.0
0.4472430147692969,0.450741971525933,0.5542169085278338,1.399951448462118,0.15594987300474816,0.0,1.0,1.0,-0.22983939227461989,-0.13788173961576208,False,False,False,1.0
0.19783257037311774,1.315916373682881,-1.2888688500157235,1.1671319515871728,-1.2429837338686824,0.0,1.0,0.0,1.1101091491808694,-0.0780915978092483,True,False,True,1.0
0.4472430147692969,-1.2820167893399312,0.18559975681912233,1.399951448462118,0.8554166764414635,0.0,0.0,0.0,-1.2401422788845675,-1.371139319751266,True,False,False,1.0
-0.46726194801669335,0.7977757150095001,-0.7359431224526563,0.003034467212446404,1.205150078159821,1.0,1.0,0.0,1.2250781584325552,-0.4821904872601687,False,False,True,1.0
-0.5503987628154198,1.2303629160879739,-1.4731774258700792,1.1671319515871728,1.205150078159821,1.0,0.0,0.0,0.1527123553239101,0.936622705378309,False,False,False,1.0
0.9460639035616552,1.6195708992310018,0.36990833267347806,-0.46260452653744416,-0.5435169304319671,1.0,0.0,0.0,1.7449822622167277,-1.2756125414626982,False,False,True,1.0
1.6111584219514663,0.7628313450059461,-1.1045602741613676,-0.6954240234123894,-0.5435169304319671,1.0,0.0,0.0,1.455016176935927,0.9139436860723897,True,False,False,1.0
0.5303798295680233,0.5459352553287172,0.9228340602365452,0.7014929578372823,-0.5435169304319671,0.0,1.0,0.0,1.4316154051413361,1.3080775518888914,True,False,True,1.0
0.9460639035616552,-1.5338572490207143,-0.5516345465983006,-0.2297850296624989,-0.19378352871360946,1.0,1.0,1.0,-1.3103445942683403,-0.9292420647904809,True,False,False,1.0
-1.2154932812052308,-0.7843607613582888,-1.1045602741613676,0.7014929578372823,-1.59271713558704,0.0,0.0,1.0,-1.068197477437356,-1.3470858144268067,True,False,True,1.0
-1.714314169997589,1.4436440709372491,1.107142636090901,0.003034467212446404,-0.8932503321503247,1.0,0.0,0.0,1.6880064700212019,1.5867545921479869,True,False,True,1.0
0.11469575557439135,-0.47829627925819873,0.7385254843821895,-0.6954240234123894,-1.2429837338686824,1.0,1.0,0.0,-0.7334646982886422,1.181624838183161,False,False,False,1.0
-0.5503987628154198,-1.549521966608514,-0.1830173948895891,0.003034467212446404,1.205150078159821,1.0,0.0,1.0,-1.3235711174565874,1.5688862739069596,True,False,False,1.0
1.6111584219514663,1.0713057836580058,0.0012911809647666106,0.9343124547122276,1.5548834798781788,0.0,1.0,1.0,1.1772591899827392,0.15385291781946867,True,False,False,1.0
0.9460639035616552,1.5304025068081408,1.4757597877996123,0.003034467212446404,-1.59271713558704,0.0,0.0,0.0,2.0919241396930546,-1.0189272775002514,True,False,False,1.0
1.6111584219514663,-0.8072553486019962,-1.2888688500157235,0.23585396408739168,-1.2429837338686824,0.0,1.0,0.0,-0.5686418708658713,-0.9883449635877243,True,False,False,1.0
-0.1347146888217878,1.1881886764285123,-0.7359431224526563,-1.3938825140372253,0.5056832747231058,0.0,1.0,1.0,0.13338128297185656,-1.6755879728579968,True,False,True,1.0
0.3641061999705705,0.9303233253678065,-0.1830173948895891,0.9343124547122276,1.205150078159821,1.0,0.0,1.0,-0.049755191942333216,0.5545155922240375,True,False,False,1.0
1.3617479775552872,1.124324827801328,1.6600683636539681,0.003034467212446404,-0.8932503321503247,0.0,1.0,1.0,0.3958768970155289,1.0627317975794042,False,False,False,1.0
0.8629270887629288,-0.3541835168317841,-0.1830173948895891,-1.6267020109121706,1.5548834798781788,1.0,0.0,1.0,-0.38652282081231576,0.4101945602772801,False,False,False,1.0
0.3641061999705705,1.606316138195171,0.7385254843821895,1.399951448462118,1.5548834798781788,1.0,1.0,0.0,1.8752126443779296,-0.5629415408494258,True,False,True,1.0
0.5303798295680233,-1.2687620283041006,0.0012911809647666106,0.23585396408739168,0.15594987300474816,1.0,0.0,0.0,-0.8779390284987253,-1.365984997181739,True,False,True,1.0
0.696653459165476,-1.460353574185653,0.36990833267347806,0.7014929578372823,-0.19378352871360946,0.0,0.0,0.0,-1.3978431322828977,-0.9687585378235215,False,True,True,1.0
1.6111584219514663,-0.5204705189176599,0.0012911809647666106,1.399951448462118,-0.19378352871360946,1.0,1.0,1.0,-0.6805586055356538,-0.622044439646669,False,True,False,1.0
-0.2178515036205142,1.4327992664533877,-1.6574860017244348,-0.6954240234123894,-0.19378352871360946,0.0,1.0,1.0,2.2984613864018346,0.6435135619245378,True,False,False,1.0
1.0292007183603815,0.1711870114975046,0.36990833267347806,0.468673460962337,0.5056832747231058,1.0,0.0,1.0,-0.4038190434431004,1.5273080718461083,False,False,False,1.0
0.9460639035616552,0.9182735426079607,1.2914512119452566,-0.9282435202873347,-1.2429837338686824,0.0,0.0,0.0,-0.0639991399912147,0.7232337509998892,True,False,True,1.0
0.8629270887629288,1.636440595094786,-1.4731774258700792,-1.6267020109121706,0.5056832747231058,1.0,1.0,0.0,1.1874334385890828,1.27990058850881,True,False,False,1.0
1.0292007183603815,0.098888314938428,-0.3673259707439448,-0.6954240234123894,-1.59271713558704,0.0,1.0,0.0,0.5963095945605034,-0.5021205345290065,True,False,False,1.0
1.3617479775552872,0.7037874094827006,-0.1830173948895891,-0.9282435202873347,-0.5435169304319671,1.0,0.0,0.0,1.0358371343545592,-0.3419929133690332,False,True,True,1.0
1.6111584219514663,1.152039328148974,-1.1045602741613676,1.6327709453370634,-1.2429837338686824,0.0,0.0,1.0,0.6258149155189004,0.19371301235714436,True,False,True,1.0
-1.1323564664065044,0.44712703669797943,1.4757597877996123,0.003034467212446404,0.8554166764414635,0.0,1.0,0.0,0.2483502922235427,1.3372853797828779,True,False,False,1.0
1.1954743479578342,0.5001460808413019,0.9228340602365452,0.7014929578372823,1.5548834798781788,1.0,1.0,0.0,0.7774112197534245,1.7087402262934601,True,False,True,1.0
-0.8829460220103252,-0.2517603633730926,-0.3673259707439448,0.7014929578372823,-0.5435169304319671,0.0,1.0,0.0,-0.21050831992256658,0.3713653302535099,False,False,True,1.0
-1.1323564664065044,1.385805113689988,-0.7359431224526563,0.468673460962337,-0.5435169304319671,0.0,1.0,0.0,0.9320597985698515,0.5225587922929695,True,False,True,1.0
0.2809693851718441,1.4761784843888335,-1.6574860017244348,-1.6267020109121706,-1.2429837338686824,0.0,0.0,0.0,1.4000752344616698,-1.2350652039157521,False,False,True,1.0
1.1954743479578342,-0.6566330641039204,0.36990833267347806,0.7014929578372823,0.5056832747231058,1.0,1.0,1.0,-0.14132342939942819,0.5469559191220644,True,False,False,1.0
-1.714314169997589,-1.259122202096224,1.6600683636539681,-0.9282435202873347,-0.19378352871360946,1.0,0.0,0.0,-1.2554036517940832,-0.5423242505713175,False,False,False,1.0
-0.8829460220103252,0.44712703669797943,-0.5516345465983006,1.1671319515871728,-1.2429837338686824,1.0,1.0,0.0,-0.6032343161274404,1.358246291565621,False,False,True,1.0
-1.049219651607778,0.34831881806724163,0.18559975681912233,0.7014929578372823,0.15594987300474816,1.0,0.0,1.0,-0.055859741106139595,0.2277315413160229,True,False,False,1.0
-0.2178515036205142,0.9953921522709755,0.9228340602365452,0.468673460962337,0.8554166764414635,1.0,1.0,0.0,1.6473094755958264,0.43527893011564517,True,False,True,1.0
1.4448847923540136,-1.6929143814506824,-0.3673259707439448,0.7014929578372823,1.5548834798781788,0.0,1.0,1.0,-1.3530764384149847,1.3372853797828779,True,False,False,1.0
-0.38412513321796693,-1.4073345300423306,-0.3673259707439448,0.003034467212446404,-1.59271713558704,0.0,0.0,0.0,-1.3083097445470717,1.489509706336243,True,False,False,1.0
-1.3817669108026835,-1.104884982770194,1.4757597877996123,1.1671319515871728,-1.59271713558704,1.0,0.0,1.0,-0.7548306203619642,1.5286825578646486,True,False,False,1.0
1.52802160715274,0.49532616773736354,-0.1830173948895891,0.9343124547122276,0.5056832747231058,1.0,1.0,1.0,0.4813405853088175,-1.5718142784581857,True,False,True,1.0
-1.2154932812052308,0.8050055846654075,1.4757597877996123,-1.6267020109121706,0.5056832747231058,1.0,0.0,1.0,1.651379175038364,-0.4004085691570062,False,False,True,1.0
-0.46726194801669335,0.2663802953002884,-1.2888688500157235,1.399951448462118,-1.59271713558704,0.0,1.0,1.0,0.3958768970155289,-0.39216165304576284,True,False,True,1.0
1.1123375331591079,-1.0313813079351333,0.9228340602365452,-0.46260452653744416,-1.2429837338686824,0.0,0.0,0.0,-1.1618005646157197,1.3730220162649318,False,False,True,1.0
-0.46726194801669335,-0.7891806744622273,1.2914512119452566,-0.6954240234123894,-1.2429837338686824,1.0,0.0,1.0,-0.9990125869142175,-0.8289045854370212,False,False,False,1.0
-1.1323564664065044,1.2894068516112194,1.4757597877996123,0.7014929578372823,-0.19378352871360946,0.0,0.0,0.0,2.311687909590082,0.24319450902460388,False,False,True,1.0
-0.8829460220103252,-0.32887897303610747,0.5542169085278338,-1.6267020109121706,0.8554166764414635,0.0,1.0,0.0,-0.48724788201512026,1.4073841667284452,True,False,True,1.0
-0.051577874023061424,-1.3748001165907462,-0.9202516983070119,-0.46260452653744416,0.15594987300474816,0.0,1.0,1.0,-1.0071519857992925,-0.27911017802080307,False,False,False,1.0
-0.30098831841924056,-1.0313813079351333,0.18559975681912233,-0.2297850296624989,-0.5435169304319671,0.0,1.0,0.0,-0.5167532029735175,-0.7859518973576292,True,False,True,1.0
0.03155894077566496,0.04586927079510516,0.18559975681912233,0.9343124547122276,1.205150078159821,1.0,1.0,1.0,0.6075012680274815,-0.6179209815910475,False,True,True,1.0
-1.5480405404001363,0.7929558019055613,-1.4731774258700792,-0.6954240234123894,-0.8932503321503247,1.0,0.0,0.0,1.1467364441637073,0.06966564918386019,True,False,True,1.0
0.7797902739642024,0.9375531950237144,1.107142636090901,-1.16106301716228,0.15594987300474816,1.0,0.0,0.0,1.4987654459432058,-0.45092093033837116,True,False,True,1.0
0.8629270887629288,-0.3674382778676149,0.0012911809647666106,-1.6267020109121706,-0.19378352871360946,1.0,0.0,1.0,-0.20236892103749146,0.35865133458200965,True,False,False,1.0
1.6942952367501927,-1.7242438166262821,-1.4731774258700792,0.003034467212446404,-1.59271713558704,0.0,1.0,0.0,-1.395808282561629,-0.1901122083203029,True,False,False,1.0
1.3617479775552872,0.12298788045812006,-0.1830173948895891,-1.6267020109121706,-1.2429837338686824,1.0,0.0,0.0,0.1781479768397698,-1.6779933233904427,True,False,False,1.0
1.1123375331591079,0.15311233735773522,0.9228340602365452,-1.3938825140372253,-0.19378352871360946,1.0,1.0,0.0,-0.630704787364569,1.5627010868235274,True,False,False,1.0
1.4448847923540136,0.6616131698232391,1.4757597877996123,0.23585396408739168,-1.2429837338686824,1.0,1.0,1.0,0.9300249488485828,-0.198359124431546,False,False,False,1.0
0.7797902739642024,1.4725635495608795,-0.9202516983070119,-1.6267020109121706,1.205150078159821,0.0,1.0,0.0,0.9422340471761952,-0.7491843963616696,True,False,False,1.0
1.2786111627565606,-1.3049113765836389,-0.9202516983070119,0.23585396408739168,0.8554166764414635,0.0,1.0,1.0,-1.0926156740925812,0.0731018642302116,False,False,True,1.0
-0.7998092072115989,-0.03245431714389411,-1.1045602741613676,-1.3938825140372253,-1.2429837338686824,1.0,0.0,1.0,0.14355553157820058,-1.3082565844030363,True,False,True,1.0
-1.714314169997589,0.49653114601334836,1.4757597877996123,0.9343124547122276,0.8554166764414635,1.0,0.0,0.0,-0.44248118814720705,0.39438797106406404,True,False,False,1.0
1.2786111627565606,1.511122854392387,1.6600683636539681,-0.2297850296624989,-1.59271713558704,1.0,0.0,0.0,0.10692823659536267,1.3338491647365267,True,False,False,1.0
-0.051577874023061424,0.6206439084397626,1.107142636090901,-1.16106301716228,1.5548834798781788,1.0,0.0,0.0,-0.2898674590520488,1.408071409737716,True,False,False,1.0
-0.9660828368090516,-1.565186684196314,0.9228340602365452,0.23585396408739168,-1.2429837338686824,0.0,0.0,0.0,-1.241159703745202,1.1125569157514985,False,False,False,1.0
0.3641061999705705,0.42905236255821005,-1.2888688500157235,0.9343124547122276,-1.2429837338686824,0.0,0.0,1.0,-0.4485857373110134,-0.40075219066164125,True,False,True,1.0
-1.3817669108026835,1.3773702657580957,1.4757597877996123,1.1671319515871728,0.15594987300474816,1.0,0.0,1.0,0.27785561318193985,1.3345364077457968,True,False,True,1.0
0.11469575557439135,-0.4698614313263065,0.7385254843821895,1.6327709453370634,-1.59271713558704,1.0,1.0,0.0,-0.7009071027483418,1.4245652419602022,True,False,False,1.0
-1.049219651607778,1.4773834626648183,-1.2888688500157235,0.468673460962337,0.15594987300474816,1.0,0.0,0.0,1.9128573642214017,0.11674179531887376,False,False,True,1.0
-0.30098831841924056,1.143604480217082,-1.1045602741613676,-0.2297850296624989,-1.59271713558704,1.0,1.0,1.0,0.5159330305703868,0.660007394147024,False,False,True,1.0
0.19783257037311774,-1.2808118110639468,1.107142636090901,1.1671319515871728,-0.5435169304319671,0.0,1.0,0.0,-0.9501761936037668,0.4703283235884289,True,False,False,1.0
1.4448847923540136,-1.4687884221175453,0.9228340602365452,-1.3938825140372253,1.205150078159821,1.0,0.0,0.0,-1.280839273309943,-0.03960598929011313,False,False,False,1.0
-0.38412513321796693,0.9255034122638682,0.18559975681912233,-0.6954240234123894,-0.8932503321503247,0.0,0.0,0.0,0.6980520806239422,-0.866359329442251,False,False,False,1.0
0.3641061999705705,-0.4722713878782756,0.7385254843821895,-0.6954240234123894,-0.8932503321503247,0.0,1.0,0.0,-0.41399329204944424,0.8596514883400382,False,False,True,1.0
0.11469575557439135,0.11334805425024341,-0.9202516983070119,1.399951448462118,-0.5435169304319671,1.0,0.0,0.0,0.07538806591569641,-1.703764936238078,True,False,True,1.0
-0.051577874023061424,1.2773570688513736,-0.1830173948895891,1.1671319515871728,-0.19378352871360946,1.0,0.0,0.0,0.23715861875656413,0.18855868978761736,True,False,False,1.0
0.11469575557439135,-1.6374853807553904,-0.7359431224526563,1.399951448462118,1.5548834798781788,1.0,0.0,0.0,-1.3235711174565874,-1.328186631671874,False,False,True,1.0
1.4448847923540136,0.9604477822674217,0.5542169085278338,-1.6267020109121706,0.15594987300474816,0.0,1.0,1.0,1.811114878157963,-1.2965734532454414,True,False,False,1.0
-1.6311773551988626,-0.6313285203082437,1.107142636090901,-1.6267020109121706,-1.59271713558704,1.0,1.0,0.0,-0.756865470083233,0.462768650486456,False,False,False,1.0
0.7797902739642024,0.6567932567193008,-0.7359431224526563,-1.3938825140372253,-0.5435169304319671,0.0,0.0,0.0,1.0470288078215373,-0.6811473384439125,True,False,False,1.0
-1.1323564664065044,1.1291447409052668,1.6600683636539681,0.23585396408739168,0.8554166764414635,1.0,1.0,0.0,1.0012446890929898,-1.1092997332192924,False,True,False,1.0
-1.2154932812052308,1.0881754795217902,0.0012911809647666106,0.7014929578372823,-0.8932503321503247,0.0,0.0,1.0,1.881317193541736,0.8627440818817546,True,False,True,1.0
0.7797902739642024,-0.3433387123479227,1.2914512119452566,0.468673460962337,0.5056832747231058,1.0,0.0,1.0,-0.8341897594914467,0.7328551531296731,True,False,True,1.0
-1.3817669108026835,-0.22525084130143114,-1.1045602741613676,0.468673460962337,1.5548834798781788,0.0,0.0,1.0,-0.12199235704737486,-1.706170286770524,True,False,True,1.0
0.19783257037311774,-0.27465495061680006,1.107142636090901,0.468673460962337,0.8554166764414635,0.0,1.0,0.0,0.28396016234574606,1.3166680895047698,True,False,True,1.0
1.52802160715274,0.7821109974216999,-0.5516345465983006,-0.9282435202873347,-1.2429837338686824,1.0,1.0,1.0,-0.12606205648991234,-1.156032257849671,True,False,False,1.0
-0.46726194801669335,0.5700348208484093,-1.1045602741613676,-0.6954240234123894,-1.2429837338686824,0.0,0.0,1.0,0.16492145365152283,0.5036596095380371,True,False,True,1.0
0.6135166443667497,0.24830562116051907,-1.6574860017244348,-1.3938825140372253,0.5056832747231058,0.0,1.0,1.0,-0.40483646830373476,-1.5312669409112396,True,False,True,1.0
-0.7166723924128725,-0.8361748272256269,0.36990833267347806,-0.9282435202873347,-0.8932503321503247,1.0,0.0,1.0,-1.1312778187966879,-1.136789453590103,True,False,False,1.0
-0.46726194801669335,0.09045346700653573,0.18559975681912233,0.9343124547122276,-1.2429837338686824,1.0,0.0,0.0,-0.3682091733208968,0.6088077899563888,False,False,True,1.0
0.7797902739642024,-1.5989260759238828,-1.1045602741613676,-1.3938825140372253,0.8554166764414635,1.0,1.0,0.0,-1.3530764384149847,1.4304068075389995,False,False,False,1.0
-0.46726194801669335,1.4074947226577108,0.5542169085278338,0.9343124547122276,1.205150078159821,1.0,1.0,1.0,0.7021217800664796,-0.6814909599485476,False,False,True,1.0
-1.5480405404001363,0.44471708014601025,0.9228340602365452,-0.9282435202873347,-0.5435169304319671,1.0,0.0,1.0,-0.284780334748877,-1.0041515528009406,True,False,True,1.0
-0.7998092072115989,-1.1627239400174554,0.0012911809647666106,-1.3938825140372253,1.5548834798781788,1.0,0.0,0.0,-1.1953755850166543,-1.134040481553022,True,False,False,1.0
0.7797902739642024,-0.5578248454731828,1.4757597877996123,-0.46260452653744416,-1.59271713558704,0.0,0.0,0.0,-0.5981471918242686,1.095032219015107,False,True,True,1.0
1.0292007183603815,-0.16620690577818562,-0.9202516983070119,-1.3938825140372253,0.15594987300474816,1.0,1.0,1.0,-0.7202381751003951,-1.0869643354180085,False,False,False,1.0
0.696653459165476,-0.42648221339086045,-0.5516345465983006,0.23585396408739168,-1.59271713558704,0.0,0.0,1.0,0.1099805111772656,-0.22962868135334352,True,False,True,1.0
1.2786111627565606,-0.3204441251042152,0.9228340602365452,0.003034467212446404,0.15594987300474816,0.0,1.0,0.0,-0.5065789543671736,-0.4443921217503037,True,False,True,1.0
1.1954743479578342,1.2195181116041125,0.5542169085278338,1.1671319515871728,0.8554166764414635,0.0,1.0,1.0,1.0470288078215373,-1.2292236383369548,True,False,True,1.0
0.03155894077566496,1.3954449398978646,-0.5516345465983006,-0.6954240234123894,0.15594987300474816,1.0,0.0,1.0,2.4938069596436376,1.4853862482806217,True,False,True,1.0
1.3617479775552872,-1.6700197942069748,0.9228340602365452,-0.46260452653744416,-0.5435169304319671,1.0,0.0,1.0,-1.4995856183463365,-0.7893881124039804,True,False,True,1.0
-0.6335355776141461,0.4627917542857792,1.107142636090901,-1.6267020109121706,-1.59271713558704,0.0,1.0,0.0,1.1223182475084823,-1.1646227954655493,True,False,False,1.0
-0.30098831841924056,0.8592296070847147,0.7385254843821895,1.1671319515871728,-1.59271713558704,1.0,0.0,0.0,1.8640209709109514,-1.2525899006521442,False,True,False,1.0
-1.714314169997589,-0.29031966820460003,-0.1830173948895891,-0.2297850296624989,-0.8932503321503247,1.0,0.0,1.0,-0.5218403272766894,1.690528286547798,False,False,True,1.0
-1.1323564664065044,-0.39394779993927614,-1.6574860017244348,0.468673460962337,0.8554166764414635,0.0,0.0,1.0,-0.47300393396623874,-1.2415940125038196,True,False,False,1.0
0.4472430147692969,-0.9024486324047802,0.7385254843821895,0.7014929578372823,-0.8932503321503247,0.0,1.0,1.0,-0.5238751769979582,0.9984745762126335,False,True,False,1.0
1.3617479775552872,0.6423335174074855,0.5542169085278338,-1.6267020109121706,0.5056832747231058,0.0,0.0,0.0,1.1477538690243418,-1.4405508636875637,False,False,True,1.0
-0.46726194801669335,8.009630769022258e-05,-0.1830173948895891,0.9343124547122276,0.5056832747231058,1.0,1.0,0.0,0.27073363915749915,0.5146554976863618,True,False,False,1.0
1.52802160715274,-1.6905044248987129,0.18559975681912233,1.399951448462118,-1.59271713558704,1.0,0.0,0.0,-1.4283658781019295,-1.3034458833381444,True,False,False,1.0
0.8629270887629288,-0.20597118888567764,1.107142636090901,-1.16106301716228,0.8554166764414635,1.0,0.0,0.0,0.522037579734193,-0.04476031185964013,True,False,False,1.0
0.6135166443667497,-0.17102681888212393,0.7385254843821895,1.1671319515871728,-1.59271713558704,0.0,0.0,1.0,-0.3692265981815312,-0.457793360431074,False,False,False,1.0
1.6111584219514663,-0.9530577199961338,-1.6574860017244348,0.7014929578372823,0.15594987300474816,0.0,0.0,1.0,-0.6693669320686757,-1.5106496506331315,False,False,True,1.0
-0.8829460220103252,-0.8144852182579039,0.18559975681912233,0.9343124547122276,0.8554166764414635,1.0,0.0,0.0,-0.9857860637259703,1.3156372249908643,False,False,True,1.0
-1.1323564664065044,1.3219412650628037,0.7385254843821895,1.6327709453370634,-1.2429837338686824,0.0,1.0,1.0,1.774487583175125,0.8744272130393493,True,False,True,1.0
1.2786111627565606,0.35193375289519563,0.18559975681912233,0.468673460962337,1.205150078159821,0.0,0.0,1.0,-0.2746060861425331,0.33116161421119883,False,True,True,1.0
-0.30098831841924056,-1.666404859379021,-0.7359431224526563,-0.46260452653744416,0.8554166764414635,0.0,0.0,0.0,-1.380546909652113,-0.553663760224277,True,False,False,1.0
-1.1323564664065044,0.44471708014601025,0.7385254843821895,-0.9282435202873347,0.8554166764414635,0.0,1.0,0.0,-0.6062865907093437,-1.4024088766730636,False,True,False,1.0
0.9460639035616552,-0.5036008230538753,0.36990833267347806,0.468673460962337,-0.5435169304319671,0.0,0.0,1.0,-0.4750387836875075,-1.1907380298178196,True,False,False,1.0
0.8629270887629288,-0.9373930024083339,-0.9202516983070119,-0.2297850296624989,-0.8932503321503247,0.0,1.0,1.0,-0.5615198968414304,-1.3082565844030363,True,False,True,1.0
-1.049219651607778,-0.3746681475235224,-1.6574860017244348,1.6327709453370634,-0.19378352871360946,1.0,0.0,0.0,0.0438478952360305,-0.4086554852682495,False,False,True,1.0
-0.38412513321796693,0.561599972916517,0.18559975681912233,0.7014929578372823,0.8554166764414635,0.0,0.0,1.0,-0.12402720676864361,0.3442192313873341,False,False,False,1.0
-0.051577874023061424,-0.6036140199605977,1.4757597877996123,0.23585396408739168,1.5548834798781788,0.0,1.0,0.0,-0.26748411211809237,1.4187236763814053,False,False,True,1.0
-0.6335355776141461,-0.9590826113760568,-1.2888688500157235,0.7014929578372823,-1.2429837338686824,0.0,1.0,0.0,-0.7843359413203617,-1.0323285161810218,False,False,False,1.0
0.19783257037311774,-0.26742508096089257,0.36990833267347806,-0.9282435202873347,-0.5435169304319671,1.0,0.0,0.0,-0.3987319191399284,1.4826372762435407,False,False,False,1.0
0.4472430147692969,1.4147245923136185,-0.3673259707439448,-1.16106301716228,-0.8932503321503247,1.0,1.0,0.0,0.5057587819640427,-1.461511775470307,True,False,False,1.0
1.3617479775552872,0.6230538649917321,0.7385254843821895,0.23585396408739168,1.5548834798781788,0.0,0.0,1.0,1.4092320582073798,0.3229146980999555,True,False,False,1.0
-0.46726194801669335,0.8929689988122839,1.107142636090901,-0.46260452653744416,1.5548834798781788,0.0,1.0,1.0,0.9941227150685491,-0.8581124133310076,True,False,False,1.0
-1.46490372560141,0.035024466311243715,0.0012911809647666106,0.7014929578372823,-0.5435169304319671,1.0,1.0,1.0,0.6227626409369975,0.3287562636787529,False,False,True,1.0
0.6135166443667497,-0.23971058061324654,0.7385254843821895,0.23585396408739168,0.8554166764414635,1.0,1.0,0.0,-0.28783260933078003,1.2957071777220261,False,False,True,1.0
0.8629270887629288,0.5881094949881782,-0.3673259707439448,-0.6954240234123894,-1.59271713558704,0.0,0.0,0.0,1.397022959879767,-0.8457420391641428,True,False,True,1.0
0.11469575557439135,-0.9398029589603031,-0.7359431224526563,-0.6954240234123894,0.8554166764414635,1.0,0.0,1.0,-0.7375343977311797,-0.8756371100673996,False,False,True,1.0
1.6111584219514663,0.5001460808413019,1.107142636090901,1.1671319515871728,0.5056832747231058,0.0,1.0,0.0,1.2108342103836738,1.070291470681377,False,False,False,1.0
1.4448847923540136,0.8845341508803916,-0.5516345465983006,-0.46260452653744416,1.5548834798781788,0.0,1.0,0.0,-0.3437909766656715,0.6916205725734565,False,False,False,1.0
0.3641061999705705,1.54847718094791,0.36990833267347806,-0.9282435202873347,-0.19378352871360946,0.0,1.0,1.0,0.5444209266681497,-0.642318108420142,True,False,True,1.0
1.3617479775552872,1.3279661564427268,-1.1045602741613676,0.7014929578372823,1.205150078159821,1.0,0.0,1.0,2.1946840506171275,1.5403656890222432,True,False,True,1.0
0.7797902739642024,-1.512167640052991,-1.6574860017244348,0.7014929578372823,1.205150078159821,1.0,0.0,0.0,-1.199445284459192,-0.3701698767491141,True,False,True,1.0
0.19783257037311774,0.5603949946405322,-0.3673259707439448,-0.46260452653744416,0.5056832747231058,1.0,0.0,0.0,0.17102600281532904,-0.9453922755083323,True,False,True,1.0
-0.46726194801669335,1.4436440709372491,1.4757597877996123,-1.6267020109121706,0.15594987300474816,1.0,0.0,0.0,0.616658091773191,1.1431392296640257,True,False,False,1.0
1.2786111627565606,-1.047046025522933,1.107142636090901,-1.16106301716228,-1.59271713558704,0.0,1.0,0.0,-1.05293610452784,-0.4608859539727901,False,False,True,1.0
-1.2986300960039572,-0.7229068692830738,-0.3673259707439448,1.6327709453370634,1.205150078159821,0.0,1.0,1.0,-0.9440716444399604,-0.4839085947833443,False,True,True,1.0
1.2786111627565606,1.2412077205718353,0.0012911809647666106,-0.2297850296624989,0.8554166764414635,1.0,1.0,1.0,0.6644770602230075,1.1506989027659986,True,False,False,1.0
-0.8829460220103252,-0.6927824123834587,-0.7359431224526563,0.23585396408739168,0.15594987300474816,0.0,0.0,1.0,-0.10367870955595573,0.35693322705883407,False,False,False,1.0
-0.8829460220103252,-0.16982184060613933,1.2914512119452566,1.1671319515871728,0.5056832747231058,1.0,0.0,1.0,0.12524188408678164,-1.4068759562333202,True,False,False,1.0
-1.46490372560141,-0.5204705189176599,0.9228340602365452,-0.6954240234123894,0.8554166764414635,0.0,1.0,1.0,-0.6459661602740847,1.6575406221028246,True,False,False,1.0
